<?xml version="1.0" encoding="UTF-8"?>

<CodeSystem xmlns="http://hl7.org/fhir">
  <id value="a-trm-cd"/>
  <text>
    <status value="generated"/><div xmlns="http://www.w3.org/1999/xhtml"><h2>Part A Termination Code</h2><div><p>This code specifies the reason Part A entitlement was terminated. Source: https://bluebutton.cms.gov/resources/variables/a<em>trm</em>cd</p>
</div><p>This code system http://hl7.org/fhir/CodeSystem/a-trm-cd defines the following codes:</p><table class="codes"><tr><td><b>Code</b></td><td><b>Display</b></td><td><b>Definition</b></td></tr><tr><td>0<a name="a-trm-cd-0"> </a></td><td>Not Terminated</td><td>Not Terminated</td></tr><tr><td>1<a name="a-trm-cd-1"> </a></td><td>Dead</td><td>Dead</td></tr><tr><td>2<a name="a-trm-cd-2"> </a></td><td>Non-Payment of Premium</td><td>Non-Payment of Premium</td></tr><tr><td>3<a name="a-trm-cd-3"> </a></td><td>Voluntary Withdrawal</td><td>Voluntary Withdrawal</td></tr><tr><td>9<a name="a-trm-cd-9"> </a></td><td>Other Termination</td><td>Other Termination</td></tr></table></div>
  </text>
  <url value="http://hl7.org/fhir/CodeSystem/a-trm-cd"/>
  <identifier>
    <value value="http://hl7.org/fhir/CodeSystem/a-trm-cd.html"/>
  </identifier>
  <version value="1.1.1"/>
  <name value="Part A Termination Code"/>
  <title value="Part A Termination Code"/>
  <status value="active"/>
  <date value="2018-11-27T15:56:35+00:00"/>
  <publisher value="CMS Blue Button 2.0 Team"/>
  <description value="This code specifies the reason Part A entitlement was terminated. Source: https://bluebutton.cms.gov/resources/variables/a_trm_cd"/>
  <caseSensitive value="true"/>
  <valueSet value="http://hl7.org/fhir/ValueSet/a-trm-cd"/>
  <hierarchyMeaning value="is-a"/>
  <content value="complete"/>
  <concept>
    <code value="0"/>
    <display value="Not Terminated"/>
    <definition value="Not Terminated"/>
  </concept>
  <concept>
    <code value="1"/>
    <display value="Dead"/>
    <definition value="Dead"/>
  </concept>
  <concept>
    <code value="2"/>
    <display value="Non-Payment of Premium"/>
    <definition value="Non-Payment of Premium"/>
  </concept>
  <concept>
    <code value="3"/>
    <display value="Voluntary Withdrawal"/>
    <definition value="Voluntary Withdrawal"/>
  </concept>
  <concept>
    <code value="9"/>
    <display value="Other Termination"/>
    <definition value="Other Termination"/>
  </concept>
</CodeSystem>