<?xml version="1.0" encoding="UTF-8"?>

<CodeSystem xmlns="http://hl7.org/fhir">
  <id value="submsn-clr-cd"/>
  <text>
    <status value="generated"/><div xmlns="http://www.w3.org/1999/xhtml"><h2>Submission clarification code</h2><div><p>For beneficiaries living in long-term care (LTC) facilities, this variable indicates how many days’ supply of the medication was dispensed by the long-term care pharmacy and provides some details about the dispensing event. This variable is only populated when beneficiary lives in an LTC facility (i.e., when the PTNT<em>RSDNC</em>CD variable equals 03). Source: https://bluebutton.cms.gov/resources/variables/submsn<em>clr</em>cd</p>
</div><p>This code system http://hl7.org/fhir/CodeSystem/submsn-clr-cd defines the following codes:</p><table class="codes"><tr><td><b>Code</b></td><td><b>Display</b></td><td><b>Definition</b></td></tr><tr><td>00<a name="submsn-clr-cd-00"> </a></td><td>(Unknown value – rarely populated)</td><td>(Unknown value – rarely populated)</td></tr><tr><td>05<a name="submsn-clr-cd-05"> </a></td><td>Therapy change. Physician determined that a change in therapy was required – either the medication was used faster than expected, or a different dosage form is needed.</td><td>Therapy change. Physician determined that a change in therapy was required – either the medication was used faster than expected, or a different dosage form is needed.</td></tr><tr><td>07<a name="submsn-clr-cd-07"> </a></td><td>Emergency supply of non-formulary drugs (or formulary drugs which typically require step therapy or prior authorization). Medication has been determined by the physician to be medically necessary.</td><td>Emergency supply of non-formulary drugs (or formulary drugs which typically require step therapy or prior authorization). Medication has been determined by the physician to be medically necessary.</td></tr><tr><td>08<a name="submsn-clr-cd-08"> </a></td><td>Process compound for approved ingredients</td><td>Process compound for approved ingredients</td></tr><tr><td>14<a name="submsn-clr-cd-14"> </a></td><td>LTC leave of absence – short fill required for take-home use</td><td>LTC leave of absence – short fill required for take-home use</td></tr><tr><td>16<a name="submsn-clr-cd-16"> </a></td><td>LTC emergency box (e box) /automated dispensing machine</td><td>LTC emergency box (e box) /automated dispensing machine</td></tr><tr><td>17<a name="submsn-clr-cd-17"> </a></td><td>LTC emergency supply remainder (remainder of drug from the emergency supply)</td><td>LTC emergency supply remainder (remainder of drug from the emergency supply)</td></tr><tr><td>18<a name="submsn-clr-cd-18"> </a></td><td>LTC patient admit/readmission indicator. This status required new dispensing of medication.</td><td>LTC patient admit/readmission indicator. This status required new dispensing of medication.</td></tr><tr><td>19<a name="submsn-clr-cd-19"> </a></td><td>Split billing. The quantity dispensed is the remainder billed to a subsequent payer after Medicare Part A benefits expired (partial payment under Part A).</td><td>Split billing. The quantity dispensed is the remainder billed to a subsequent payer after Medicare Part A benefits expired (partial payment under Part A).</td></tr><tr><td>21<a name="submsn-clr-cd-21"> </a></td><td>LTC dispensing rule for &lt;=14 day supply is not applicable due to CMS exclusion or the fact that the manufacturer’s packaging does not allow for special dispensing</td><td>LTC dispensing rule for &lt;=14 day supply is not applicable due to CMS exclusion or the fact that the manufacturer’s packaging does not allow for special dispensing</td></tr><tr><td>22<a name="submsn-clr-cd-22"> </a></td><td>LTC dispensing, 7-day supply</td><td>LTC dispensing, 7-day supply</td></tr><tr><td>23<a name="submsn-clr-cd-23"> </a></td><td>LTC dispensing, 4-day supply</td><td>LTC dispensing, 4-day supply</td></tr><tr><td>24<a name="submsn-clr-cd-24"> </a></td><td>LTC dispensing, 3-day supply</td><td>LTC dispensing, 3-day supply</td></tr><tr><td>25<a name="submsn-clr-cd-25"> </a></td><td>LTC dispensing, 2-day supply</td><td>LTC dispensing, 2-day supply</td></tr><tr><td>26<a name="submsn-clr-cd-26"> </a></td><td>LTC dispensing, 1-day supply</td><td>LTC dispensing, 1-day supply</td></tr><tr><td>27<a name="submsn-clr-cd-27"> </a></td><td>LTC dispensing, 4-day supply, then 3-day supply</td><td>LTC dispensing, 4-day supply, then 3-day supply</td></tr><tr><td>28<a name="submsn-clr-cd-28"> </a></td><td>LTC dispensing, 2-day supply, then 2-day supply, then 3-day supply</td><td>LTC dispensing, 2-day supply, then 2-day supply, then 3-day supply</td></tr><tr><td>29<a name="submsn-clr-cd-29"> </a></td><td>LTC dispensing, daily during the week then multiple days (3) for weekend</td><td>LTC dispensing, daily during the week then multiple days (3) for weekend</td></tr><tr><td>30<a name="submsn-clr-cd-30"> </a></td><td>LTC dispensing, per shift (multiple medication passes)</td><td>LTC dispensing, per shift (multiple medication passes)</td></tr><tr><td>31<a name="submsn-clr-cd-31"> </a></td><td>LTC dispensing, per medication pass</td><td>LTC dispensing, per medication pass</td></tr><tr><td>32<a name="submsn-clr-cd-32"> </a></td><td>LTC dispensing, PRN on demand</td><td>LTC dispensing, PRN on demand</td></tr><tr><td>33<a name="submsn-clr-cd-33"> </a></td><td>LTC dispensing, other &lt;=7 day cycle</td><td>LTC dispensing, other &lt;=7 day cycle</td></tr><tr><td>34<a name="submsn-clr-cd-34"> </a></td><td>LTC dispensing, 14-day supply</td><td>LTC dispensing, 14-day supply</td></tr><tr><td>35<a name="submsn-clr-cd-35"> </a></td><td>LTC dispensing, other 8-14 day dispensing not listed above</td><td>LTC dispensing, other 8-14 day dispensing not listed above</td></tr><tr><td>36<a name="submsn-clr-cd-36"> </a></td><td>LTC dispensing, outside short cycle, determined to be Part D after originally submitted to another payer</td><td>LTC dispensing, outside short cycle, determined to be Part D after originally submitted to another payer</td></tr><tr><td>42<a name="submsn-clr-cd-42"> </a></td><td>The prescriber ID submitted has been validated and is active (rarely populated)</td><td>The prescriber ID submitted has been validated and is active (rarely populated)</td></tr><tr><td>43<a name="submsn-clr-cd-43"> </a></td><td>For the prescriber ID submitted, the associated DEA number has been renewed or the renewal is in progress (rarely populated)</td><td>For the prescriber ID submitted, the associated DEA number has been renewed or the renewal is in progress (rarely populated)</td></tr><tr><td>44<a name="submsn-clr-cd-44"> </a></td><td>(Unknown value – rarely populated)</td><td>(Unknown value – rarely populated)</td></tr><tr><td>45<a name="submsn-clr-cd-45"> </a></td><td>For the prescriber ID submitted, the associated DEA number is a valid hospital DEA number with suffix (rarely populated)</td><td>For the prescriber ID submitted, the associated DEA number is a valid hospital DEA number with suffix (rarely populated)</td></tr><tr><td>Null<a name="submsn-clr-cd-Null"> </a></td><td>Not applicable, beneficiary not in an LTC setting (or in the first two months of 2013, the presumption is there was greater than a 14-day supply)</td><td>Not applicable, beneficiary not in an LTC setting (or in the first two months of 2013, the presumption is there was greater than a 14-day supply)</td></tr></table></div>
  </text>
  <url value="http://hl7.org/fhir/CodeSystem/submsn-clr-cd"/>
  <identifier>
    <value value="http://hl7.org/fhir/CodeSystem/submsn-clr-cd.html"/>
  </identifier>
  <version value="1.1.1"/>
  <name value="Submission clarification code"/>
  <title value="Submission clarification code"/>
  <status value="active"/>
  <date value="2018-11-27T15:56:35+00:00"/>
  <publisher value="CMS Blue Button 2.0 Team"/>
  <description value="For beneficiaries living in long-term care (LTC) facilities, this variable indicates how many days&#x2019; supply of the medication was dispensed by the long-term care pharmacy and provides some details about the dispensing event. This variable is only populated when beneficiary lives in an LTC facility (i.e., when the PTNT_RSDNC_CD variable equals 03). Source: https://bluebutton.cms.gov/resources/variables/submsn_clr_cd"/>
  <caseSensitive value="true"/>
  <valueSet value="http://hl7.org/fhir/ValueSet/submsn-clr-cd"/>
  <hierarchyMeaning value="is-a"/>
  <content value="complete"/>
  <concept>
    <code value="00"/>
    <display value="(Unknown value &#x2013; rarely populated)"/>
    <definition value="(Unknown value &#x2013; rarely populated)"/>
  </concept>
  <concept>
    <code value="05"/>
    <display value="Therapy change. Physician determined that a change in therapy was required &#x2013; either the medication was used faster than expected, or a different dosage form is needed."/>
    <definition value="Therapy change. Physician determined that a change in therapy was required &#x2013; either the medication was used faster than expected, or a different dosage form is needed."/>
  </concept>
  <concept>
    <code value="07"/>
    <display value="Emergency supply of non-formulary drugs (or formulary drugs which typically require step therapy or prior authorization). Medication has been determined by the physician to be medically necessary."/>
    <definition value="Emergency supply of non-formulary drugs (or formulary drugs which typically require step therapy or prior authorization). Medication has been determined by the physician to be medically necessary."/>
  </concept>
  <concept>
    <code value="08"/>
    <display value="Process compound for approved ingredients"/>
    <definition value="Process compound for approved ingredients"/>
  </concept>
  <concept>
    <code value="14"/>
    <display value="LTC leave of absence &#x2013; short fill required for take-home use"/>
    <definition value="LTC leave of absence &#x2013; short fill required for take-home use"/>
  </concept>
  <concept>
    <code value="16"/>
    <display value="LTC emergency box (e box) /automated dispensing machine"/>
    <definition value="LTC emergency box (e box) /automated dispensing machine"/>
  </concept>
  <concept>
    <code value="17"/>
    <display value="LTC emergency supply remainder (remainder of drug from the emergency supply)"/>
    <definition value="LTC emergency supply remainder (remainder of drug from the emergency supply)"/>
  </concept>
  <concept>
    <code value="18"/>
    <display value="LTC patient admit/readmission indicator. This status required new dispensing of medication."/>
    <definition value="LTC patient admit/readmission indicator. This status required new dispensing of medication."/>
  </concept>
  <concept>
    <code value="19"/>
    <display value="Split billing. The quantity dispensed is the remainder billed to a subsequent payer after Medicare Part A benefits expired (partial payment under Part A)."/>
    <definition value="Split billing. The quantity dispensed is the remainder billed to a subsequent payer after Medicare Part A benefits expired (partial payment under Part A)."/>
  </concept>
  <concept>
    <code value="21"/>
    <display value="LTC dispensing rule for &lt;=14 day supply is not applicable due to CMS exclusion or the fact that the manufacturer&#x2019;s packaging does not allow for special dispensing"/>
    <definition value="LTC dispensing rule for &lt;=14 day supply is not applicable due to CMS exclusion or the fact that the manufacturer&#x2019;s packaging does not allow for special dispensing"/>
  </concept>
  <concept>
    <code value="22"/>
    <display value="LTC dispensing, 7-day supply"/>
    <definition value="LTC dispensing, 7-day supply"/>
  </concept>
  <concept>
    <code value="23"/>
    <display value="LTC dispensing, 4-day supply"/>
    <definition value="LTC dispensing, 4-day supply"/>
  </concept>
  <concept>
    <code value="24"/>
    <display value="LTC dispensing, 3-day supply"/>
    <definition value="LTC dispensing, 3-day supply"/>
  </concept>
  <concept>
    <code value="25"/>
    <display value="LTC dispensing, 2-day supply"/>
    <definition value="LTC dispensing, 2-day supply"/>
  </concept>
  <concept>
    <code value="26"/>
    <display value="LTC dispensing, 1-day supply"/>
    <definition value="LTC dispensing, 1-day supply"/>
  </concept>
  <concept>
    <code value="27"/>
    <display value="LTC dispensing, 4-day supply, then 3-day supply"/>
    <definition value="LTC dispensing, 4-day supply, then 3-day supply"/>
  </concept>
  <concept>
    <code value="28"/>
    <display value="LTC dispensing, 2-day supply, then 2-day supply, then 3-day supply"/>
    <definition value="LTC dispensing, 2-day supply, then 2-day supply, then 3-day supply"/>
  </concept>
  <concept>
    <code value="29"/>
    <display value="LTC dispensing, daily during the week then multiple days (3) for weekend"/>
    <definition value="LTC dispensing, daily during the week then multiple days (3) for weekend"/>
  </concept>
  <concept>
    <code value="30"/>
    <display value="LTC dispensing, per shift (multiple medication passes)"/>
    <definition value="LTC dispensing, per shift (multiple medication passes)"/>
  </concept>
  <concept>
    <code value="31"/>
    <display value="LTC dispensing, per medication pass"/>
    <definition value="LTC dispensing, per medication pass"/>
  </concept>
  <concept>
    <code value="32"/>
    <display value="LTC dispensing, PRN on demand"/>
    <definition value="LTC dispensing, PRN on demand"/>
  </concept>
  <concept>
    <code value="33"/>
    <display value="LTC dispensing, other &lt;=7 day cycle"/>
    <definition value="LTC dispensing, other &lt;=7 day cycle"/>
  </concept>
  <concept>
    <code value="34"/>
    <display value="LTC dispensing, 14-day supply"/>
    <definition value="LTC dispensing, 14-day supply"/>
  </concept>
  <concept>
    <code value="35"/>
    <display value="LTC dispensing, other 8-14 day dispensing not listed above"/>
    <definition value="LTC dispensing, other 8-14 day dispensing not listed above"/>
  </concept>
  <concept>
    <code value="36"/>
    <display value="LTC dispensing, outside short cycle, determined to be Part D after originally submitted to another payer"/>
    <definition value="LTC dispensing, outside short cycle, determined to be Part D after originally submitted to another payer"/>
  </concept>
  <concept>
    <code value="42"/>
    <display value="The prescriber ID submitted has been validated and is active (rarely populated)"/>
    <definition value="The prescriber ID submitted has been validated and is active (rarely populated)"/>
  </concept>
  <concept>
    <code value="43"/>
    <display value="For the prescriber ID submitted, the associated DEA number has been renewed or the renewal is in progress (rarely populated)"/>
    <definition value="For the prescriber ID submitted, the associated DEA number has been renewed or the renewal is in progress (rarely populated)"/>
  </concept>
  <concept>
    <code value="44"/>
    <display value="(Unknown value &#x2013; rarely populated)"/>
    <definition value="(Unknown value &#x2013; rarely populated)"/>
  </concept>
  <concept>
    <code value="45"/>
    <display value="For the prescriber ID submitted, the associated DEA number is a valid hospital DEA number with suffix (rarely populated)"/>
    <definition value="For the prescriber ID submitted, the associated DEA number is a valid hospital DEA number with suffix (rarely populated)"/>
  </concept>
  <concept>
    <code value="Null"/>
    <display value="Not applicable, beneficiary not in an LTC setting (or in the first two months of 2013, the presumption is there was greater than a 14-day supply)"/>
    <definition value="Not applicable, beneficiary not in an LTC setting (or in the first two months of 2013, the presumption is there was greater than a 14-day supply)"/>
  </concept>
</CodeSystem>