<?xml version="1.0" encoding="UTF-8"?>

<CodeSystem xmlns="http://hl7.org/fhir">
  <id value="clm-mco-pd-sw"/>
  <text>
    <status value="generated"/><div xmlns="http://www.w3.org/1999/xhtml"><h2>Claim MCO Paid Switch</h2><div><p>A switch indicating whether or not a Managed Care Organization (MCO) has paid the provider for an institutional claim. Source: https://bluebutton.cms.gov/resources/variables/clm<em>mco</em>pd_sw</p>
</div><p>This code system http://hl7.org/fhir/CodeSystem/clm-mco-pd-sw defines the following codes:</p><table class="codes"><tr><td><b>Code</b></td><td><b>Display</b></td><td><b>Definition</b></td></tr><tr><td>Blank<a name="clm-mco-pd-sw-Blank"> </a></td><td>No managed care organization (MCO) payment</td><td>No managed care organization (MCO) payment</td></tr><tr><td>0<a name="clm-mco-pd-sw-0"> </a></td><td>No managed care organization (MCO) payment</td><td>No managed care organization (MCO) payment</td></tr><tr><td>1<a name="clm-mco-pd-sw-1"> </a></td><td>MCO paid provider for the claim</td><td>MCO paid provider for the claim</td></tr></table></div>
  </text>
  <url value="http://hl7.org/fhir/CodeSystem/clm-mco-pd-sw"/>
  <identifier>
    <value value="http://hl7.org/fhir/CodeSystem/clm-mco-pd-sw"/>
  </identifier>
  <version value="1.1.0"/>
  <name value="Claim MCO Paid Switch"/>
  <title value="Claim MCO Paid Switch"/>
  <status value="active"/>
  <date value="2018-05-07T14:45:05+00:00"/>
  <description value="A switch indicating whether or not a Managed Care Organization (MCO) has paid the provider for an institutional claim. Source: https://bluebutton.cms.gov/resources/variables/clm_mco_pd_sw"/>
  <caseSensitive value="true"/>
  <valueSet value="http://hl7.org/fhir/ValueSet/clm-mco-pd-sw"/>
  <hierarchyMeaning value="is-a"/>
  <content value="complete"/>
  <concept>
    <code value="Blank"/>
    <display value="No managed care organization (MCO) payment"/>
    <definition value="No managed care organization (MCO) payment"/>
  </concept>
  <concept>
    <code value="0"/>
    <display value="No managed care organization (MCO) payment"/>
    <definition value="No managed care organization (MCO) payment"/>
  </concept>
  <concept>
    <code value="1"/>
    <display value="MCO paid provider for the claim"/>
    <definition value="MCO paid provider for the claim"/>
  </concept>
</CodeSystem>