<?xml version="1.0" encoding="UTF-8"?>

<CodeSystem xmlns="http://hl7.org/fhir">
  <id value="clm-ip-admsn-type-cd"/>
  <text>
    <status value="generated"/><div xmlns="http://www.w3.org/1999/xhtml"><h2>Claim Inpatient Admission Type Code</h2><div><p>The code indicating the type and priority of an inpatient admission associated with the service on an intermediary submitted claim. Source: https://bluebutton.cms.gov/resources/variables/clm<em>ip</em>admsn<em>type</em>cd</p>
</div><p>This code system http://hl7.org/fhir/CodeSystem/clm-ip-admsn-type-cd defines the following codes:</p><table class="codes"><tr><td><b>Code</b></td><td><b>Display</b></td><td><b>Definition</b></td></tr><tr><td>0<a name="clm-ip-admsn-type-cd-0"> </a></td><td>Unknown Value (but present in data)</td><td>Unknown Value (but present in data)</td></tr><tr><td>1<a name="clm-ip-admsn-type-cd-1"> </a></td><td>Emergency - The patient required immediate medical intervention as a result of severe, life threatening, or potentially disabling conditions. Generally, the patient was admitted through the emergency room.</td><td>Emergency - The patient required immediate medical intervention as a result of severe, life threatening, or potentially disabling conditions. Generally, the patient was admitted through the emergency room.</td></tr><tr><td>2<a name="clm-ip-admsn-type-cd-2"> </a></td><td>Urgent - The patient required immediate attention for the care and treatment of a physical or mental disorder. Generally, the patient was admitted to the first available and suitable accommodation.</td><td>Urgent - The patient required immediate attention for the care and treatment of a physical or mental disorder. Generally, the patient was admitted to the first available and suitable accommodation.</td></tr><tr><td>3<a name="clm-ip-admsn-type-cd-3"> </a></td><td>Elective - The patient's condition permitted adequate time to schedule the availability of suitable accommodations.</td><td>Elective - The patient's condition permitted adequate time to schedule the availability of suitable accommodations.</td></tr><tr><td>4<a name="clm-ip-admsn-type-cd-4"> </a></td><td>Newborn - Necessitates the use of special source of admission codes.</td><td>Newborn - Necessitates the use of special source of admission codes.</td></tr><tr><td>5<a name="clm-ip-admsn-type-cd-5"> </a></td><td>Trauma Center - visits to a trauma center/hospital as licensed or designated by the State or local government authority authorized to do so, or as verified by the American College of Surgeons and involving a trauma activation.</td><td>Trauma Center - visits to a trauma center/hospital as licensed or designated by the State or local government authority authorized to do so, or as verified by the American College of Surgeons and involving a trauma activation.</td></tr><tr><td>6<a name="clm-ip-admsn-type-cd-6"> </a></td><td>Reserved</td><td>Reserved</td></tr><tr><td>7<a name="clm-ip-admsn-type-cd-7"> </a></td><td>Reserved</td><td>Reserved</td></tr><tr><td>8<a name="clm-ip-admsn-type-cd-8"> </a></td><td>Reserved</td><td>Reserved</td></tr><tr><td>9<a name="clm-ip-admsn-type-cd-9"> </a></td><td>Unknown - Information not available.</td><td>Unknown - Information not available.</td></tr></table></div>
  </text>
  <url value="http://hl7.org/fhir/CodeSystem/clm-ip-admsn-type-cd"/>
  <identifier>
    <value value="http://hl7.org/fhir/CodeSystem/clm-ip-admsn-type-cd"/>
  </identifier>
  <version value="1.1.0"/>
  <name value="Claim Inpatient Admission Type Code"/>
  <title value="Claim Inpatient Admission Type Code"/>
  <status value="active"/>
  <date value="2018-05-31T14:39:32+00:00"/>
  <description value="The code indicating the type and priority of an inpatient admission associated with the service on an intermediary submitted claim. Source: https://bluebutton.cms.gov/resources/variables/clm_ip_admsn_type_cd"/>
  <caseSensitive value="true"/>
  <valueSet value="http://hl7.org/fhir/ValueSet/clm-ip-admsn-type-cd"/>
  <hierarchyMeaning value="is-a"/>
  <content value="complete"/>
  <concept>
    <code value="0"/>
    <display value="Unknown Value (but present in data)"/>
    <definition value="Unknown Value (but present in data)"/>
  </concept>
  <concept>
    <code value="1"/>
    <display value="Emergency - The patient required immediate medical intervention as a result of severe, life threatening, or potentially disabling conditions. Generally, the patient was admitted through the emergency room."/>
    <definition value="Emergency - The patient required immediate medical intervention as a result of severe, life threatening, or potentially disabling conditions. Generally, the patient was admitted through the emergency room."/>
  </concept>
  <concept>
    <code value="2"/>
    <display value="Urgent - The patient required immediate attention for the care and treatment of a physical or mental disorder. Generally, the patient was admitted to the first available and suitable accommodation."/>
    <definition value="Urgent - The patient required immediate attention for the care and treatment of a physical or mental disorder. Generally, the patient was admitted to the first available and suitable accommodation."/>
  </concept>
  <concept>
    <code value="3"/>
    <display value="Elective - The patient&#39;s condition permitted adequate time to schedule the availability of suitable accommodations."/>
    <definition value="Elective - The patient&#39;s condition permitted adequate time to schedule the availability of suitable accommodations."/>
  </concept>
  <concept>
    <code value="4"/>
    <display value="Newborn - Necessitates the use of special source of admission codes."/>
    <definition value="Newborn - Necessitates the use of special source of admission codes."/>
  </concept>
  <concept>
    <code value="5"/>
    <display value="Trauma Center - visits to a trauma center/hospital as licensed or designated by the State or local government authority authorized to do so, or as verified by the American College of Surgeons and involving a trauma activation."/>
    <definition value="Trauma Center - visits to a trauma center/hospital as licensed or designated by the State or local government authority authorized to do so, or as verified by the American College of Surgeons and involving a trauma activation."/>
  </concept>
  <concept>
    <code value="6"/>
    <display value="Reserved"/>
    <definition value="Reserved"/>
  </concept>
  <concept>
    <code value="7"/>
    <display value="Reserved"/>
    <definition value="Reserved"/>
  </concept>
  <concept>
    <code value="8"/>
    <display value="Reserved"/>
    <definition value="Reserved"/>
  </concept>
  <concept>
    <code value="9"/>
    <display value="Unknown - Information not available."/>
    <definition value="Unknown - Information not available."/>
  </concept>
</CodeSystem>