<?xml version="1.0" encoding="UTF-8"?>

<CodeSystem xmlns="http://hl7.org/fhir">
  <id value="daw-prod-slctn-cd"/>
  <text>
    <status value="generated"/><div xmlns="http://www.w3.org/1999/xhtml"><h2>Dispense as Written (DAW) Product Selection Code</h2><div><p>This field indicates the prescriber's instruction regarding substitution of generic equivalents or order to dispense the specific prescribed medication. Part D plans generally require pharmacies to use generics or the least expensive version of the prescribed drug. However, there are times when a prescriber intends for the beneficiary to receive the drug exactly as it is written on the prescription (e.g., to get the brand-name version of a drug). When there are specific instructions from the prescriber, it is indicated in this variable with a value of 1 or greater. Source: https://bluebutton.cms.gov/resources/variables/daw<em>prod</em>slctn_cd</p>
</div><p>This code system http://hl7.org/fhir/CodeSystem/daw-prod-slctn-cd defines the following codes:</p><table class="codes"><tr><td><b>Code</b></td><td><b>Display</b></td><td><b>Definition</b></td></tr><tr><td>0<a name="daw-prod-slctn-cd-0"> </a></td><td>No Product Selection Indicated (may also have missing values)</td><td>No Product Selection Indicated (may also have missing values)</td></tr><tr><td>1<a name="daw-prod-slctn-cd-1"> </a></td><td>Substitution Not Allowed by Prescriber</td><td>Substitution Not Allowed by Prescriber</td></tr><tr><td>2<a name="daw-prod-slctn-cd-2"> </a></td><td>Substitution Allowed - Patient Requested That Brand Product Be Dispensed</td><td>Substitution Allowed - Patient Requested That Brand Product Be Dispensed</td></tr><tr><td>3<a name="daw-prod-slctn-cd-3"> </a></td><td>Substitution Allowed - Pharmacist Selected Product Dispensed</td><td>Substitution Allowed - Pharmacist Selected Product Dispensed</td></tr><tr><td>4<a name="daw-prod-slctn-cd-4"> </a></td><td>Substitution Allowed - Generic Drug Not in Stock</td><td>Substitution Allowed - Generic Drug Not in Stock</td></tr><tr><td>5<a name="daw-prod-slctn-cd-5"> </a></td><td>Substitution Allowed - Brand Drug Dispensed as Generic</td><td>Substitution Allowed - Brand Drug Dispensed as Generic</td></tr><tr><td>6<a name="daw-prod-slctn-cd-6"> </a></td><td>Override</td><td>Override</td></tr><tr><td>7<a name="daw-prod-slctn-cd-7"> </a></td><td>Substitution Not Allowed - Brand Drug Mandated by Law</td><td>Substitution Not Allowed - Brand Drug Mandated by Law</td></tr><tr><td>8<a name="daw-prod-slctn-cd-8"> </a></td><td>Substitution Allowed - Generic Drug Not Available in Marketplace</td><td>Substitution Allowed - Generic Drug Not Available in Marketplace</td></tr><tr><td>9<a name="daw-prod-slctn-cd-9"> </a></td><td>Other</td><td>Other</td></tr></table></div>
  </text>
  <url value="http://hl7.org/fhir/CodeSystem/daw-prod-slctn-cd"/>
  <identifier>
    <value value="http://hl7.org/fhir/CodeSystem/daw-prod-slctn-cd"/>
  </identifier>
  <version value="1.1.0"/>
  <name value="Dispense as Written (DAW) Product Selection Code"/>
  <title value="Dispense as Written (DAW) Product Selection Code"/>
  <status value="active"/>
  <date value="2018-05-31T14:39:32+00:00"/>
  <description value="This field indicates the prescriber&#39;s instruction regarding substitution of generic equivalents or order to dispense the specific prescribed medication. Part D plans generally require pharmacies to use generics or the least expensive version of the prescribed drug. However, there are times when a prescriber intends for the beneficiary to receive the drug exactly as it is written on the prescription (e.g., to get the brand-name version of a drug). When there are specific instructions from the prescriber, it is indicated in this variable with a value of 1 or greater. Source: https://bluebutton.cms.gov/resources/variables/daw_prod_slctn_cd"/>
  <caseSensitive value="true"/>
  <valueSet value="http://hl7.org/fhir/ValueSet/daw-prod-slctn-cd"/>
  <hierarchyMeaning value="is-a"/>
  <content value="complete"/>
  <concept>
    <code value="0"/>
    <display value="No Product Selection Indicated (may also have missing values)"/>
    <definition value="No Product Selection Indicated (may also have missing values)"/>
  </concept>
  <concept>
    <code value="1"/>
    <display value="Substitution Not Allowed by Prescriber"/>
    <definition value="Substitution Not Allowed by Prescriber"/>
  </concept>
  <concept>
    <code value="2"/>
    <display value="Substitution Allowed - Patient Requested That Brand Product Be Dispensed"/>
    <definition value="Substitution Allowed - Patient Requested That Brand Product Be Dispensed"/>
  </concept>
  <concept>
    <code value="3"/>
    <display value="Substitution Allowed - Pharmacist Selected Product Dispensed"/>
    <definition value="Substitution Allowed - Pharmacist Selected Product Dispensed"/>
  </concept>
  <concept>
    <code value="4"/>
    <display value="Substitution Allowed - Generic Drug Not in Stock"/>
    <definition value="Substitution Allowed - Generic Drug Not in Stock"/>
  </concept>
  <concept>
    <code value="5"/>
    <display value="Substitution Allowed - Brand Drug Dispensed as Generic"/>
    <definition value="Substitution Allowed - Brand Drug Dispensed as Generic"/>
  </concept>
  <concept>
    <code value="6"/>
    <display value="Override"/>
    <definition value="Override"/>
  </concept>
  <concept>
    <code value="7"/>
    <display value="Substitution Not Allowed - Brand Drug Mandated by Law"/>
    <definition value="Substitution Not Allowed - Brand Drug Mandated by Law"/>
  </concept>
  <concept>
    <code value="8"/>
    <display value="Substitution Allowed - Generic Drug Not Available in Marketplace"/>
    <definition value="Substitution Allowed - Generic Drug Not Available in Marketplace"/>
  </concept>
  <concept>
    <code value="9"/>
    <display value="Other"/>
    <definition value="Other"/>
  </concept>
</CodeSystem>