<?xml version="1.0" encoding="UTF-8"?>

<CodeSystem xmlns="http://hl7.org/fhir">
  <id value="carr-clm-pmt-dnl-cd"/>
  <text>
    <status value="generated"/><div xmlns="http://www.w3.org/1999/xhtml"><h2>Carrier Claim Payment Denial Code</h2><div><p>The code on a non-institutional claim indicating to whom payment was made or if the claim was denied. Source: https://bluebutton.cms.gov/resources/variables/carr<em>clm</em>pmt<em>dnl</em>cd</p>
</div><p>This code system http://hl7.org/fhir/CodeSystem/carr-clm-pmt-dnl-cd defines the following codes:</p><table class="codes"><tr><td><b>Code</b></td><td><b>Display</b></td><td><b>Definition</b></td></tr><tr><td>!<a name="carr-clm-pmt-dnl-cd-.33"> </a></td><td>MSP cost avoided - COB Contractor (converted to '00' 2-byte code)</td><td>MSP cost avoided - COB Contractor (converted to '00' 2-byte code)</td></tr><tr><td>@<a name="carr-clm-pmt-dnl-cd-.64"> </a></td><td>MSP cost avoided - BC/BS Voluntary Agreements (converted to '12' 2-byte code)</td><td>MSP cost avoided - BC/BS Voluntary Agreements (converted to '12' 2-byte code)</td></tr><tr><td>#<a name="carr-clm-pmt-dnl-cd-.35"> </a></td><td>MSP cost avoided - Office of Personnel Management (converted to '13' 2-byte code)</td><td>MSP cost avoided - Office of Personnel Management (converted to '13' 2-byte code)</td></tr><tr><td>$<a name="carr-clm-pmt-dnl-cd-.36"> </a></td><td>MSP cost avoided - Workman's Compensation (WC) Datamatch (converted to '14' 2-byte code)</td><td>MSP cost avoided - Workman's Compensation (WC) Datamatch (converted to '14' 2-byte code)</td></tr><tr><td>*<a name="carr-clm-pmt-dnl-cd-.42"> </a></td><td>MSP cost avoided - Workman's Compensation Insurer Voluntary Data Sharing Agreements (WC VDSA) (eff. 4/2006) (converted to '15' 2-byte code)</td><td>MSP cost avoided - Workman's Compensation Insurer Voluntary Data Sharing Agreements (WC VDSA) (eff. 4/2006) (converted to '15' 2-byte code)</td></tr><tr><td>(<a name="carr-clm-pmt-dnl-cd-.40"> </a></td><td>MSP cost avoided - Liability Insurer VDSA (eff. 4/2006) (converted to '16' 2-byte code)</td><td>MSP cost avoided - Liability Insurer VDSA (eff. 4/2006) (converted to '16' 2-byte code)</td></tr><tr><td>)<a name="carr-clm-pmt-dnl-cd-.41"> </a></td><td>MSP cost avoided - No-Fault Insurer VDSA (eff. 4/2006) (converted to '17' 2-byte code)</td><td>MSP cost avoided - No-Fault Insurer VDSA (eff. 4/2006) (converted to '17' 2-byte code)</td></tr><tr><td>+<a name="carr-clm-pmt-dnl-cd-.43"> </a></td><td>MSP cost avoided - Pharmacy Benefit Manager Data Sharing Agreement (eff. 4/2006) (converted to '18' 2 -byte code)</td><td>MSP cost avoided - Pharmacy Benefit Manager Data Sharing Agreement (eff. 4/2006) (converted to '18' 2 -byte code)</td></tr><tr><td>&lt;<a name="carr-clm-pmt-dnl-cd-.60"> </a></td><td>MSP cost avoided - MIR Group Health Plan (eff. 1/2009) (converted to '21' 2-byte code)</td><td>MSP cost avoided - MIR Group Health Plan (eff. 1/2009) (converted to '21' 2-byte code)</td></tr><tr><td>&gt;<a name="carr-clm-pmt-dnl-cd-.62"> </a></td><td>MSP cost avoided - MIR non-Group Health Plan (eff. 1/2009) (converted to '22' 2-byte code)</td><td>MSP cost avoided - MIR non-Group Health Plan (eff. 1/2009) (converted to '22' 2-byte code)</td></tr><tr><td>%<a name="carr-clm-pmt-dnl-cd-.37"> </a></td><td>MSP cost avoided - Recovery Audit Contractor - California (eff. 10/2005) (converted to '25' 2-byte code)</td><td>MSP cost avoided - Recovery Audit Contractor - California (eff. 10/2005) (converted to '25' 2-byte code)</td></tr><tr><td>&amp;<a name="carr-clm-pmt-dnl-cd-.38"> </a></td><td>MSP cost avoided - Recovery Audit Contractor - Florida (eff. 10/2005) (converted to '26' 2-byte code)</td><td>MSP cost avoided - Recovery Audit Contractor - Florida (eff. 10/2005) (converted to '26' 2-byte code)</td></tr></table></div>
  </text>
  <url value="http://hl7.org/fhir/CodeSystem/carr-clm-pmt-dnl-cd"/>
  <identifier>
    <value value="http://hl7.org/fhir/CodeSystem/carr-clm-pmt-dnl-cd"/>
  </identifier>
  <version value="1.1.0"/>
  <name value="Carrier Claim Payment Denial Code"/>
  <title value="Carrier Claim Payment Denial Code"/>
  <status value="active"/>
  <date value="2018-05-07T14:45:05+00:00"/>
  <description value="The code on a non-institutional claim indicating to whom payment was made or if the claim was denied. Source: https://bluebutton.cms.gov/resources/variables/carr_clm_pmt_dnl_cd"/>
  <caseSensitive value="true"/>
  <valueSet value="http://hl7.org/fhir/ValueSet/carr-clm-pmt-dnl-cd"/>
  <hierarchyMeaning value="is-a"/>
  <content value="complete"/>
  <concept>
    <code value="!"/>
    <display value="MSP cost avoided - COB Contractor (converted to &#39;00&#39; 2-byte code)"/>
    <definition value="MSP cost avoided - COB Contractor (converted to &#39;00&#39; 2-byte code)"/>
  </concept>
  <concept>
    <code value="@"/>
    <display value="MSP cost avoided - BC/BS Voluntary Agreements (converted to &#39;12&#39; 2-byte code)"/>
    <definition value="MSP cost avoided - BC/BS Voluntary Agreements (converted to &#39;12&#39; 2-byte code)"/>
  </concept>
  <concept>
    <code value="#"/>
    <display value="MSP cost avoided - Office of Personnel Management (converted to &#39;13&#39; 2-byte code)"/>
    <definition value="MSP cost avoided - Office of Personnel Management (converted to &#39;13&#39; 2-byte code)"/>
  </concept>
  <concept>
    <code value="$"/>
    <display value="MSP cost avoided - Workman&#39;s Compensation (WC) Datamatch (converted to &#39;14&#39; 2-byte code)"/>
    <definition value="MSP cost avoided - Workman&#39;s Compensation (WC) Datamatch (converted to &#39;14&#39; 2-byte code)"/>
  </concept>
  <concept>
    <code value="*"/>
    <display value="MSP cost avoided - Workman&#39;s Compensation Insurer Voluntary Data Sharing Agreements (WC VDSA) (eff. 4/2006) (converted to &#39;15&#39; 2-byte code)"/>
    <definition value="MSP cost avoided - Workman&#39;s Compensation Insurer Voluntary Data Sharing Agreements (WC VDSA) (eff. 4/2006) (converted to &#39;15&#39; 2-byte code)"/>
  </concept>
  <concept>
    <code value="("/>
    <display value="MSP cost avoided - Liability Insurer VDSA (eff. 4/2006) (converted to &#39;16&#39; 2-byte code)"/>
    <definition value="MSP cost avoided - Liability Insurer VDSA (eff. 4/2006) (converted to &#39;16&#39; 2-byte code)"/>
  </concept>
  <concept>
    <code value=")"/>
    <display value="MSP cost avoided - No-Fault Insurer VDSA (eff. 4/2006) (converted to &#39;17&#39; 2-byte code)"/>
    <definition value="MSP cost avoided - No-Fault Insurer VDSA (eff. 4/2006) (converted to &#39;17&#39; 2-byte code)"/>
  </concept>
  <concept>
    <code value="+"/>
    <display value="MSP cost avoided - Pharmacy Benefit Manager Data Sharing Agreement (eff. 4/2006) (converted to &#39;18&#39; 2 -byte code)"/>
    <definition value="MSP cost avoided - Pharmacy Benefit Manager Data Sharing Agreement (eff. 4/2006) (converted to &#39;18&#39; 2 -byte code)"/>
  </concept>
  <concept>
    <code value="&lt;"/>
    <display value="MSP cost avoided - MIR Group Health Plan (eff. 1/2009) (converted to &#39;21&#39; 2-byte code)"/>
    <definition value="MSP cost avoided - MIR Group Health Plan (eff. 1/2009) (converted to &#39;21&#39; 2-byte code)"/>
  </concept>
  <concept>
    <code value="&gt;"/>
    <display value="MSP cost avoided - MIR non-Group Health Plan (eff. 1/2009) (converted to &#39;22&#39; 2-byte code)"/>
    <definition value="MSP cost avoided - MIR non-Group Health Plan (eff. 1/2009) (converted to &#39;22&#39; 2-byte code)"/>
  </concept>
  <concept>
    <code value="%"/>
    <display value="MSP cost avoided - Recovery Audit Contractor - California (eff. 10/2005) (converted to &#39;25&#39; 2-byte code)"/>
    <definition value="MSP cost avoided - Recovery Audit Contractor - California (eff. 10/2005) (converted to &#39;25&#39; 2-byte code)"/>
  </concept>
  <concept>
    <code value="&amp;"/>
    <display value="MSP cost avoided - Recovery Audit Contractor - Florida (eff. 10/2005) (converted to &#39;26&#39; 2-byte code)"/>
    <definition value="MSP cost avoided - Recovery Audit Contractor - Florida (eff. 10/2005) (converted to &#39;26&#39; 2-byte code)"/>
  </concept>
</CodeSystem>