<?xml version="1.0" encoding="UTF-8"?>

<CodeSystem xmlns="http://hl7.org/fhir">
  <id value="dmerc-line-prcng-state-cd"/>
  <text>
    <status value="generated"/><div xmlns="http://www.w3.org/1999/xhtml"><h2>DMERC Line Pricing State Code (SSA)</h2><div><p>The 2-digit SSA state code where the durable medical equipment (DME) supplier was located; used by the Medicare Administrative Contractor (MAC) for pricing the service. Source: https://bluebutton.cms.gov/resources/variables/dmerc<em>line</em>prcng<em>state</em>cd</p>
</div><p>This code system http://hl7.org/fhir/CodeSystem/dmerc-line-prcng-state-cd defines the following codes:</p><table class="codes"><tr><td><b>Code</b></td><td><b>Display</b></td><td><b>Definition</b></td></tr><tr><td>01<a name="dmerc-line-prcng-state-cd-01"> </a></td><td>Alabama</td><td>Alabama</td></tr><tr><td>02<a name="dmerc-line-prcng-state-cd-02"> </a></td><td>Alaska</td><td>Alaska</td></tr><tr><td>03<a name="dmerc-line-prcng-state-cd-03"> </a></td><td>Arizona</td><td>Arizona</td></tr><tr><td>04<a name="dmerc-line-prcng-state-cd-04"> </a></td><td>Arkansas</td><td>Arkansas</td></tr><tr><td>05<a name="dmerc-line-prcng-state-cd-05"> </a></td><td>California</td><td>California</td></tr><tr><td>06<a name="dmerc-line-prcng-state-cd-06"> </a></td><td>Colorado</td><td>Colorado</td></tr><tr><td>07<a name="dmerc-line-prcng-state-cd-07"> </a></td><td>Connecticut</td><td>Connecticut</td></tr><tr><td>08<a name="dmerc-line-prcng-state-cd-08"> </a></td><td>Delaware</td><td>Delaware</td></tr><tr><td>09<a name="dmerc-line-prcng-state-cd-09"> </a></td><td>District of Columbia</td><td>District of Columbia</td></tr><tr><td>10<a name="dmerc-line-prcng-state-cd-10"> </a></td><td>Florida</td><td>Florida</td></tr><tr><td>11<a name="dmerc-line-prcng-state-cd-11"> </a></td><td>Georgia</td><td>Georgia</td></tr><tr><td>12<a name="dmerc-line-prcng-state-cd-12"> </a></td><td>Hawaii</td><td>Hawaii</td></tr><tr><td>13<a name="dmerc-line-prcng-state-cd-13"> </a></td><td>Idaho</td><td>Idaho</td></tr><tr><td>14<a name="dmerc-line-prcng-state-cd-14"> </a></td><td>Illinois</td><td>Illinois</td></tr><tr><td>15<a name="dmerc-line-prcng-state-cd-15"> </a></td><td>Indiana</td><td>Indiana</td></tr><tr><td>16<a name="dmerc-line-prcng-state-cd-16"> </a></td><td>Iowa</td><td>Iowa</td></tr><tr><td>17<a name="dmerc-line-prcng-state-cd-17"> </a></td><td>Kansas</td><td>Kansas</td></tr><tr><td>18<a name="dmerc-line-prcng-state-cd-18"> </a></td><td>Kentucky</td><td>Kentucky</td></tr><tr><td>19<a name="dmerc-line-prcng-state-cd-19"> </a></td><td>Louisiana</td><td>Louisiana</td></tr><tr><td>20<a name="dmerc-line-prcng-state-cd-20"> </a></td><td>Maine</td><td>Maine</td></tr><tr><td>21<a name="dmerc-line-prcng-state-cd-21"> </a></td><td>Maryland</td><td>Maryland</td></tr><tr><td>22<a name="dmerc-line-prcng-state-cd-22"> </a></td><td>Massachusetts</td><td>Massachusetts</td></tr><tr><td>23<a name="dmerc-line-prcng-state-cd-23"> </a></td><td>Michigan</td><td>Michigan</td></tr><tr><td>24<a name="dmerc-line-prcng-state-cd-24"> </a></td><td>Minnesota</td><td>Minnesota</td></tr><tr><td>25<a name="dmerc-line-prcng-state-cd-25"> </a></td><td>Mississippi</td><td>Mississippi</td></tr><tr><td>26<a name="dmerc-line-prcng-state-cd-26"> </a></td><td>Missouri</td><td>Missouri</td></tr><tr><td>27<a name="dmerc-line-prcng-state-cd-27"> </a></td><td>Montana</td><td>Montana</td></tr><tr><td>28<a name="dmerc-line-prcng-state-cd-28"> </a></td><td>Nebraska</td><td>Nebraska</td></tr><tr><td>29<a name="dmerc-line-prcng-state-cd-29"> </a></td><td>Nevada</td><td>Nevada</td></tr><tr><td>30<a name="dmerc-line-prcng-state-cd-30"> </a></td><td>New Hampshire</td><td>New Hampshire</td></tr><tr><td>31<a name="dmerc-line-prcng-state-cd-31"> </a></td><td>New Jersey</td><td>New Jersey</td></tr><tr><td>32<a name="dmerc-line-prcng-state-cd-32"> </a></td><td>New Mexico</td><td>New Mexico</td></tr><tr><td>33<a name="dmerc-line-prcng-state-cd-33"> </a></td><td>New York</td><td>New York</td></tr><tr><td>34<a name="dmerc-line-prcng-state-cd-34"> </a></td><td>North Carolina</td><td>North Carolina</td></tr><tr><td>35<a name="dmerc-line-prcng-state-cd-35"> </a></td><td>North Dakota</td><td>North Dakota</td></tr><tr><td>36<a name="dmerc-line-prcng-state-cd-36"> </a></td><td>Ohio</td><td>Ohio</td></tr><tr><td>37<a name="dmerc-line-prcng-state-cd-37"> </a></td><td>Oklahoma</td><td>Oklahoma</td></tr><tr><td>38<a name="dmerc-line-prcng-state-cd-38"> </a></td><td>Oregon</td><td>Oregon</td></tr><tr><td>39<a name="dmerc-line-prcng-state-cd-39"> </a></td><td>Pennsylvania</td><td>Pennsylvania</td></tr><tr><td>40<a name="dmerc-line-prcng-state-cd-40"> </a></td><td>Puerto Rico</td><td>Puerto Rico</td></tr><tr><td>41<a name="dmerc-line-prcng-state-cd-41"> </a></td><td>Rhode Island</td><td>Rhode Island</td></tr><tr><td>42<a name="dmerc-line-prcng-state-cd-42"> </a></td><td>South Carolina</td><td>South Carolina</td></tr><tr><td>43<a name="dmerc-line-prcng-state-cd-43"> </a></td><td>South Dakota</td><td>South Dakota</td></tr><tr><td>44<a name="dmerc-line-prcng-state-cd-44"> </a></td><td>Tennessee</td><td>Tennessee</td></tr><tr><td>45<a name="dmerc-line-prcng-state-cd-45"> </a></td><td>Texas</td><td>Texas</td></tr><tr><td>46<a name="dmerc-line-prcng-state-cd-46"> </a></td><td>Utah</td><td>Utah</td></tr><tr><td>47<a name="dmerc-line-prcng-state-cd-47"> </a></td><td>Vermont</td><td>Vermont</td></tr><tr><td>48<a name="dmerc-line-prcng-state-cd-48"> </a></td><td>Virgin Islands</td><td>Virgin Islands</td></tr><tr><td>49<a name="dmerc-line-prcng-state-cd-49"> </a></td><td>Virginia</td><td>Virginia</td></tr><tr><td>50<a name="dmerc-line-prcng-state-cd-50"> </a></td><td>Washington</td><td>Washington</td></tr><tr><td>51<a name="dmerc-line-prcng-state-cd-51"> </a></td><td>West Virginia</td><td>West Virginia</td></tr><tr><td>52<a name="dmerc-line-prcng-state-cd-52"> </a></td><td>Wisconsin</td><td>Wisconsin</td></tr><tr><td>53<a name="dmerc-line-prcng-state-cd-53"> </a></td><td>Wyoming</td><td>Wyoming</td></tr><tr><td>54<a name="dmerc-line-prcng-state-cd-54"> </a></td><td>Africa</td><td>Africa</td></tr><tr><td>55<a name="dmerc-line-prcng-state-cd-55"> </a></td><td>California</td><td>California</td></tr><tr><td>56<a name="dmerc-line-prcng-state-cd-56"> </a></td><td>Canada &amp; Islands</td><td>Canada &amp; Islands</td></tr><tr><td>57<a name="dmerc-line-prcng-state-cd-57"> </a></td><td>Central America and West Indies</td><td>Central America and West Indies</td></tr><tr><td>58<a name="dmerc-line-prcng-state-cd-58"> </a></td><td>Europe</td><td>Europe</td></tr><tr><td>59<a name="dmerc-line-prcng-state-cd-59"> </a></td><td>Mexico</td><td>Mexico</td></tr><tr><td>60<a name="dmerc-line-prcng-state-cd-60"> </a></td><td>Oceania</td><td>Oceania</td></tr><tr><td>61<a name="dmerc-line-prcng-state-cd-61"> </a></td><td>Philippines</td><td>Philippines</td></tr><tr><td>62<a name="dmerc-line-prcng-state-cd-62"> </a></td><td>South America</td><td>South America</td></tr><tr><td>63<a name="dmerc-line-prcng-state-cd-63"> </a></td><td>U.S. Possessions</td><td>U.S. Possessions</td></tr><tr><td>64<a name="dmerc-line-prcng-state-cd-64"> </a></td><td>American Samoa</td><td>American Samoa</td></tr><tr><td>65<a name="dmerc-line-prcng-state-cd-65"> </a></td><td>Guam</td><td>Guam</td></tr><tr><td>66<a name="dmerc-line-prcng-state-cd-66"> </a></td><td>Commonwealth of the Northern Marianas Islands</td><td>Commonwealth of the Northern Marianas Islands</td></tr><tr><td>67<a name="dmerc-line-prcng-state-cd-67"> </a></td><td>Texas</td><td>Texas</td></tr><tr><td>68<a name="dmerc-line-prcng-state-cd-68"> </a></td><td>Florida (eff. 10/2005)</td><td>Florida (eff. 10/2005)</td></tr><tr><td>69<a name="dmerc-line-prcng-state-cd-69"> </a></td><td>Florida (eff. 10/2005)</td><td>Florida (eff. 10/2005)</td></tr><tr><td>70<a name="dmerc-line-prcng-state-cd-70"> </a></td><td>Kansas (eff. 10/2005)</td><td>Kansas (eff. 10/2005)</td></tr><tr><td>71<a name="dmerc-line-prcng-state-cd-71"> </a></td><td>Louisiana (eff. 10/2005)</td><td>Louisiana (eff. 10/2005)</td></tr><tr><td>72<a name="dmerc-line-prcng-state-cd-72"> </a></td><td>Ohio (eff. 10/2005)</td><td>Ohio (eff. 10/2005)</td></tr><tr><td>73<a name="dmerc-line-prcng-state-cd-73"> </a></td><td>Pennsylvania (eff. 10/2005)</td><td>Pennsylvania (eff. 10/2005)</td></tr><tr><td>74<a name="dmerc-line-prcng-state-cd-74"> </a></td><td>Texas (eff. 10/2005)</td><td>Texas (eff. 10/2005)</td></tr><tr><td>80<a name="dmerc-line-prcng-state-cd-80"> </a></td><td>Maryland (eff. 8/2000)</td><td>Maryland (eff. 8/2000)</td></tr><tr><td>97<a name="dmerc-line-prcng-state-cd-97"> </a></td><td>Northern Marianas</td><td>Northern Marianas</td></tr><tr><td>98<a name="dmerc-line-prcng-state-cd-98"> </a></td><td>Guam</td><td>Guam</td></tr><tr><td>99<a name="dmerc-line-prcng-state-cd-99"> </a></td><td>With 000 county code is American Samoa; otherwise unknown</td><td>With 000 county code is American Samoa; otherwise unknown</td></tr></table></div>
  </text>
  <url value="http://hl7.org/fhir/CodeSystem/dmerc-line-prcng-state-cd"/>
  <identifier>
    <value value="http://hl7.org/fhir/CodeSystem/dmerc-line-prcng-state-cd"/>
  </identifier>
  <version value="1.1.0"/>
  <name value="DMERC Line Pricing State Code (SSA)"/>
  <title value="DMERC Line Pricing State Code (SSA)"/>
  <status value="active"/>
  <date value="2018-05-07T14:45:05+00:00"/>
  <description value="The 2-digit SSA state code where the durable medical equipment (DME) supplier was located; used by the Medicare Administrative Contractor (MAC) for pricing the service. Source: https://bluebutton.cms.gov/resources/variables/dmerc_line_prcng_state_cd"/>
  <caseSensitive value="true"/>
  <valueSet value="http://hl7.org/fhir/ValueSet/dmerc-line-prcng-state-cd"/>
  <hierarchyMeaning value="is-a"/>
  <content value="complete"/>
  <concept>
    <code value="01"/>
    <display value="Alabama"/>
    <definition value="Alabama"/>
  </concept>
  <concept>
    <code value="02"/>
    <display value="Alaska"/>
    <definition value="Alaska"/>
  </concept>
  <concept>
    <code value="03"/>
    <display value="Arizona"/>
    <definition value="Arizona"/>
  </concept>
  <concept>
    <code value="04"/>
    <display value="Arkansas"/>
    <definition value="Arkansas"/>
  </concept>
  <concept>
    <code value="05"/>
    <display value="California"/>
    <definition value="California"/>
  </concept>
  <concept>
    <code value="06"/>
    <display value="Colorado"/>
    <definition value="Colorado"/>
  </concept>
  <concept>
    <code value="07"/>
    <display value="Connecticut"/>
    <definition value="Connecticut"/>
  </concept>
  <concept>
    <code value="08"/>
    <display value="Delaware"/>
    <definition value="Delaware"/>
  </concept>
  <concept>
    <code value="09"/>
    <display value="District of Columbia"/>
    <definition value="District of Columbia"/>
  </concept>
  <concept>
    <code value="10"/>
    <display value="Florida"/>
    <definition value="Florida"/>
  </concept>
  <concept>
    <code value="11"/>
    <display value="Georgia"/>
    <definition value="Georgia"/>
  </concept>
  <concept>
    <code value="12"/>
    <display value="Hawaii"/>
    <definition value="Hawaii"/>
  </concept>
  <concept>
    <code value="13"/>
    <display value="Idaho"/>
    <definition value="Idaho"/>
  </concept>
  <concept>
    <code value="14"/>
    <display value="Illinois"/>
    <definition value="Illinois"/>
  </concept>
  <concept>
    <code value="15"/>
    <display value="Indiana"/>
    <definition value="Indiana"/>
  </concept>
  <concept>
    <code value="16"/>
    <display value="Iowa"/>
    <definition value="Iowa"/>
  </concept>
  <concept>
    <code value="17"/>
    <display value="Kansas"/>
    <definition value="Kansas"/>
  </concept>
  <concept>
    <code value="18"/>
    <display value="Kentucky"/>
    <definition value="Kentucky"/>
  </concept>
  <concept>
    <code value="19"/>
    <display value="Louisiana"/>
    <definition value="Louisiana"/>
  </concept>
  <concept>
    <code value="20"/>
    <display value="Maine"/>
    <definition value="Maine"/>
  </concept>
  <concept>
    <code value="21"/>
    <display value="Maryland"/>
    <definition value="Maryland"/>
  </concept>
  <concept>
    <code value="22"/>
    <display value="Massachusetts"/>
    <definition value="Massachusetts"/>
  </concept>
  <concept>
    <code value="23"/>
    <display value="Michigan"/>
    <definition value="Michigan"/>
  </concept>
  <concept>
    <code value="24"/>
    <display value="Minnesota"/>
    <definition value="Minnesota"/>
  </concept>
  <concept>
    <code value="25"/>
    <display value="Mississippi"/>
    <definition value="Mississippi"/>
  </concept>
  <concept>
    <code value="26"/>
    <display value="Missouri"/>
    <definition value="Missouri"/>
  </concept>
  <concept>
    <code value="27"/>
    <display value="Montana"/>
    <definition value="Montana"/>
  </concept>
  <concept>
    <code value="28"/>
    <display value="Nebraska"/>
    <definition value="Nebraska"/>
  </concept>
  <concept>
    <code value="29"/>
    <display value="Nevada"/>
    <definition value="Nevada"/>
  </concept>
  <concept>
    <code value="30"/>
    <display value="New Hampshire"/>
    <definition value="New Hampshire"/>
  </concept>
  <concept>
    <code value="31"/>
    <display value="New Jersey"/>
    <definition value="New Jersey"/>
  </concept>
  <concept>
    <code value="32"/>
    <display value="New Mexico"/>
    <definition value="New Mexico"/>
  </concept>
  <concept>
    <code value="33"/>
    <display value="New York"/>
    <definition value="New York"/>
  </concept>
  <concept>
    <code value="34"/>
    <display value="North Carolina"/>
    <definition value="North Carolina"/>
  </concept>
  <concept>
    <code value="35"/>
    <display value="North Dakota"/>
    <definition value="North Dakota"/>
  </concept>
  <concept>
    <code value="36"/>
    <display value="Ohio"/>
    <definition value="Ohio"/>
  </concept>
  <concept>
    <code value="37"/>
    <display value="Oklahoma"/>
    <definition value="Oklahoma"/>
  </concept>
  <concept>
    <code value="38"/>
    <display value="Oregon"/>
    <definition value="Oregon"/>
  </concept>
  <concept>
    <code value="39"/>
    <display value="Pennsylvania"/>
    <definition value="Pennsylvania"/>
  </concept>
  <concept>
    <code value="40"/>
    <display value="Puerto Rico"/>
    <definition value="Puerto Rico"/>
  </concept>
  <concept>
    <code value="41"/>
    <display value="Rhode Island"/>
    <definition value="Rhode Island"/>
  </concept>
  <concept>
    <code value="42"/>
    <display value="South Carolina"/>
    <definition value="South Carolina"/>
  </concept>
  <concept>
    <code value="43"/>
    <display value="South Dakota"/>
    <definition value="South Dakota"/>
  </concept>
  <concept>
    <code value="44"/>
    <display value="Tennessee"/>
    <definition value="Tennessee"/>
  </concept>
  <concept>
    <code value="45"/>
    <display value="Texas"/>
    <definition value="Texas"/>
  </concept>
  <concept>
    <code value="46"/>
    <display value="Utah"/>
    <definition value="Utah"/>
  </concept>
  <concept>
    <code value="47"/>
    <display value="Vermont"/>
    <definition value="Vermont"/>
  </concept>
  <concept>
    <code value="48"/>
    <display value="Virgin Islands"/>
    <definition value="Virgin Islands"/>
  </concept>
  <concept>
    <code value="49"/>
    <display value="Virginia"/>
    <definition value="Virginia"/>
  </concept>
  <concept>
    <code value="50"/>
    <display value="Washington"/>
    <definition value="Washington"/>
  </concept>
  <concept>
    <code value="51"/>
    <display value="West Virginia"/>
    <definition value="West Virginia"/>
  </concept>
  <concept>
    <code value="52"/>
    <display value="Wisconsin"/>
    <definition value="Wisconsin"/>
  </concept>
  <concept>
    <code value="53"/>
    <display value="Wyoming"/>
    <definition value="Wyoming"/>
  </concept>
  <concept>
    <code value="54"/>
    <display value="Africa"/>
    <definition value="Africa"/>
  </concept>
  <concept>
    <code value="55"/>
    <display value="California"/>
    <definition value="California"/>
  </concept>
  <concept>
    <code value="56"/>
    <display value="Canada &amp; Islands"/>
    <definition value="Canada &amp; Islands"/>
  </concept>
  <concept>
    <code value="57"/>
    <display value="Central America and West Indies"/>
    <definition value="Central America and West Indies"/>
  </concept>
  <concept>
    <code value="58"/>
    <display value="Europe"/>
    <definition value="Europe"/>
  </concept>
  <concept>
    <code value="59"/>
    <display value="Mexico"/>
    <definition value="Mexico"/>
  </concept>
  <concept>
    <code value="60"/>
    <display value="Oceania"/>
    <definition value="Oceania"/>
  </concept>
  <concept>
    <code value="61"/>
    <display value="Philippines"/>
    <definition value="Philippines"/>
  </concept>
  <concept>
    <code value="62"/>
    <display value="South America"/>
    <definition value="South America"/>
  </concept>
  <concept>
    <code value="63"/>
    <display value="U.S. Possessions"/>
    <definition value="U.S. Possessions"/>
  </concept>
  <concept>
    <code value="64"/>
    <display value="American Samoa"/>
    <definition value="American Samoa"/>
  </concept>
  <concept>
    <code value="65"/>
    <display value="Guam"/>
    <definition value="Guam"/>
  </concept>
  <concept>
    <code value="66"/>
    <display value="Commonwealth of the Northern Marianas Islands"/>
    <definition value="Commonwealth of the Northern Marianas Islands"/>
  </concept>
  <concept>
    <code value="67"/>
    <display value="Texas"/>
    <definition value="Texas"/>
  </concept>
  <concept>
    <code value="68"/>
    <display value="Florida (eff. 10/2005)"/>
    <definition value="Florida (eff. 10/2005)"/>
  </concept>
  <concept>
    <code value="69"/>
    <display value="Florida (eff. 10/2005)"/>
    <definition value="Florida (eff. 10/2005)"/>
  </concept>
  <concept>
    <code value="70"/>
    <display value="Kansas (eff. 10/2005)"/>
    <definition value="Kansas (eff. 10/2005)"/>
  </concept>
  <concept>
    <code value="71"/>
    <display value="Louisiana (eff. 10/2005)"/>
    <definition value="Louisiana (eff. 10/2005)"/>
  </concept>
  <concept>
    <code value="72"/>
    <display value="Ohio (eff. 10/2005)"/>
    <definition value="Ohio (eff. 10/2005)"/>
  </concept>
  <concept>
    <code value="73"/>
    <display value="Pennsylvania (eff. 10/2005)"/>
    <definition value="Pennsylvania (eff. 10/2005)"/>
  </concept>
  <concept>
    <code value="74"/>
    <display value="Texas (eff. 10/2005)"/>
    <definition value="Texas (eff. 10/2005)"/>
  </concept>
  <concept>
    <code value="80"/>
    <display value="Maryland (eff. 8/2000)"/>
    <definition value="Maryland (eff. 8/2000)"/>
  </concept>
  <concept>
    <code value="97"/>
    <display value="Northern Marianas"/>
    <definition value="Northern Marianas"/>
  </concept>
  <concept>
    <code value="98"/>
    <display value="Guam"/>
    <definition value="Guam"/>
  </concept>
  <concept>
    <code value="99"/>
    <display value="With 000 county code is American Samoa; otherwise unknown"/>
    <definition value="With 000 county code is American Samoa; otherwise unknown"/>
  </concept>
</CodeSystem>