<?xml version="1.0" encoding="UTF-8"?>

<CodeSystem xmlns="http://hl7.org/fhir">
  <id value="prcng-excptn-cd"/>
  <text>
    <status value="generated"/><div xmlns="http://www.w3.org/1999/xhtml"><h2>Pricing Exception Code</h2><div><p>This variable indicates if the PDE was processed by the Part D plan using pricing rules that differ from the plan's negotiated price. Most PDEs have missing values, indicating that they were obtained from in-network pharmacies. Source: https://bluebutton.cms.gov/resources/variables/prcng<em>excptn</em>cd</p>
</div><p>This code system http://hl7.org/fhir/CodeSystem/prcng-excptn-cd defines the following codes:</p><table class="codes"><tr><td><b>Code</b></td><td><b>Display</b></td><td><b>Definition</b></td></tr><tr><td>M<a name="prcng-excptn-cd-M"> </a></td><td>Medicare is a secondary payer (MSP)</td><td>Medicare is a secondary payer (MSP)</td></tr><tr><td>O<a name="prcng-excptn-cd-O"> </a></td><td>Out of network pharmacy</td><td>Out of network pharmacy</td></tr><tr><td>Blank<a name="prcng-excptn-cd-Blank"> </a></td><td>In-network pharmacy</td><td>In-network pharmacy</td></tr></table></div>
  </text>
  <url value="http://hl7.org/fhir/CodeSystem/prcng-excptn-cd"/>
  <identifier>
    <value value="http://hl7.org/fhir/CodeSystem/prcng-excptn-cd.html"/>
  </identifier>
  <version value="1.1.1"/>
  <name value="Pricing Exception Code"/>
  <title value="Pricing Exception Code"/>
  <status value="active"/>
  <date value="2018-11-27T15:56:35+00:00"/>
  <publisher value="CMS Blue Button 2.0 Team"/>
  <description value="This variable indicates if the PDE was processed by the Part D plan using pricing rules that differ from the plan&#39;s negotiated price. Most PDEs have missing values, indicating that they were obtained from in-network pharmacies. Source: https://bluebutton.cms.gov/resources/variables/prcng_excptn_cd"/>
  <caseSensitive value="true"/>
  <valueSet value="http://hl7.org/fhir/ValueSet/prcng-excptn-cd"/>
  <hierarchyMeaning value="is-a"/>
  <content value="complete"/>
  <concept>
    <code value="M"/>
    <display value="Medicare is a secondary payer (MSP)"/>
    <definition value="Medicare is a secondary payer (MSP)"/>
  </concept>
  <concept>
    <code value="O"/>
    <display value="Out of network pharmacy"/>
    <definition value="Out of network pharmacy"/>
  </concept>
  <concept>
    <code value="Blank"/>
    <display value="In-network pharmacy"/>
    <definition value="In-network pharmacy"/>
  </concept>
</CodeSystem>