<?xml version="1.0" encoding="UTF-8"?>

<CodeSystem xmlns="http://hl7.org/fhir">
  <id value="adjstmt-dltn-cd"/>
  <text>
    <status value="generated"/><div xmlns="http://www.w3.org/1999/xhtml"><h2>Adjustment Deletion Code</h2><div><p>This field distinguishes original from adjusted or deleted PDE records so CMS can adjust claims and make accurate payment for revised PDE records. Source: https://bluebutton.cms.gov/resources/variables/adjstmt<em>dltn</em>cd</p>
</div><p>This code system http://hl7.org/fhir/CodeSystem/adjstmt-dltn-cd defines the following codes:</p><table class="codes"><tr><td><b>Code</b></td><td><b>Display</b></td><td><b>Definition</b></td></tr><tr><td>Blank<a name="adjstmt-dltn-cd-Blank"> </a></td><td>Original PDE</td><td>Original PDE</td></tr><tr><td>A<a name="adjstmt-dltn-cd-A"> </a></td><td>Adjustment</td><td>Adjustment</td></tr><tr><td>D<a name="adjstmt-dltn-cd-D"> </a></td><td>Deletion</td><td>Deletion</td></tr><tr><td>R<a name="adjstmt-dltn-cd-R"> </a></td><td>Resubmitted</td><td>Resubmitted</td></tr></table></div>
  </text>
  <url value="http://hl7.org/fhir/CodeSystem/adjstmt-dltn-cd"/>
  <identifier>
    <value value="http://hl7.org/fhir/CodeSystem/adjstmt-dltn-cd.html"/>
  </identifier>
  <version value="1.1.1"/>
  <name value="Adjustment Deletion Code"/>
  <title value="Adjustment Deletion Code"/>
  <status value="active"/>
  <date value="2018-11-27T15:56:35+00:00"/>
  <publisher value="CMS Blue Button 2.0 Team"/>
  <description value="This field distinguishes original from adjusted or deleted PDE records so CMS can adjust claims and make accurate payment for revised PDE records. Source: https://bluebutton.cms.gov/resources/variables/adjstmt_dltn_cd"/>
  <caseSensitive value="true"/>
  <valueSet value="http://hl7.org/fhir/ValueSet/adjstmt-dltn-cd"/>
  <hierarchyMeaning value="is-a"/>
  <content value="complete"/>
  <concept>
    <code value="Blank"/>
    <display value="Original PDE"/>
    <definition value="Original PDE"/>
  </concept>
  <concept>
    <code value="A"/>
    <display value="Adjustment"/>
    <definition value="Adjustment"/>
  </concept>
  <concept>
    <code value="D"/>
    <display value="Deletion"/>
    <definition value="Deletion"/>
  </concept>
  <concept>
    <code value="R"/>
    <display value="Resubmitted"/>
    <definition value="Resubmitted"/>
  </concept>
</CodeSystem>