<?xml version="1.0" encoding="UTF-8"?>

<CodeSystem xmlns="http://hl7.org/fhir">
  <id value="drug-cvrg-stus-cd"/>
  <text>
    <status value="generated"/><div xmlns="http://www.w3.org/1999/xhtml"><h2>Drug Coverage Status Code</h2><div><p>This field indicates whether or not the drug is covered by Medicare Part D. The Part D benefit does not cover all FDA-approved drugs. However, plan sponsors can offer an “enhanced” benefit package that covers non-Part D drugs, such as over-the-counter medications. Source: https://bluebutton.cms.gov/resources/variables/drug<em>cvrg</em>stus_cd</p>
</div><p>This code system http://hl7.org/fhir/CodeSystem/drug-cvrg-stus-cd defines the following codes:</p><table class="codes"><tr><td><b>Code</b></td><td><b>Display</b></td><td><b>Definition</b></td></tr><tr><td>C<a name="drug-cvrg-stus-cd-C"> </a></td><td>Covered</td><td>Covered</td></tr><tr><td>E<a name="drug-cvrg-stus-cd-E"> </a></td><td>Supplemental drugs (reported by plans that provide Enhanced Alternative coverage)</td><td>Supplemental drugs (reported by plans that provide Enhanced Alternative coverage)</td></tr><tr><td>O<a name="drug-cvrg-stus-cd-O"> </a></td><td>Over-the-counter drugs</td><td>Over-the-counter drugs</td></tr></table></div>
  </text>
  <url value="http://hl7.org/fhir/CodeSystem/drug-cvrg-stus-cd"/>
  <identifier>
    <value value="http://hl7.org/fhir/CodeSystem/drug-cvrg-stus-cd"/>
  </identifier>
  <version value="1.1.0"/>
  <name value="Drug Coverage Status Code"/>
  <title value="Drug Coverage Status Code"/>
  <status value="active"/>
  <date value="2018-05-07T14:45:05+00:00"/>
  <description value="This field indicates whether or not the drug is covered by Medicare Part D. The Part D benefit does not cover all FDA-approved drugs. However, plan sponsors can offer an &#x201C;enhanced&#x201D; benefit package that covers non-Part D drugs, such as over-the-counter medications. Source: https://bluebutton.cms.gov/resources/variables/drug_cvrg_stus_cd"/>
  <caseSensitive value="true"/>
  <valueSet value="http://hl7.org/fhir/ValueSet/drug-cvrg-stus-cd"/>
  <hierarchyMeaning value="is-a"/>
  <content value="complete"/>
  <concept>
    <code value="C"/>
    <display value="Covered"/>
    <definition value="Covered"/>
  </concept>
  <concept>
    <code value="E"/>
    <display value="Supplemental drugs (reported by plans that provide Enhanced Alternative coverage)"/>
    <definition value="Supplemental drugs (reported by plans that provide Enhanced Alternative coverage)"/>
  </concept>
  <concept>
    <code value="O"/>
    <display value="Over-the-counter drugs"/>
    <definition value="Over-the-counter drugs"/>
  </concept>
</CodeSystem>