<?xml version="1.0" encoding="UTF-8"?>

<CodeSystem xmlns="http://hl7.org/fhir">
  <id value="information-categories"/>
  <text>
    <status value="generated"/><div xmlns="http://www.w3.org/1999/xhtml"><h2></h2><div/><p>This code system http://hl7.org/fhir/CodeSystem/information-categories defines the following codes:</p><table class="codes"><tr><td><b>Code</b></td><td><b>Display</b></td><td><b>Definition</b></td></tr><tr><td>daw-prod-slctn-cd<a name="information-categories-daw-prod-slctn-cd"> </a></td><td>Dispense as Written (DAW) Product Selection Code</td><td>http://hl7.org/fhir/ValueSet/daw-prod-slctn-cd</td></tr><tr><td>dspnsng-stus-cd<a name="information-categories-dspnsng-stus-cd"> </a></td><td>Dispensing Status Code</td><td>http://hl7.org/fhir/ValueSet/dspnsng-stus-cd</td></tr><tr><td>drug-cvrg-stus-cd<a name="information-categories-drug-cvrg-stus-cd"> </a></td><td>Drug Coverage Status Code</td><td>http://hl7.org/fhir/ValueSet/drug-cvrg-stus-cd</td></tr><tr><td>adjstmt-dltn-cd<a name="information-categories-adjstmt-dltn-cd"> </a></td><td>Adjustment Deletion Code</td><td>http://hl7.org/fhir/ValueSet/adjstmt-dltn-cd</td></tr><tr><td>nstd-frmt-cd<a name="information-categories-nstd-frmt-cd"> </a></td><td>Non-Standard Format Code</td><td>http://hl7.org/fhir/ValueSet/nstd-frmt-cd</td></tr><tr><td>prcng-excptn-cd<a name="information-categories-prcng-excptn-cd"> </a></td><td>Pricing Exception Code</td><td>http://hl7.org/fhir/ValueSet/prcng-excptn-cd</td></tr><tr><td>ctstrphc-cvrg-cd<a name="information-categories-ctstrphc-cvrg-cd"> </a></td><td>Catastrophic Coverage Code</td><td>http://hl7.org/fhir/ValueSet/ctstrphc-cvrg-cd</td></tr><tr><td>rx-orgn-cd<a name="information-categories-rx-orgn-cd"> </a></td><td>Prescription Origination Code</td><td>http://hl7.org/fhir/ValueSet/rx-orgn-cd</td></tr><tr><td>brnd-gnrc-cd<a name="information-categories-brnd-gnrc-cd"> </a></td><td>Brand-Generic Code Reported by Submitting Plan</td><td>http://hl7.org/fhir/ValueSet/brnd-gnrc-cd</td></tr><tr><td>phrmcy-srvc-type-cd<a name="information-categories-phrmcy-srvc-type-cd"> </a></td><td>Pharmacy service type code</td><td>http://hl7.org/fhir/ValueSet/phrmcy-srvc-type-cd</td></tr><tr><td>ptnt-rsdnc-cd<a name="information-categories-ptnt-rsdnc-cd"> </a></td><td>Patient Residence Code</td><td>http://hl7.org/fhir/ValueSet/ptnt-rsdnc-cd</td></tr><tr><td>submsn-clr-cd<a name="information-categories-submsn-clr-cd"> </a></td><td>Submission clarification code</td><td>http://hl7.org/fhir/ValueSet/submsn-clr-cd</td></tr><tr><td>nch-ptnt-stus-ind-cd<a name="information-categories-nch-ptnt-stus-ind-cd"> </a></td><td>NCH Patient Status Indicator Code</td><td>http://hl7.org/fhir/ValueSet/nch-ptnt-stus-ind-cd</td></tr><tr><td>clm-ip-admsn-type-cd<a name="information-categories-clm-ip-admsn-type-cd"> </a></td><td>Claim Inpatient Admission Type Code</td><td>http://hl7.org/fhir/ValueSet/clm-ip-admsn-type-cd</td></tr><tr><td>clm-src-ip-admsn-cd<a name="information-categories-clm-src-ip-admsn-cd"> </a></td><td>Claim Source Inpatient Admission Code</td><td>http://hl7.org/fhir/ValueSet/clm-src-ip-admsn-cd</td></tr><tr><td>clm-mco-pd-sw<a name="information-categories-clm-mco-pd-sw"> </a></td><td>Claim MCO Paid Switch</td><td>http://hl7.org/fhir/ValueSet/clm-mco-pd-sw</td></tr><tr><td>clm-freq-cd<a name="information-categories-clm-freq-cd"> </a></td><td>Claim Frequency Code</td><td>http://hl7.org/fhir/ValueSet/clm-freq-cd</td></tr><tr><td>ptnt-dschrg-stus-cd<a name="information-categories-ptnt-dschrg-stus-cd"> </a></td><td>Patient Discharge Status Code</td><td>http://hl7.org/fhir/ValueSet/ptnt-dschrg-stus-cd</td></tr><tr><td>nch-prmry-pyr-cd<a name="information-categories-nch-prmry-pyr-cd"> </a></td><td>NCH Primary Payer Code (if not Medicare)</td><td>http://hl7.org/fhir/ValueSet/nch-prmry-pyr-cd</td></tr><tr><td>clm-hha-lupa-ind-cd<a name="information-categories-clm-hha-lupa-ind-cd"> </a></td><td>Claim HHA Low Utilization Payment Adjustment (LUPA) Indicator Code</td><td>http://hl7.org/fhir/ValueSet/clm-hha-lupa-ind-cd</td></tr><tr><td>clm-hha-rfrl-cd<a name="information-categories-clm-hha-rfrl-cd"> </a></td><td>Physician referral - The patient was admitted upon the recommendation of a personal physician</td><td>http://hl7.org/fhir/ValueSet/clm-hha-rfrl-cd</td></tr></table></div>
  </text>
  <url value="http://hl7.org/fhir/CodeSystem/information-categories"/>
  <identifier>
    <value value="http://hl7.org/fhir/CodeSystem/information-categories"/>
  </identifier>
  <version value="1.1.0"/>
  <status value="active"/>
  <date value="2018-05-07T14:45:05+00:00"/>
  <caseSensitive value="true"/>
  <valueSet value="http://hl7.org/fhir/ValueSet/information-categories"/>
  <hierarchyMeaning value="is-a"/>
  <content value="complete"/>
  <concept>
    <code value="daw-prod-slctn-cd"/>
    <display value="Dispense as Written (DAW) Product Selection Code"/>
    <definition value="http://hl7.org/fhir/ValueSet/daw-prod-slctn-cd"/>
  </concept>
  <concept>
    <code value="dspnsng-stus-cd"/>
    <display value="Dispensing Status Code"/>
    <definition value="http://hl7.org/fhir/ValueSet/dspnsng-stus-cd"/>
  </concept>
  <concept>
    <code value="drug-cvrg-stus-cd"/>
    <display value="Drug Coverage Status Code"/>
    <definition value="http://hl7.org/fhir/ValueSet/drug-cvrg-stus-cd"/>
  </concept>
  <concept>
    <code value="adjstmt-dltn-cd"/>
    <display value="Adjustment Deletion Code"/>
    <definition value="http://hl7.org/fhir/ValueSet/adjstmt-dltn-cd"/>
  </concept>
  <concept>
    <code value="nstd-frmt-cd"/>
    <display value="Non-Standard Format Code"/>
    <definition value="http://hl7.org/fhir/ValueSet/nstd-frmt-cd"/>
  </concept>
  <concept>
    <code value="prcng-excptn-cd"/>
    <display value="Pricing Exception Code"/>
    <definition value="http://hl7.org/fhir/ValueSet/prcng-excptn-cd"/>
  </concept>
  <concept>
    <code value="ctstrphc-cvrg-cd"/>
    <display value="Catastrophic Coverage Code"/>
    <definition value="http://hl7.org/fhir/ValueSet/ctstrphc-cvrg-cd"/>
  </concept>
  <concept>
    <code value="rx-orgn-cd"/>
    <display value="Prescription Origination Code"/>
    <definition value="http://hl7.org/fhir/ValueSet/rx-orgn-cd"/>
  </concept>
  <concept>
    <code value="brnd-gnrc-cd"/>
    <display value="Brand-Generic Code Reported by Submitting Plan"/>
    <definition value="http://hl7.org/fhir/ValueSet/brnd-gnrc-cd"/>
  </concept>
  <concept>
    <code value="phrmcy-srvc-type-cd"/>
    <display value="Pharmacy service type code"/>
    <definition value="http://hl7.org/fhir/ValueSet/phrmcy-srvc-type-cd"/>
  </concept>
  <concept>
    <code value="ptnt-rsdnc-cd"/>
    <display value="Patient Residence Code"/>
    <definition value="http://hl7.org/fhir/ValueSet/ptnt-rsdnc-cd"/>
  </concept>
  <concept>
    <code value="submsn-clr-cd"/>
    <display value="Submission clarification code"/>
    <definition value="http://hl7.org/fhir/ValueSet/submsn-clr-cd"/>
  </concept>
  <concept>
    <code value="nch-ptnt-stus-ind-cd"/>
    <display value="NCH Patient Status Indicator Code"/>
    <definition value="http://hl7.org/fhir/ValueSet/nch-ptnt-stus-ind-cd"/>
  </concept>
  <concept>
    <code value="clm-ip-admsn-type-cd"/>
    <display value="Claim Inpatient Admission Type Code"/>
    <definition value="http://hl7.org/fhir/ValueSet/clm-ip-admsn-type-cd"/>
  </concept>
  <concept>
    <code value="clm-src-ip-admsn-cd"/>
    <display value="Claim Source Inpatient Admission Code"/>
    <definition value="http://hl7.org/fhir/ValueSet/clm-src-ip-admsn-cd"/>
  </concept>
  <concept>
    <code value="clm-mco-pd-sw"/>
    <display value="Claim MCO Paid Switch"/>
    <definition value="http://hl7.org/fhir/ValueSet/clm-mco-pd-sw"/>
  </concept>
  <concept>
    <code value="clm-freq-cd"/>
    <display value="Claim Frequency Code"/>
    <definition value="http://hl7.org/fhir/ValueSet/clm-freq-cd"/>
  </concept>
  <concept>
    <code value="ptnt-dschrg-stus-cd"/>
    <display value="Patient Discharge Status Code"/>
    <definition value="http://hl7.org/fhir/ValueSet/ptnt-dschrg-stus-cd"/>
  </concept>
  <concept>
    <code value="nch-prmry-pyr-cd"/>
    <display value="NCH Primary Payer Code (if not Medicare)"/>
    <definition value="http://hl7.org/fhir/ValueSet/nch-prmry-pyr-cd"/>
  </concept>
  <concept>
    <code value="clm-hha-lupa-ind-cd"/>
    <display value="Claim HHA Low Utilization Payment Adjustment (LUPA) Indicator Code"/>
    <definition value="http://hl7.org/fhir/ValueSet/clm-hha-lupa-ind-cd"/>
  </concept>
  <concept>
    <code value="clm-hha-rfrl-cd"/>
    <display value="Physician referral - The patient was admitted upon the recommendation of a personal physician"/>
    <definition value="http://hl7.org/fhir/ValueSet/clm-hha-rfrl-cd"/>
  </concept>
</CodeSystem>