<?xml version="1.0" encoding="UTF-8"?>

<CodeSystem xmlns="http://hl7.org/fhir">
  <id value="ptnt-dschrg-stus-cd"/>
  <text>
    <status value="generated"/><div xmlns="http://www.w3.org/1999/xhtml"><h2>Patient Discharge Status Code</h2><div><p>The code used to identify the status of the patient as of the CLM<em>THRU</em>DT. Source: https://bluebutton.cms.gov/resources/variables/ptnt<em>dschrg</em>stus_cd</p>
</div><p>This code system http://hl7.org/fhir/CodeSystem/ptnt-dschrg-stus-cd defines the following codes:</p><table class="codes"><tr><td><b>Code</b></td><td><b>Display</b></td><td><b>Definition</b></td></tr><tr><td>0<a name="ptnt-dschrg-stus-cd-0"> </a></td><td>Unknown Value (but present in data)</td><td>Unknown Value (but present in data)</td></tr><tr><td>01<a name="ptnt-dschrg-stus-cd-01"> </a></td><td>Discharged to home/self-care (routine charge).</td><td>Discharged to home/self-care (routine charge).</td></tr><tr><td>02<a name="ptnt-dschrg-stus-cd-02"> </a></td><td>Discharged/transferred to other short term general hospital for inpatient care.</td><td>Discharged/transferred to other short term general hospital for inpatient care.</td></tr><tr><td>03<a name="ptnt-dschrg-stus-cd-03"> </a></td><td>Discharged/transferred to skilled nursing facility (SNF) with Medicare certification in anticipation of covered skilled care -- (For hospitals with an approved swing bed arrangement, use Code 61 - swing bed. For reporting discharges/transfers to a non-certified SNF, the hospital must use Code 04 - ICF.</td><td>Discharged/transferred to skilled nursing facility (SNF) with Medicare certification in anticipation of covered skilled care -- (For hospitals with an approved swing bed arrangement, use Code 61 - swing bed. For reporting discharges/transfers to a non-certified SNF, the hospital must use Code 04 - ICF.</td></tr><tr><td>04<a name="ptnt-dschrg-stus-cd-04"> </a></td><td>Discharged/transferred to intermediate care facility (ICF).</td><td>Discharged/transferred to intermediate care facility (ICF).</td></tr><tr><td>05<a name="ptnt-dschrg-stus-cd-05"> </a></td><td>Discharged/transferred to another type of institution for inpatient care (including distinct parts). NOTE: Effective 1/2005, psychiatric hospital or psychiatric distinct part unit of a hospital will no longer be identified by this code. New code is '65'.</td><td>Discharged/transferred to another type of institution for inpatient care (including distinct parts). NOTE: Effective 1/2005, psychiatric hospital or psychiatric distinct part unit of a hospital will no longer be identified by this code. New code is '65'.</td></tr><tr><td>06<a name="ptnt-dschrg-stus-cd-06"> </a></td><td>Discharged/transferred to home care of organized home health service organization.</td><td>Discharged/transferred to home care of organized home health service organization.</td></tr><tr><td>07<a name="ptnt-dschrg-stus-cd-07"> </a></td><td>Left against medical advice or discontinued care.</td><td>Left against medical advice or discontinued care.</td></tr><tr><td>08<a name="ptnt-dschrg-stus-cd-08"> </a></td><td>Discharged/transferred to home under care of a home IV drug therapy provider. (discontinued effective 10/1/05)</td><td>Discharged/transferred to home under care of a home IV drug therapy provider. (discontinued effective 10/1/05)</td></tr><tr><td>09<a name="ptnt-dschrg-stus-cd-09"> </a></td><td>Admitted as an inpatient to this hospital (effective 3/1/91). In situations where a patient is admitted before midnight of the third day following the day of an outpatient service, the outpatient services are considered inpatient.</td><td>Admitted as an inpatient to this hospital (effective 3/1/91). In situations where a patient is admitted before midnight of the third day following the day of an outpatient service, the outpatient services are considered inpatient.</td></tr><tr><td>20<a name="ptnt-dschrg-stus-cd-20"> </a></td><td>Expired (patient did not recover).</td><td>Expired (patient did not recover).</td></tr><tr><td>21<a name="ptnt-dschrg-stus-cd-21"> </a></td><td>Discharged/transferred to court/law enforcement.</td><td>Discharged/transferred to court/law enforcement.</td></tr><tr><td>30<a name="ptnt-dschrg-stus-cd-30"> </a></td><td>Still patient.</td><td>Still patient.</td></tr><tr><td>40<a name="ptnt-dschrg-stus-cd-40"> </a></td><td>Expired at home (hospice claims only)</td><td>Expired at home (hospice claims only)</td></tr><tr><td>41<a name="ptnt-dschrg-stus-cd-41"> </a></td><td>Expired in a medical facility such as hospital, SNF, ICF, or freestanding hospice. (Hospice claims only)</td><td>Expired in a medical facility such as hospital, SNF, ICF, or freestanding hospice. (Hospice claims only)</td></tr><tr><td>42<a name="ptnt-dschrg-stus-cd-42"> </a></td><td>Expired - place unknown (Hospice claims only)</td><td>Expired - place unknown (Hospice claims only)</td></tr><tr><td>43<a name="ptnt-dschrg-stus-cd-43"> </a></td><td>Discharged/transferred to a federal hospital (eff. 10/1/03)</td><td>Discharged/transferred to a federal hospital (eff. 10/1/03)</td></tr><tr><td>50<a name="ptnt-dschrg-stus-cd-50"> </a></td><td>Discharged/transferred to a Hospice – home.</td><td>Discharged/transferred to a Hospice – home.</td></tr><tr><td>51<a name="ptnt-dschrg-stus-cd-51"> </a></td><td>Discharged/transferred to a Hospice – medical facility.</td><td>Discharged/transferred to a Hospice – medical facility.</td></tr><tr><td>61<a name="ptnt-dschrg-stus-cd-61"> </a></td><td>Discharged/transferred within this institution to a hospital-based Medicare approved swing bed (eff. 9/01)</td><td>Discharged/transferred within this institution to a hospital-based Medicare approved swing bed (eff. 9/01)</td></tr><tr><td>62<a name="ptnt-dschrg-stus-cd-62"> </a></td><td>Discharged/transferred to an inpatient rehabilitation facility including distinct parts units of a hospital. (eff. 1/2002)</td><td>Discharged/transferred to an inpatient rehabilitation facility including distinct parts units of a hospital. (eff. 1/2002)</td></tr><tr><td>63<a name="ptnt-dschrg-stus-cd-63"> </a></td><td>Discharged/transferred to a long term care hospitals. (eff. 1/2002)</td><td>Discharged/transferred to a long term care hospitals. (eff. 1/2002)</td></tr><tr><td>64<a name="ptnt-dschrg-stus-cd-64"> </a></td><td>Discharged/transferred to a nursing facility certified under Medicaid but not under Medicare (eff. 10/2002)</td><td>Discharged/transferred to a nursing facility certified under Medicaid but not under Medicare (eff. 10/2002)</td></tr><tr><td>65<a name="ptnt-dschrg-stus-cd-65"> </a></td><td>Discharged/Transferred to a psychiatric hospital or psychiatric distinct unit of a hospital (these types of hospitals were pulled from patient/discharge status code '05' and given their own code). (eff. 1/2005).</td><td>Discharged/Transferred to a psychiatric hospital or psychiatric distinct unit of a hospital (these types of hospitals were pulled from patient/discharge status code '05' and given their own code). (eff. 1/2005).</td></tr><tr><td>66<a name="ptnt-dschrg-stus-cd-66"> </a></td><td>Discharged/transferred to a Critical Access Hospital (CAH) (eff. 1/1/06)</td><td>Discharged/transferred to a Critical Access Hospital (CAH) (eff. 1/1/06)</td></tr><tr><td>69<a name="ptnt-dschrg-stus-cd-69"> </a></td><td>Discharged/transferred to a designated disaster alternative care site (starting 10/2013; applies only to particular MS-DRGs*)</td><td>Discharged/transferred to a designated disaster alternative care site (starting 10/2013; applies only to particular MS-DRGs*)</td></tr><tr><td>70<a name="ptnt-dschrg-stus-cd-70"> </a></td><td>Discharged/transferred to another type of health care institution not defined elsewhere in code list.</td><td>Discharged/transferred to another type of health care institution not defined elsewhere in code list.</td></tr><tr><td>71<a name="ptnt-dschrg-stus-cd-71"> </a></td><td>Discharged/transferred/referred to another institution for outpatient services as specified by the discharge plan of care (eff. 9/01) (discontinued effective 10/1/05)</td><td>Discharged/transferred/referred to another institution for outpatient services as specified by the discharge plan of care (eff. 9/01) (discontinued effective 10/1/05)</td></tr><tr><td>72<a name="ptnt-dschrg-stus-cd-72"> </a></td><td>Discharged/transferred/referred to this institution for outpatient services as specified by the discharge plan of care (eff. 9/01) (discontinued effective 10/1/05) The following codes apply only to particular MS-DRGs*, and were new in 10/2013:</td><td>Discharged/transferred/referred to this institution for outpatient services as specified by the discharge plan of care (eff. 9/01) (discontinued effective 10/1/05) The following codes apply only to particular MS-DRGs*, and were new in 10/2013:</td></tr><tr><td>81<a name="ptnt-dschrg-stus-cd-81"> </a></td><td>Discharged to home or self-care with a planned acute care hospital inpatient readmission.</td><td>Discharged to home or self-care with a planned acute care hospital inpatient readmission.</td></tr><tr><td>82<a name="ptnt-dschrg-stus-cd-82"> </a></td><td>Discharged/transferred to a short term general hospital for inpatient care with a planned acute care hospital inpatient readmission.</td><td>Discharged/transferred to a short term general hospital for inpatient care with a planned acute care hospital inpatient readmission.</td></tr><tr><td>83<a name="ptnt-dschrg-stus-cd-83"> </a></td><td>Discharged/transferred to a skilled nursing facility (SNF) with Medicare certification with a planned acute care hospital inpatient readmission.</td><td>Discharged/transferred to a skilled nursing facility (SNF) with Medicare certification with a planned acute care hospital inpatient readmission.</td></tr><tr><td>84<a name="ptnt-dschrg-stus-cd-84"> </a></td><td>Discharged/transferred to a facility that provides custodial or supportive care with a planned acute care hospital inpatient readmission.</td><td>Discharged/transferred to a facility that provides custodial or supportive care with a planned acute care hospital inpatient readmission.</td></tr><tr><td>85<a name="ptnt-dschrg-stus-cd-85"> </a></td><td>Discharged/transferred to a designated cancer center or children’s hospital with a planned acute care hospital inpatient readmission.</td><td>Discharged/transferred to a designated cancer center or children’s hospital with a planned acute care hospital inpatient readmission.</td></tr><tr><td>86<a name="ptnt-dschrg-stus-cd-86"> </a></td><td>Discharged/transferred to home under care of organized home health service organization with a planned acute care hospital inpatient readmission.</td><td>Discharged/transferred to home under care of organized home health service organization with a planned acute care hospital inpatient readmission.</td></tr><tr><td>87<a name="ptnt-dschrg-stus-cd-87"> </a></td><td>Discharged/transferred to court/law enforcement with a planned acute care hospital inpatient readmission.</td><td>Discharged/transferred to court/law enforcement with a planned acute care hospital inpatient readmission.</td></tr><tr><td>88<a name="ptnt-dschrg-stus-cd-88"> </a></td><td>Discharged/transferred to a federal health care facility with a planned acute care hospital inpatient readmission.</td><td>Discharged/transferred to a federal health care facility with a planned acute care hospital inpatient readmission.</td></tr><tr><td>89<a name="ptnt-dschrg-stus-cd-89"> </a></td><td>Discharged/transferred to a hospital-based Medicare approved swing bed with a planned acute care hospital inpatient readmission.</td><td>Discharged/transferred to a hospital-based Medicare approved swing bed with a planned acute care hospital inpatient readmission.</td></tr><tr><td>90<a name="ptnt-dschrg-stus-cd-90"> </a></td><td>Discharged/transferred to an inpatient rehabilitation facility (IRF) including rehabilitation distinct part units of a hospital with a planned acute care hospital inpatient readmission.</td><td>Discharged/transferred to an inpatient rehabilitation facility (IRF) including rehabilitation distinct part units of a hospital with a planned acute care hospital inpatient readmission.</td></tr><tr><td>91<a name="ptnt-dschrg-stus-cd-91"> </a></td><td>Discharged/transferred to a Medicare certified long term care hospital (LTCH) with a planned acute care hospital inpatient readmission.</td><td>Discharged/transferred to a Medicare certified long term care hospital (LTCH) with a planned acute care hospital inpatient readmission.</td></tr><tr><td>92<a name="ptnt-dschrg-stus-cd-92"> </a></td><td>Discharged/transferred to a nursing facility certified under Medicaid but not certified under Medicare with a planned acute care hospital inpatient readmission.</td><td>Discharged/transferred to a nursing facility certified under Medicaid but not certified under Medicare with a planned acute care hospital inpatient readmission.</td></tr><tr><td>93<a name="ptnt-dschrg-stus-cd-93"> </a></td><td>Discharged/transferred to a psychiatric distinct part unit of a hospital with a planned acute care hospital inpatient readmission.</td><td>Discharged/transferred to a psychiatric distinct part unit of a hospital with a planned acute care hospital inpatient readmission.</td></tr><tr><td>94<a name="ptnt-dschrg-stus-cd-94"> </a></td><td>Discharged/transferred to a critical access hospital (CAH) with a planned acute care hospital inpatient readmission.</td><td>Discharged/transferred to a critical access hospital (CAH) with a planned acute care hospital inpatient readmission.</td></tr><tr><td>95<a name="ptnt-dschrg-stus-cd-95"> </a></td><td>Discharged/transferred to another type of health care institution not defined elsewhere in this code list with a planned acute care hospital inpatient readmission.</td><td>Discharged/transferred to another type of health care institution not defined elsewhere in this code list with a planned acute care hospital inpatient readmission.</td></tr></table></div>
  </text>
  <url value="http://hl7.org/fhir/CodeSystem/ptnt-dschrg-stus-cd"/>
  <identifier>
    <value value="http://hl7.org/fhir/CodeSystem/ptnt-dschrg-stus-cd.html"/>
  </identifier>
  <version value="1.1.1"/>
  <name value="Patient Discharge Status Code"/>
  <title value="Patient Discharge Status Code"/>
  <status value="active"/>
  <date value="2018-11-27T15:56:35+00:00"/>
  <publisher value="CMS Blue Button 2.0 Team"/>
  <description value="The code used to identify the status of the patient as of the CLM_THRU_DT. Source: https://bluebutton.cms.gov/resources/variables/ptnt_dschrg_stus_cd"/>
  <caseSensitive value="true"/>
  <valueSet value="http://hl7.org/fhir/ValueSet/ptnt-dschrg-stus-cd"/>
  <hierarchyMeaning value="is-a"/>
  <content value="complete"/>
  <concept>
    <code value="0"/>
    <display value="Unknown Value (but present in data)"/>
    <definition value="Unknown Value (but present in data)"/>
  </concept>
  <concept>
    <code value="01"/>
    <display value="Discharged to home/self-care (routine charge)."/>
    <definition value="Discharged to home/self-care (routine charge)."/>
  </concept>
  <concept>
    <code value="02"/>
    <display value="Discharged/transferred to other short term general hospital for inpatient care."/>
    <definition value="Discharged/transferred to other short term general hospital for inpatient care."/>
  </concept>
  <concept>
    <code value="03"/>
    <display value="Discharged/transferred to skilled nursing facility (SNF) with Medicare certification in anticipation of covered skilled care -- (For hospitals with an approved swing bed arrangement, use Code 61 - swing bed. For reporting discharges/transfers to a non-certified SNF, the hospital must use Code 04 - ICF."/>
    <definition value="Discharged/transferred to skilled nursing facility (SNF) with Medicare certification in anticipation of covered skilled care -- (For hospitals with an approved swing bed arrangement, use Code 61 - swing bed. For reporting discharges/transfers to a non-certified SNF, the hospital must use Code 04 - ICF."/>
  </concept>
  <concept>
    <code value="04"/>
    <display value="Discharged/transferred to intermediate care facility (ICF)."/>
    <definition value="Discharged/transferred to intermediate care facility (ICF)."/>
  </concept>
  <concept>
    <code value="05"/>
    <display value="Discharged/transferred to another type of institution for inpatient care (including distinct parts). NOTE: Effective 1/2005, psychiatric hospital or psychiatric distinct part unit of a hospital will no longer be identified by this code. New code is &#39;65&#39;."/>
    <definition value="Discharged/transferred to another type of institution for inpatient care (including distinct parts). NOTE: Effective 1/2005, psychiatric hospital or psychiatric distinct part unit of a hospital will no longer be identified by this code. New code is &#39;65&#39;."/>
  </concept>
  <concept>
    <code value="06"/>
    <display value="Discharged/transferred to home care of organized home health service organization."/>
    <definition value="Discharged/transferred to home care of organized home health service organization."/>
  </concept>
  <concept>
    <code value="07"/>
    <display value="Left against medical advice or discontinued care."/>
    <definition value="Left against medical advice or discontinued care."/>
  </concept>
  <concept>
    <code value="08"/>
    <display value="Discharged/transferred to home under care of a home IV drug therapy provider. (discontinued effective 10/1/05)"/>
    <definition value="Discharged/transferred to home under care of a home IV drug therapy provider. (discontinued effective 10/1/05)"/>
  </concept>
  <concept>
    <code value="09"/>
    <display value="Admitted as an inpatient to this hospital (effective 3/1/91). In situations where a patient is admitted before midnight of the third day following the day of an outpatient service, the outpatient services are considered inpatient."/>
    <definition value="Admitted as an inpatient to this hospital (effective 3/1/91). In situations where a patient is admitted before midnight of the third day following the day of an outpatient service, the outpatient services are considered inpatient."/>
  </concept>
  <concept>
    <code value="20"/>
    <display value="Expired (patient did not recover)."/>
    <definition value="Expired (patient did not recover)."/>
  </concept>
  <concept>
    <code value="21"/>
    <display value="Discharged/transferred to court/law enforcement."/>
    <definition value="Discharged/transferred to court/law enforcement."/>
  </concept>
  <concept>
    <code value="30"/>
    <display value="Still patient."/>
    <definition value="Still patient."/>
  </concept>
  <concept>
    <code value="40"/>
    <display value="Expired at home (hospice claims only)"/>
    <definition value="Expired at home (hospice claims only)"/>
  </concept>
  <concept>
    <code value="41"/>
    <display value="Expired in a medical facility such as hospital, SNF, ICF, or freestanding hospice. (Hospice claims only)"/>
    <definition value="Expired in a medical facility such as hospital, SNF, ICF, or freestanding hospice. (Hospice claims only)"/>
  </concept>
  <concept>
    <code value="42"/>
    <display value="Expired - place unknown (Hospice claims only)"/>
    <definition value="Expired - place unknown (Hospice claims only)"/>
  </concept>
  <concept>
    <code value="43"/>
    <display value="Discharged/transferred to a federal hospital (eff. 10/1/03)"/>
    <definition value="Discharged/transferred to a federal hospital (eff. 10/1/03)"/>
  </concept>
  <concept>
    <code value="50"/>
    <display value="Discharged/transferred to a Hospice &#x2013; home."/>
    <definition value="Discharged/transferred to a Hospice &#x2013; home."/>
  </concept>
  <concept>
    <code value="51"/>
    <display value="Discharged/transferred to a Hospice &#x2013; medical facility."/>
    <definition value="Discharged/transferred to a Hospice &#x2013; medical facility."/>
  </concept>
  <concept>
    <code value="61"/>
    <display value="Discharged/transferred within this institution to a hospital-based Medicare approved swing bed (eff. 9/01)"/>
    <definition value="Discharged/transferred within this institution to a hospital-based Medicare approved swing bed (eff. 9/01)"/>
  </concept>
  <concept>
    <code value="62"/>
    <display value="Discharged/transferred to an inpatient rehabilitation facility including distinct parts units of a hospital. (eff. 1/2002)"/>
    <definition value="Discharged/transferred to an inpatient rehabilitation facility including distinct parts units of a hospital. (eff. 1/2002)"/>
  </concept>
  <concept>
    <code value="63"/>
    <display value="Discharged/transferred to a long term care hospitals. (eff. 1/2002)"/>
    <definition value="Discharged/transferred to a long term care hospitals. (eff. 1/2002)"/>
  </concept>
  <concept>
    <code value="64"/>
    <display value="Discharged/transferred to a nursing facility certified under Medicaid but not under Medicare (eff. 10/2002)"/>
    <definition value="Discharged/transferred to a nursing facility certified under Medicaid but not under Medicare (eff. 10/2002)"/>
  </concept>
  <concept>
    <code value="65"/>
    <display value="Discharged/Transferred to a psychiatric hospital or psychiatric distinct unit of a hospital (these types of hospitals were pulled from patient/discharge status code &#39;05&#39; and given their own code). (eff. 1/2005)."/>
    <definition value="Discharged/Transferred to a psychiatric hospital or psychiatric distinct unit of a hospital (these types of hospitals were pulled from patient/discharge status code &#39;05&#39; and given their own code). (eff. 1/2005)."/>
  </concept>
  <concept>
    <code value="66"/>
    <display value="Discharged/transferred to a Critical Access Hospital (CAH) (eff. 1/1/06)"/>
    <definition value="Discharged/transferred to a Critical Access Hospital (CAH) (eff. 1/1/06)"/>
  </concept>
  <concept>
    <code value="69"/>
    <display value="Discharged/transferred to a designated disaster alternative care site (starting 10/2013; applies only to particular MS-DRGs*)"/>
    <definition value="Discharged/transferred to a designated disaster alternative care site (starting 10/2013; applies only to particular MS-DRGs*)"/>
  </concept>
  <concept>
    <code value="70"/>
    <display value="Discharged/transferred to another type of health care institution not defined elsewhere in code list."/>
    <definition value="Discharged/transferred to another type of health care institution not defined elsewhere in code list."/>
  </concept>
  <concept>
    <code value="71"/>
    <display value="Discharged/transferred/referred to another institution for outpatient services as specified by the discharge plan of care (eff. 9/01) (discontinued effective 10/1/05)"/>
    <definition value="Discharged/transferred/referred to another institution for outpatient services as specified by the discharge plan of care (eff. 9/01) (discontinued effective 10/1/05)"/>
  </concept>
  <concept>
    <code value="72"/>
    <display value="Discharged/transferred/referred to this institution for outpatient services as specified by the discharge plan of care (eff. 9/01) (discontinued effective 10/1/05) The following codes apply only to particular MS-DRGs*, and were new in 10/2013:"/>
    <definition value="Discharged/transferred/referred to this institution for outpatient services as specified by the discharge plan of care (eff. 9/01) (discontinued effective 10/1/05) The following codes apply only to particular MS-DRGs*, and were new in 10/2013:"/>
  </concept>
  <concept>
    <code value="81"/>
    <display value="Discharged to home or self-care with a planned acute care hospital inpatient readmission."/>
    <definition value="Discharged to home or self-care with a planned acute care hospital inpatient readmission."/>
  </concept>
  <concept>
    <code value="82"/>
    <display value="Discharged/transferred to a short term general hospital for inpatient care with a planned acute care hospital inpatient readmission."/>
    <definition value="Discharged/transferred to a short term general hospital for inpatient care with a planned acute care hospital inpatient readmission."/>
  </concept>
  <concept>
    <code value="83"/>
    <display value="Discharged/transferred to a skilled nursing facility (SNF) with Medicare certification with a planned acute care hospital inpatient readmission."/>
    <definition value="Discharged/transferred to a skilled nursing facility (SNF) with Medicare certification with a planned acute care hospital inpatient readmission."/>
  </concept>
  <concept>
    <code value="84"/>
    <display value="Discharged/transferred to a facility that provides custodial or supportive care with a planned acute care hospital inpatient readmission."/>
    <definition value="Discharged/transferred to a facility that provides custodial or supportive care with a planned acute care hospital inpatient readmission."/>
  </concept>
  <concept>
    <code value="85"/>
    <display value="Discharged/transferred to a designated cancer center or children&#x2019;s hospital with a planned acute care hospital inpatient readmission."/>
    <definition value="Discharged/transferred to a designated cancer center or children&#x2019;s hospital with a planned acute care hospital inpatient readmission."/>
  </concept>
  <concept>
    <code value="86"/>
    <display value="Discharged/transferred to home under care of organized home health service organization with a planned acute care hospital inpatient readmission."/>
    <definition value="Discharged/transferred to home under care of organized home health service organization with a planned acute care hospital inpatient readmission."/>
  </concept>
  <concept>
    <code value="87"/>
    <display value="Discharged/transferred to court/law enforcement with a planned acute care hospital inpatient readmission."/>
    <definition value="Discharged/transferred to court/law enforcement with a planned acute care hospital inpatient readmission."/>
  </concept>
  <concept>
    <code value="88"/>
    <display value="Discharged/transferred to a federal health care facility with a planned acute care hospital inpatient readmission."/>
    <definition value="Discharged/transferred to a federal health care facility with a planned acute care hospital inpatient readmission."/>
  </concept>
  <concept>
    <code value="89"/>
    <display value="Discharged/transferred to a hospital-based Medicare approved swing bed with a planned acute care hospital inpatient readmission."/>
    <definition value="Discharged/transferred to a hospital-based Medicare approved swing bed with a planned acute care hospital inpatient readmission."/>
  </concept>
  <concept>
    <code value="90"/>
    <display value="Discharged/transferred to an inpatient rehabilitation facility (IRF) including rehabilitation distinct part units of a hospital with a planned acute care hospital inpatient readmission."/>
    <definition value="Discharged/transferred to an inpatient rehabilitation facility (IRF) including rehabilitation distinct part units of a hospital with a planned acute care hospital inpatient readmission."/>
  </concept>
  <concept>
    <code value="91"/>
    <display value="Discharged/transferred to a Medicare certified long term care hospital (LTCH) with a planned acute care hospital inpatient readmission."/>
    <definition value="Discharged/transferred to a Medicare certified long term care hospital (LTCH) with a planned acute care hospital inpatient readmission."/>
  </concept>
  <concept>
    <code value="92"/>
    <display value="Discharged/transferred to a nursing facility certified under Medicaid but not certified under Medicare with a planned acute care hospital inpatient readmission."/>
    <definition value="Discharged/transferred to a nursing facility certified under Medicaid but not certified under Medicare with a planned acute care hospital inpatient readmission."/>
  </concept>
  <concept>
    <code value="93"/>
    <display value="Discharged/transferred to a psychiatric distinct part unit of a hospital with a planned acute care hospital inpatient readmission."/>
    <definition value="Discharged/transferred to a psychiatric distinct part unit of a hospital with a planned acute care hospital inpatient readmission."/>
  </concept>
  <concept>
    <code value="94"/>
    <display value="Discharged/transferred to a critical access hospital (CAH) with a planned acute care hospital inpatient readmission."/>
    <definition value="Discharged/transferred to a critical access hospital (CAH) with a planned acute care hospital inpatient readmission."/>
  </concept>
  <concept>
    <code value="95"/>
    <display value="Discharged/transferred to another type of health care institution not defined elsewhere in this code list with a planned acute care hospital inpatient readmission."/>
    <definition value="Discharged/transferred to another type of health care institution not defined elsewhere in this code list with a planned acute care hospital inpatient readmission."/>
  </concept>
</CodeSystem>