<?xml version="1.0" encoding="UTF-8"?>

<CodeSystem xmlns="http://hl7.org/fhir">
  <id value="clm-hha-lupa-ind-cd"/>
  <text>
    <status value="generated"/><div xmlns="http://www.w3.org/1999/xhtml"><h2>Claim HHA Low Utilization Payment Adjustment (LUPA) Indicator Code</h2><div><p>The code used to identify those Home Health PPS claims that have 4 visits or less in a 60-day episode. If an HHA provides 4 visits or less, they will be reimbursed based on a national standardized per visit rate instead of Home Health resource groups (HHRGs). Source: https://bluebutton.cms.gov/resources/variables/clm<em>hha</em>lupa<em>ind</em>cd</p>
</div><p>This code system http://hl7.org/fhir/CodeSystem/clm-hha-lupa-ind-cd defines the following codes:</p><table class="codes"><tr><td><b>Code</b></td><td><b>Display</b></td><td><b>Definition</b></td></tr><tr><td>L<a name="clm-hha-lupa-ind-cd-L"> </a></td><td>Low utilization payment adjustment (LUPA) claim</td><td>Low utilization payment adjustment (LUPA) claim</td></tr><tr><td>Blank<a name="clm-hha-lupa-ind-cd-Blank"> </a></td><td>Not a LUPA claim; process using Home Health resource groups (HHRG)</td><td>Not a LUPA claim; process using Home Health resource groups (HHRG)</td></tr></table></div>
  </text>
  <url value="http://hl7.org/fhir/CodeSystem/clm-hha-lupa-ind-cd"/>
  <identifier>
    <value value="http://hl7.org/fhir/CodeSystem/clm-hha-lupa-ind-cd.html"/>
  </identifier>
  <version value="1.1.1"/>
  <name value="Claim HHA Low Utilization Payment Adjustment (LUPA) Indicator Code"/>
  <title value="Claim HHA Low Utilization Payment Adjustment (LUPA) Indicator Code"/>
  <status value="active"/>
  <date value="2018-11-27T15:56:35+00:00"/>
  <publisher value="CMS Blue Button 2.0 Team"/>
  <description value="The code used to identify those Home Health PPS claims that have 4 visits or less in a 60-day episode. If an HHA provides 4 visits or less, they will be reimbursed based on a national standardized per visit rate instead of Home Health resource groups (HHRGs). Source: https://bluebutton.cms.gov/resources/variables/clm_hha_lupa_ind_cd"/>
  <caseSensitive value="true"/>
  <valueSet value="http://hl7.org/fhir/ValueSet/clm-hha-lupa-ind-cd"/>
  <hierarchyMeaning value="is-a"/>
  <content value="complete"/>
  <concept>
    <code value="L"/>
    <display value="Low utilization payment adjustment (LUPA) claim"/>
    <definition value="Low utilization payment adjustment (LUPA) claim"/>
  </concept>
  <concept>
    <code value="Blank"/>
    <display value="Not a LUPA claim; process using Home Health resource groups (HHRG)"/>
    <definition value="Not a LUPA claim; process using Home Health resource groups (HHRG)"/>
  </concept>
</CodeSystem>