<?xml version="1.0" encoding="UTF-8"?>

<ValueSet xmlns="http://hl7.org/fhir">
  <id value="rx-orgn-cd"/>
  <text>
    <status value="generated"/><div xmlns="http://www.w3.org/1999/xhtml"><h2>Prescription Origination Code</h2><div><p>This variable indicates whether the prescription was transmitted as an electronic prescription, by phone, by fax, or as a written paper copy. Source: https://bluebutton.cms.gov/resources/variables/rx<em>orgn</em>cd</p>
</div><p>This value set includes codes from the following code systems:</p><ul><li>Include all codes defined in <a href="CodeSystem/rx-orgn-cd.html"><code>http://hl7.org/fhir/CodeSystem/rx-orgn-cd</code></a></li></ul></div>
  </text>
  <url value="http://hl7.org/fhir/ValueSet/rx-orgn-cd"/>
  <version value="1.1.0"/>
  <name value="Prescription Origination Code"/>
  <status value="draft"/>
  <date value="2018-05-07T14:45:05+00:00"/>
  <description value="This variable indicates whether the prescription was transmitted as an electronic prescription, by phone, by fax, or as a written paper copy. Source: https://bluebutton.cms.gov/resources/variables/rx_orgn_cd"/>
  <compose>
    <include>
      <system value="http://hl7.org/fhir/CodeSystem/rx-orgn-cd"/>
    </include>
  </compose>
</ValueSet>