<?xml version="1.0" encoding="UTF-8"?>

<ValueSet xmlns="http://hl7.org/fhir">
  <id value="clm-freq-cd"/>
  <text>
    <status value="generated"/><div xmlns="http://www.w3.org/1999/xhtml"><h2>Claim Frequency Code</h2><div><p>The third digit of the type of bill (TOB3) submitted on an institutional claim record to indicate the sequence of a claim in the beneficiary's current episode of care. Source: https://bluebutton.cms.gov/resources/variables/clm<em>freq</em>cd</p>
</div><p>This value set includes codes from the following code systems:</p><ul><li>Include all codes defined in <a href="CodeSystem/clm-freq-cd.html"><code>http://hl7.org/fhir/CodeSystem/clm-freq-cd</code></a></li></ul></div>
  </text>
  <url value="http://hl7.org/fhir/ValueSet/clm-freq-cd"/>
  <version value="1.1.0"/>
  <name value="Claim Frequency Code"/>
  <status value="draft"/>
  <date value="2018-05-31T14:39:32+00:00"/>
  <description value="The third digit of the type of bill (TOB3) submitted on an institutional claim record to indicate the sequence of a claim in the beneficiary&#39;s current episode of care. Source: https://bluebutton.cms.gov/resources/variables/clm_freq_cd"/>
  <compose>
    <include>
      <system value="http://hl7.org/fhir/CodeSystem/clm-freq-cd"/>
    </include>
  </compose>
</ValueSet>