<?xml version="1.0" encoding="UTF-8"?>

<ValueSet xmlns="http://hl7.org/fhir">
  <id value="clm-ip-admsn-type-cd"/>
  <text>
    <status value="generated"/><div xmlns="http://www.w3.org/1999/xhtml"><h2>Claim Inpatient Admission Type Code</h2><div><p>The code indicating the type and priority of an inpatient admission associated with the service on an intermediary submitted claim. Source: https://bluebutton.cms.gov/resources/variables/clm<em>ip</em>admsn<em>type</em>cd</p>
</div><p>This value set includes codes from the following code systems:</p><ul><li>Include all codes defined in <a href="CodeSystem/clm-ip-admsn-type-cd.html"><code>http://hl7.org/fhir/CodeSystem/clm-ip-admsn-type-cd</code></a></li></ul></div>
  </text>
  <url value="http://hl7.org/fhir/ValueSet/clm-ip-admsn-type-cd"/>
  <version value="1.1.0"/>
  <name value="Claim Inpatient Admission Type Code"/>
  <status value="draft"/>
  <date value="2018-05-07T14:45:05+00:00"/>
  <description value="The code indicating the type and priority of an inpatient admission associated with the service on an intermediary submitted claim. Source: https://bluebutton.cms.gov/resources/variables/clm_ip_admsn_type_cd"/>
  <compose>
    <include>
      <system value="http://hl7.org/fhir/CodeSystem/clm-ip-admsn-type-cd"/>
    </include>
  </compose>
</ValueSet>