<?xml version="1.0" encoding="UTF-8"?>

<ValueSet xmlns="http://hl7.org/fhir">
  <id value="betos-cd"/>
  <text>
    <status value="generated"/><div xmlns="http://www.w3.org/1999/xhtml"><h2>Line Berenson-Eggers Type of Service (BETOS) Code</h2><div><p>The Berenson-Eggers type of service (BETOS) for the procedure code based on generally agreed upon clinically meaningful groupings of procedures and services. This field is included as a line item on the non-institutional claim. Source: https://bluebutton.cms.gov/resources/variables/betos_cd</p>
</div><p>This value set includes codes from the following code systems:</p><ul><li>Include all codes defined in <a href="CodeSystem/betos-cd.html"><code>http://hl7.org/fhir/CodeSystem/betos-cd</code></a></li></ul></div>
  </text>
  <url value="http://hl7.org/fhir/ValueSet/betos-cd"/>
  <version value="1.1.0"/>
  <name value="Line Berenson-Eggers Type of Service (BETOS) Code"/>
  <status value="draft"/>
  <date value="2018-05-31T14:39:32+00:00"/>
  <description value="The Berenson-Eggers type of service (BETOS) for the procedure code based on generally agreed upon clinically meaningful groupings of procedures and services. This field is included as a line item on the non-institutional claim. Source: https://bluebutton.cms.gov/resources/variables/betos_cd"/>
  <compose>
    <include>
      <system value="http://hl7.org/fhir/CodeSystem/betos-cd"/>
    </include>
  </compose>
</ValueSet>