<?xml version="1.0" encoding="UTF-8"?>

<ValueSet xmlns="http://hl7.org/fhir">
  <id value="dmerc-line-prcng-state-cd"/>
  <text>
    <status value="generated"/><div xmlns="http://www.w3.org/1999/xhtml"><h2>DMERC Line Pricing State Code (SSA)</h2><div><p>The 2-digit SSA state code where the durable medical equipment (DME) supplier was located; used by the Medicare Administrative Contractor (MAC) for pricing the service. Source: https://bluebutton.cms.gov/resources/variables/dmerc<em>line</em>prcng<em>state</em>cd</p>
</div><p>This value set includes codes from the following code systems:</p><ul><li>Include all codes defined in <a href="CodeSystem/dmerc-line-prcng-state-cd.html"><code>http://hl7.org/fhir/CodeSystem/dmerc-line-prcng-state-cd</code></a></li></ul></div>
  </text>
  <url value="http://hl7.org/fhir/ValueSet/dmerc-line-prcng-state-cd"/>
  <version value="1.1.0"/>
  <name value="DMERC Line Pricing State Code (SSA)"/>
  <status value="draft"/>
  <date value="2018-05-31T14:39:32+00:00"/>
  <description value="The 2-digit SSA state code where the durable medical equipment (DME) supplier was located; used by the Medicare Administrative Contractor (MAC) for pricing the service. Source: https://bluebutton.cms.gov/resources/variables/dmerc_line_prcng_state_cd"/>
  <compose>
    <include>
      <system value="http://hl7.org/fhir/CodeSystem/dmerc-line-prcng-state-cd"/>
    </include>
  </compose>
</ValueSet>