<?xml version="1.0" encoding="UTF-8"?>

<ValueSet xmlns="http://hl7.org/fhir">
  <id value="carr-line-mtus-cd"/>
  <text>
    <status value="generated"/><div xmlns="http://www.w3.org/1999/xhtml"><h2>Carrier Line Miles/Time/Units/Services (MTUS) Indicator Code</h2><div><p>Code indicating the units associated with services needing unit reporting on the line item for the carrier claim (non-DMERC). Source: https://bluebutton.cms.gov/resources/variables/carr<em>line</em>mtus_cd</p>
</div><p>This value set includes codes from the following code systems:</p><ul><li>Include all codes defined in <a href="CodeSystem/carr-line-mtus-cd.html"><code>http://hl7.org/fhir/CodeSystem/carr-line-mtus-cd</code></a></li></ul></div>
  </text>
  <url value="http://hl7.org/fhir/ValueSet/carr-line-mtus-cd"/>
  <version value="1.1.0"/>
  <name value="Carrier Line Miles/Time/Units/Services (MTUS) Indicator Code"/>
  <status value="draft"/>
  <date value="2018-05-07T14:45:05+00:00"/>
  <description value="Code indicating the units associated with services needing unit reporting on the line item for the carrier claim (non-DMERC). Source: https://bluebutton.cms.gov/resources/variables/carr_line_mtus_cd"/>
  <compose>
    <include>
      <system value="http://hl7.org/fhir/CodeSystem/carr-line-mtus-cd"/>
    </include>
  </compose>
</ValueSet>