<?xml version="1.0" encoding="UTF-8"?>

<ValueSet xmlns="http://hl7.org/fhir">
  <id value="adjstmt-dltn-cd"/>
  <text>
    <status value="generated"/><div xmlns="http://www.w3.org/1999/xhtml"><h2>Adjustment Deletion Code</h2><div><p>This field distinguishes original from adjusted or deleted PDE records so CMS can adjust claims and make accurate payment for revised PDE records. Source: https://bluebutton.cms.gov/resources/variables/adjstmt<em>dltn</em>cd</p>
</div><p>This value set includes codes from the following code systems:</p><ul><li>Include all codes defined in <a href="CodeSystem/adjstmt-dltn-cd.html"><code>http://hl7.org/fhir/CodeSystem/adjstmt-dltn-cd</code></a></li></ul></div>
  </text>
  <url value="http://hl7.org/fhir/ValueSet/adjstmt-dltn-cd"/>
  <version value="1.1.0"/>
  <name value="Adjustment Deletion Code"/>
  <status value="draft"/>
  <date value="2018-05-31T14:39:32+00:00"/>
  <description value="This field distinguishes original from adjusted or deleted PDE records so CMS can adjust claims and make accurate payment for revised PDE records. Source: https://bluebutton.cms.gov/resources/variables/adjstmt_dltn_cd"/>
  <compose>
    <include>
      <system value="http://hl7.org/fhir/CodeSystem/adjstmt-dltn-cd"/>
    </include>
  </compose>
</ValueSet>