<?xml version="1.0" encoding="UTF-8"?>

<ValueSet xmlns="http://hl7.org/fhir">
  <id value="nch-ptnt-stus-ind-cd"/>
  <text>
    <status value="generated"/><div xmlns="http://www.w3.org/1999/xhtml"><h2>NCH Patient Status Indicator Code</h2><div><p>This variable is a recoded version of the discharge status code (variable called PTNT<em>DSCHRG</em>STUS<em>CD). Source: https://bluebutton.cms.gov/resources/variables/nch</em>ptnt<em>stus</em>ind_cd</p>
</div><p>This value set includes codes from the following code systems:</p><ul><li>Include all codes defined in <a href="CodeSystem/nch-ptnt-stus-ind-cd.html"><code>http://hl7.org/fhir/CodeSystem/nch-ptnt-stus-ind-cd</code></a></li></ul></div>
  </text>
  <url value="http://hl7.org/fhir/ValueSet/nch-ptnt-stus-ind-cd"/>
  <version value="1.1.1"/>
  <name value="NCH Patient Status Indicator Code"/>
  <status value="draft"/>
  <date value="2018-11-27T15:56:35+00:00"/>
  <description value="This variable is a recoded version of the discharge status code (variable called PTNT_DSCHRG_STUS_CD). Source: https://bluebutton.cms.gov/resources/variables/nch_ptnt_stus_ind_cd"/>
  <compose>
    <include>
      <system value="http://hl7.org/fhir/CodeSystem/nch-ptnt-stus-ind-cd"/>
    </include>
  </compose>
</ValueSet>