<?xml version="1.0" encoding="UTF-8"?>

<ValueSet xmlns="http://hl7.org/fhir">
  <id value="carr-clm-pmt-dnl-cd"/>
  <text>
    <status value="generated"/><div xmlns="http://www.w3.org/1999/xhtml"><h2>Carrier Claim Payment Denial Code</h2><div><p>The code on a non-institutional claim indicating to whom payment was made or if the claim was denied. Source: https://bluebutton.cms.gov/resources/variables/carr<em>clm</em>pmt<em>dnl</em>cd</p>
</div><p>This value set includes codes from the following code systems:</p><ul><li>Include all codes defined in <a href="CodeSystem/carr-clm-pmt-dnl-cd.html"><code>http://hl7.org/fhir/CodeSystem/carr-clm-pmt-dnl-cd</code></a></li></ul></div>
  </text>
  <url value="http://hl7.org/fhir/ValueSet/carr-clm-pmt-dnl-cd"/>
  <version value="1.1.0"/>
  <name value="Carrier Claim Payment Denial Code"/>
  <status value="draft"/>
  <date value="2018-05-31T14:39:32+00:00"/>
  <description value="The code on a non-institutional claim indicating to whom payment was made or if the claim was denied. Source: https://bluebutton.cms.gov/resources/variables/carr_clm_pmt_dnl_cd"/>
  <compose>
    <include>
      <system value="http://hl7.org/fhir/CodeSystem/carr-clm-pmt-dnl-cd"/>
    </include>
  </compose>
</ValueSet>