<?xml version="1.0" encoding="UTF-8"?>

<ValueSet xmlns="http://hl7.org/fhir">
  <id value="ms-dc"/>
  <text>
    <status value="generated"/><div xmlns="http://www.w3.org/1999/xhtml"><h2>Medicare Status Code</h2><div><p>This variable indicates how a beneficiary currently qualifies for Medicare. Source: https://bluebutton.cms.gov/resources/variables/ms_cd</p>
</div><p>This value set includes codes from the following code systems:</p><ul><li>Include all codes defined in <code>http://hl7.org/fhir/CodeSystem/ms-dc</code></li></ul></div>
  </text>
  <url value="http://hl7.org/fhir/ValueSet/ms-dc"/>
  <version value="1.1.1"/>
  <name value="Medicare Status Code"/>
  <status value="draft"/>
  <date value="2018-11-27T15:56:35+00:00"/>
  <description value="This variable indicates how a beneficiary currently qualifies for Medicare. Source: https://bluebutton.cms.gov/resources/variables/ms_cd"/>
  <compose>
    <include>
      <system value="http://hl7.org/fhir/CodeSystem/ms-dc"/>
    </include>
  </compose>
</ValueSet>