<?xml version="1.0" encoding="UTF-8"?>

<ValueSet xmlns="http://hl7.org/fhir">
  <id value="orec"/>
  <text>
    <status value="generated"/><div xmlns="http://www.w3.org/1999/xhtml"><h2>Original Reason for Entitlement Code</h2><div><p>Original reason for Medicare entitlement. Source: https://bluebutton.cms.gov/resources/variables/orec</p>
</div><p>This value set includes codes from the following code systems:</p><ul><li>Include all codes defined in <a href="CodeSystem/orec.html"><code>http://hl7.org/fhir/CodeSystem/orec</code></a></li></ul></div>
  </text>
  <url value="http://hl7.org/fhir/ValueSet/orec"/>
  <version value="1.1.1"/>
  <name value="Original Reason for Entitlement Code"/>
  <status value="draft"/>
  <date value="2018-11-27T15:56:35+00:00"/>
  <description value="Original reason for Medicare entitlement. Source: https://bluebutton.cms.gov/resources/variables/orec"/>
  <compose>
    <include>
      <system value="http://hl7.org/fhir/CodeSystem/orec"/>
    </include>
  </compose>
</ValueSet>