<?xml version="1.0" encoding="UTF-8"?>

<ValueSet xmlns="http://hl7.org/fhir">
  <id value="line-pmt-80-100-cd"/>
  <text>
    <status value="generated"/><div xmlns="http://www.w3.org/1999/xhtml"><h2>Line Payment 80% / 100% Code</h2><div><p>The code indicating that the amount shown in the payment field on the non-institutional line item represents either 80% or 100% of the allowed charges less any deductible, or 100% limitation of liability only. Source: https://bluebutton.cms.gov/resources/variables/line<em>pmt</em>80<em>100</em>cd</p>
</div><p>This value set includes codes from the following code systems:</p><ul><li>Include all codes defined in <a href="CodeSystem/line-pmt-80-100-cd.html"><code>http://hl7.org/fhir/CodeSystem/line-pmt-80-100-cd</code></a></li></ul></div>
  </text>
  <url value="http://hl7.org/fhir/ValueSet/line-pmt-80-100-cd"/>
  <version value="1.1.0"/>
  <name value="Line Payment 80% / 100% Code"/>
  <status value="draft"/>
  <date value="2018-05-31T14:39:32+00:00"/>
  <description value="The code indicating that the amount shown in the payment field on the non-institutional line item represents either 80% or 100% of the allowed charges less any deductible, or 100% limitation of liability only. Source: https://bluebutton.cms.gov/resources/variables/line_pmt_80_100_cd"/>
  <compose>
    <include>
      <system value="http://hl7.org/fhir/CodeSystem/line-pmt-80-100-cd"/>
    </include>
  </compose>
</ValueSet>