<?xml version="1.0" encoding="UTF-8"?>

<ValueSet xmlns="http://hl7.org/fhir">
  <id value="rev-cntr-ndc-qty-qlfr-cd"/>
  <text>
    <status value="generated"/><div xmlns="http://www.w3.org/1999/xhtml"><h2>Revenue Center NDC Quantity Qualifier Code</h2><div><p>Effective with Version 'J', the code used to indicate the unit of measurement for the drug that was administered. Source: https://bluebutton.cms.gov/resources/variables/rev<em>cntr</em>ndc<em>qty</em>qlfr_cd</p>
</div><p>This value set includes codes from the following code systems:</p><ul><li>Include all codes defined in <a href="CodeSystem/rev-cntr-ndc-qty-qlfr-cd.html"><code>http://hl7.org/fhir/CodeSystem/rev-cntr-ndc-qty-qlfr-cd</code></a></li></ul></div>
  </text>
  <url value="http://hl7.org/fhir/ValueSet/rev-cntr-ndc-qty-qlfr-cd"/>
  <version value="1.1.0"/>
  <name value="Revenue Center NDC Quantity Qualifier Code"/>
  <status value="draft"/>
  <date value="2018-05-31T14:39:32+00:00"/>
  <description value="Effective with Version &#39;J&#39;, the code used to indicate the unit of measurement for the drug that was administered. Source: https://bluebutton.cms.gov/resources/variables/rev_cntr_ndc_qty_qlfr_cd"/>
  <compose>
    <include>
      <system value="http://hl7.org/fhir/CodeSystem/rev-cntr-ndc-qty-qlfr-cd"/>
    </include>
  </compose>
</ValueSet>