<?xml version="1.0" encoding="UTF-8"?><CodeSystem xmlns="http://hl7.org/fhir"><id value="ptnt-rsdnc-cd"/><text><status value="generated"/><div xmlns="http://www.w3.org/1999/xhtml"><h2>Patient Residence Code</h2><div><p>This variable indicates where the beneficiary lived when the prescription was filled, as reported on the PDE record. Source: https://bluebutton.cms.gov/resources/variables/ptnt<em>rsdnc</em>cd</p>
</div><p>This code system http://hl7.org/fhir/CodeSystem/ptnt-rsdnc-cd defines the following codes:</p><table class="codes"><tr><td><b>Code</b></td><td><b>Display</b></td><td><b>Definition</b></td></tr><tr><td>00<a name="ptnt-rsdnc-cd-00"> </a></td><td>Not specified, other patient residence not identified below</td><td>Not specified, other patient residence not identified below</td></tr><tr><td>01<a name="ptnt-rsdnc-cd-01"> </a></td><td>Home</td><td>Home</td></tr><tr><td>02<a name="ptnt-rsdnc-cd-02"> </a></td><td>Skilled Nursing Facility</td><td>Skilled Nursing Facility</td></tr><tr><td>03<a name="ptnt-rsdnc-cd-03"> </a></td><td>Nursing facility (long-term care facility)</td><td>Nursing facility (long-term care facility)</td></tr><tr><td>04<a name="ptnt-rsdnc-cd-04"> </a></td><td>Assisted living facility</td><td>Assisted living facility</td></tr><tr><td>05<a name="ptnt-rsdnc-cd-05"> </a></td><td>Custodial Care Facility (residential but not medical care)</td><td>Custodial Care Facility (residential but not medical care)</td></tr><tr><td>06<a name="ptnt-rsdnc-cd-06"> </a></td><td>Group home (e.g., congregate residential foster care)</td><td>Group home (e.g., congregate residential foster care)</td></tr><tr><td>07<a name="ptnt-rsdnc-cd-07"> </a></td><td>Inpatient Psychiatric Facility</td><td>Inpatient Psychiatric Facility</td></tr><tr><td>08<a name="ptnt-rsdnc-cd-08"> </a></td><td>Psychiatric Facility &#x2013; Partial Hospitalization</td><td>Psychiatric Facility &#x2013; Partial Hospitalization</td></tr><tr><td>09<a name="ptnt-rsdnc-cd-09"> </a></td><td>Intermediate care facility for the mentally retarded (ICF/MR)</td><td>Intermediate care facility for the mentally retarded (ICF/MR)</td></tr><tr><td>10<a name="ptnt-rsdnc-cd-10"> </a></td><td>Residential Substance Abuse Treatment Facility</td><td>Residential Substance Abuse Treatment Facility</td></tr><tr><td>11<a name="ptnt-rsdnc-cd-11"> </a></td><td>Hospice</td><td>Hospice</td></tr><tr><td>12<a name="ptnt-rsdnc-cd-12"> </a></td><td>Psychiatric Residential Treatment Facility</td><td>Psychiatric Residential Treatment Facility</td></tr><tr><td>13<a name="ptnt-rsdnc-cd-13"> </a></td><td>Comprehensive Inpatient Rehabilitation Facility</td><td>Comprehensive Inpatient Rehabilitation Facility</td></tr><tr><td>14<a name="ptnt-rsdnc-cd-14"> </a></td><td>Homeless Shelter</td><td>Homeless Shelter</td></tr><tr><td>15<a name="ptnt-rsdnc-cd-15"> </a></td><td>Correctional Institution</td><td>Correctional Institution</td></tr></table></div></text><url value="http://hl7.org/fhir/CodeSystem/ptnt-rsdnc-cd"/><identifier><value value="http://hl7.org/fhir/CodeSystem/ptnt-rsdnc-cd.html"/></identifier><version value="1.1.1"/><name value="Patient Residence Code"/><title value="Patient Residence Code"/><status value="active"/><date value="2018-11-27T15:56:35+00:00"/><publisher value="CMS Blue Button 2.0 Team"/><description value="This variable indicates where the beneficiary lived when the prescription was filled, as reported on the PDE record. Source: https://bluebutton.cms.gov/resources/variables/ptnt_rsdnc_cd"/><caseSensitive value="true"/><valueSet value="http://hl7.org/fhir/ValueSet/ptnt-rsdnc-cd"/><hierarchyMeaning value="is-a"/><content value="complete"/><concept><code value="00"/><display value="Not specified, other patient residence not identified below"/><definition value="Not specified, other patient residence not identified below"/></concept><concept><code value="01"/><display value="Home"/><definition value="Home"/></concept><concept><code value="02"/><display value="Skilled Nursing Facility"/><definition value="Skilled Nursing Facility"/></concept><concept><code value="03"/><display value="Nursing facility (long-term care facility)"/><definition value="Nursing facility (long-term care facility)"/></concept><concept><code value="04"/><display value="Assisted living facility"/><definition value="Assisted living facility"/></concept><concept><code value="05"/><display value="Custodial Care Facility (residential but not medical care)"/><definition value="Custodial Care Facility (residential but not medical care)"/></concept><concept><code value="06"/><display value="Group home (e.g., congregate residential foster care)"/><definition value="Group home (e.g., congregate residential foster care)"/></concept><concept><code value="07"/><display value="Inpatient Psychiatric Facility"/><definition value="Inpatient Psychiatric Facility"/></concept><concept><code value="08"/><display value="Psychiatric Facility &#x2013; Partial Hospitalization"/><definition value="Psychiatric Facility &#x2013; Partial Hospitalization"/></concept><concept><code value="09"/><display value="Intermediate care facility for the mentally retarded (ICF/MR)"/><definition value="Intermediate care facility for the mentally retarded (ICF/MR)"/></concept><concept><code value="10"/><display value="Residential Substance Abuse Treatment Facility"/><definition value="Residential Substance Abuse Treatment Facility"/></concept><concept><code value="11"/><display value="Hospice"/><definition value="Hospice"/></concept><concept><code value="12"/><display value="Psychiatric Residential Treatment Facility"/><definition value="Psychiatric Residential Treatment Facility"/></concept><concept><code value="13"/><display value="Comprehensive Inpatient Rehabilitation Facility"/><definition value="Comprehensive Inpatient Rehabilitation Facility"/></concept><concept><code value="14"/><display value="Homeless Shelter"/><definition value="Homeless Shelter"/></concept><concept><code value="15"/><display value="Correctional Institution"/><definition value="Correctional Institution"/></concept></CodeSystem>