<?xml version="1.0" encoding="UTF-8"?><CodeSystem xmlns="http://hl7.org/fhir"><id value="claim-query-cd"/><text><status value="generated"/><div xmlns="http://www.w3.org/1999/xhtml"><h2>Claim Query Code</h2><div><p>Code indicating the type of claim record being processed with respect to payment (debit/credit indicator; interim/final indicator). Source: https://bluebutton.cms.gov/resources/variables/claim<em>query</em>cd</p>
</div><p>This code system http://hl7.org/fhir/CodeSystem/claim-query-cd defines the following codes:</p><table class="codes"><tr><td><b>Code</b></td><td><b>Display</b></td><td><b>Definition</b></td></tr><tr><td>1<a name="claim-query-cd-1"> </a></td><td>Interim bill</td><td>Interim bill</td></tr><tr><td>3<a name="claim-query-cd-3"> </a></td><td>Final bill</td><td>Final bill</td></tr><tr><td>5<a name="claim-query-cd-5"> </a></td><td>Debit adjustment</td><td>Debit adjustment</td></tr></table></div></text><url value="http://hl7.org/fhir/CodeSystem/claim-query-cd"/><identifier><value value="http://hl7.org/fhir/CodeSystem/claim-query-cd.html"/></identifier><version value="1.1.1"/><name value="Claim Query Code"/><title value="Claim Query Code"/><status value="active"/><date value="2018-11-27T15:56:35+00:00"/><publisher value="CMS Blue Button 2.0 Team"/><description value="Code indicating the type of claim record being processed with respect to payment (debit/credit indicator; interim/final indicator). Source: https://bluebutton.cms.gov/resources/variables/claim_query_cd"/><caseSensitive value="true"/><valueSet value="http://hl7.org/fhir/ValueSet/claim-query-cd"/><hierarchyMeaning value="is-a"/><content value="complete"/><concept><code value="1"/><display value="Interim bill"/><definition value="Interim bill"/></concept><concept><code value="3"/><display value="Final bill"/><definition value="Final bill"/></concept><concept><code value="5"/><display value="Debit adjustment"/><definition value="Debit adjustment"/></concept></CodeSystem>