<?xml version="1.0" encoding="UTF-8"?><CodeSystem xmlns="http://hl7.org/fhir"><id value="clm-src-ip-admsn-cd"/><text><status value="generated"/><div xmlns="http://www.w3.org/1999/xhtml"><h2>Claim Source Inpatient Admission Code</h2><div><p>The code indicating the source of the referral for the admission or visit. Source: https://bluebutton.cms.gov/resources/variables/clm<em>src</em>ip<em>admsn</em>cd</p>
</div><p>This code system http://hl7.org/fhir/CodeSystem/clm-src-ip-admsn-cd defines the following codes:</p><table class="codes"><tr><td><b>Code</b></td><td><b>Display</b></td><td><b>Definition</b></td></tr><tr><td>0<a name="clm-src-ip-admsn-cd-0"> </a></td><td>ANOMALY: invalid value, if present, translate to &#39;9&#39;</td><td>ANOMALY: invalid value, if present, translate to &#39;9&#39;</td></tr><tr><td>1<a name="clm-src-ip-admsn-cd-1"> </a></td><td>Non-Health Care Facility Point of Origin (Physician Referral) &#x2013; The patient was admitted to this facility upon an order of a physician.</td><td>Non-Health Care Facility Point of Origin (Physician Referral) &#x2013; The patient was admitted to this facility upon an order of a physician.</td></tr><tr><td>2<a name="clm-src-ip-admsn-cd-2"> </a></td><td>Clinic referral &#x2013; The patient was admitted upon the recommendation of this facility&#39;s clinic physician.</td><td>Clinic referral &#x2013; The patient was admitted upon the recommendation of this facility&#39;s clinic physician.</td></tr><tr><td>3<a name="clm-src-ip-admsn-cd-3"> </a></td><td>HMO referral - Reserved for national Prior to 3/08, HMO referral &#x2013; The patient was admitted upon the recommendation of an health maintenance organization (HMO) physician.</td><td>HMO referral - Reserved for national Prior to 3/08, HMO referral &#x2013; The patient was admitted upon the recommendation of an health maintenance organization (HMO) physician.</td></tr><tr><td>4<a name="clm-src-ip-admsn-cd-4"> </a></td><td>Transfer from hospital (Different Facility) &#x2013; The patient was admitted to this facility as a hospital transfer from an acute care facility where he or she was an inpatient.</td><td>Transfer from hospital (Different Facility) &#x2013; The patient was admitted to this facility as a hospital transfer from an acute care facility where he or she was an inpatient.</td></tr><tr><td>5<a name="clm-src-ip-admsn-cd-5"> </a></td><td>Transfer from a skilled nursing facility (SNF) or Intermediate Care Facility (ICF) &#x2013; The patient was admitted to this facility as a transfer from a SNF or ICF where he or she was a resident.</td><td>Transfer from a skilled nursing facility (SNF) or Intermediate Care Facility (ICF) &#x2013; The patient was admitted to this facility as a transfer from a SNF or ICF where he or she was a resident.</td></tr><tr><td>6<a name="clm-src-ip-admsn-cd-6"> </a></td><td>Transfer from another health care facility &#x2013; The patient was admitted to this facility as a transfer from another type of health care facility not defined elsewhere in this code list where he or she was an inpatient.</td><td>Transfer from another health care facility &#x2013; The patient was admitted to this facility as a transfer from another type of health care facility not defined elsewhere in this code list where he or she was an inpatient.</td></tr><tr><td>7<a name="clm-src-ip-admsn-cd-7"> </a></td><td>Emergency room &#x2013; The patient was admitted to this facility after receiving services in this facility&#39;s emergency room department (CMS discontinued this code 07/2010, although a small number of claims with this code appear after that time).</td><td>Emergency room &#x2013; The patient was admitted to this facility after receiving services in this facility&#39;s emergency room department (CMS discontinued this code 07/2010, although a small number of claims with this code appear after that time).</td></tr><tr><td>8<a name="clm-src-ip-admsn-cd-8"> </a></td><td>Court/law enforcement &#x2013; The patient was admitted upon the direction of a court of law or upon the request of a law enforcement agency&#39;s representative.</td><td>Court/law enforcement &#x2013; The patient was admitted upon the direction of a court of law or upon the request of a law enforcement agency&#39;s representative.</td></tr><tr><td>9<a name="clm-src-ip-admsn-cd-9"> </a></td><td>Information not available &#x2013; The means by which the patient was admitted is not known.</td><td>Information not available &#x2013; The means by which the patient was admitted is not known.</td></tr><tr><td>A<a name="clm-src-ip-admsn-cd-A"> </a></td><td>Reserved for National Assignment. (eff. 3/08) Prior to 3/08 defined as: Transfer from a Critical Access Hospital - patient was admitted/referred to this facility as a transfer from a Critical Access Hospital.</td><td>Reserved for National Assignment. (eff. 3/08) Prior to 3/08 defined as: Transfer from a Critical Access Hospital - patient was admitted/referred to this facility as a transfer from a Critical Access Hospital.</td></tr><tr><td>B<a name="clm-src-ip-admsn-cd-B"> </a></td><td>Transfer from Another Home Health Agency &#x2013; The patient was admitted to this home health agency as a transfer from another home health agency. (Discontinued July 1, 2010- See Condition Code 47)</td><td>Transfer from Another Home Health Agency &#x2013; The patient was admitted to this home health agency as a transfer from another home health agency. (Discontinued July 1, 2010- See Condition Code 47)</td></tr><tr><td>C<a name="clm-src-ip-admsn-cd-C"> </a></td><td>Readmission to Same Home Health Agency &#x2013; The patient was readmitted to this home health agency within the same home health episode period. (Discontinued July 1, 2010)</td><td>Readmission to Same Home Health Agency &#x2013; The patient was readmitted to this home health agency within the same home health episode period. (Discontinued July 1, 2010)</td></tr><tr><td>D<a name="clm-src-ip-admsn-cd-D"> </a></td><td>Transfer from hospital inpatient in the same facility resulting in a separate claim to the payer &#x2013; The patient was admitted to this facility as a transfer from hospital inpatient within this facility resulting in a separate claim to the payer.</td><td>Transfer from hospital inpatient in the same facility resulting in a separate claim to the payer &#x2013; The patient was admitted to this facility as a transfer from hospital inpatient within this facility resulting in a separate claim to the payer.</td></tr><tr><td>E<a name="clm-src-ip-admsn-cd-E"> </a></td><td>Transfer from Ambulatory Surgical Center</td><td>Transfer from Ambulatory Surgical Center</td></tr><tr><td>F<a name="clm-src-ip-admsn-cd-F"> </a></td><td>Transfer from hospice and is under a hospice plan of care or enrolled in hospice program For Newborn Type of Admission</td><td>Transfer from hospice and is under a hospice plan of care or enrolled in hospice program For Newborn Type of Admission</td></tr><tr><td>1<a name="clm-src-ip-admsn-cd-1"> </a></td><td>Normal delivery &#x2013; A baby delivered without complications.</td><td>Normal delivery &#x2013; A baby delivered without complications.</td></tr><tr><td>2<a name="clm-src-ip-admsn-cd-2"> </a></td><td>Premature delivery &#x2013; A baby delivered with time and/or weight factors qualifying it for premature status.</td><td>Premature delivery &#x2013; A baby delivered with time and/or weight factors qualifying it for premature status.</td></tr><tr><td>3<a name="clm-src-ip-admsn-cd-3"> </a></td><td>Sick baby &#x2013; A baby delivered with medical complications, other than those relating to premature status.</td><td>Sick baby &#x2013; A baby delivered with medical complications, other than those relating to premature status.</td></tr><tr><td>4<a name="clm-src-ip-admsn-cd-4"> </a></td><td>Extramural birth &#x2013; A baby delivered in a nonsterile environment.</td><td>Extramural birth &#x2013; A baby delivered in a nonsterile environment.</td></tr><tr><td>5<a name="clm-src-ip-admsn-cd-5"> </a></td><td>Reserved for national assignment.</td><td>Reserved for national assignment.</td></tr><tr><td>6<a name="clm-src-ip-admsn-cd-6"> </a></td><td>Reserved for national assignment.</td><td>Reserved for national assignment.</td></tr><tr><td>7<a name="clm-src-ip-admsn-cd-7"> </a></td><td>Reserved for national assignment.</td><td>Reserved for national assignment.</td></tr><tr><td>8<a name="clm-src-ip-admsn-cd-8"> </a></td><td>Reserved for national assignment.</td><td>Reserved for national assignment.</td></tr><tr><td>9<a name="clm-src-ip-admsn-cd-9"> </a></td><td>Information not available.</td><td>Information not available.</td></tr></table></div></text><url value="http://hl7.org/fhir/CodeSystem/clm-src-ip-admsn-cd"/><identifier><value value="http://hl7.org/fhir/CodeSystem/clm-src-ip-admsn-cd"/></identifier><version value="1.1.0"/><name value="Claim Source Inpatient Admission Code"/><title value="Claim Source Inpatient Admission Code"/><status value="active"/><date value="2018-05-31T14:39:32+00:00"/><description value="The code indicating the source of the referral for the admission or visit. Source: https://bluebutton.cms.gov/resources/variables/clm_src_ip_admsn_cd"/><caseSensitive value="true"/><valueSet value="http://hl7.org/fhir/ValueSet/clm-src-ip-admsn-cd"/><hierarchyMeaning value="is-a"/><content value="complete"/><concept><code value="0"/><display value="ANOMALY: invalid value, if present, translate to &#39;9&#39;"/><definition value="ANOMALY: invalid value, if present, translate to &#39;9&#39;"/></concept><concept><code value="1"/><display value="Non-Health Care Facility Point of Origin (Physician Referral) &#x2013; The patient was admitted to this facility upon an order of a physician."/><definition value="Non-Health Care Facility Point of Origin (Physician Referral) &#x2013; The patient was admitted to this facility upon an order of a physician."/></concept><concept><code value="2"/><display value="Clinic referral &#x2013; The patient was admitted upon the recommendation of this facility&#39;s clinic physician."/><definition value="Clinic referral &#x2013; The patient was admitted upon the recommendation of this facility&#39;s clinic physician."/></concept><concept><code value="3"/><display value="HMO referral - Reserved for national Prior to 3/08, HMO referral &#x2013; The patient was admitted upon the recommendation of an health maintenance organization (HMO) physician."/><definition value="HMO referral - Reserved for national Prior to 3/08, HMO referral &#x2013; The patient was admitted upon the recommendation of an health maintenance organization (HMO) physician."/></concept><concept><code value="4"/><display value="Transfer from hospital (Different Facility) &#x2013; The patient was admitted to this facility as a hospital transfer from an acute care facility where he or she was an inpatient."/><definition value="Transfer from hospital (Different Facility) &#x2013; The patient was admitted to this facility as a hospital transfer from an acute care facility where he or she was an inpatient."/></concept><concept><code value="5"/><display value="Transfer from a skilled nursing facility (SNF) or Intermediate Care Facility (ICF) &#x2013; The patient was admitted to this facility as a transfer from a SNF or ICF where he or she was a resident."/><definition value="Transfer from a skilled nursing facility (SNF) or Intermediate Care Facility (ICF) &#x2013; The patient was admitted to this facility as a transfer from a SNF or ICF where he or she was a resident."/></concept><concept><code value="6"/><display value="Transfer from another health care facility &#x2013; The patient was admitted to this facility as a transfer from another type of health care facility not defined elsewhere in this code list where he or she was an inpatient."/><definition value="Transfer from another health care facility &#x2013; The patient was admitted to this facility as a transfer from another type of health care facility not defined elsewhere in this code list where he or she was an inpatient."/></concept><concept><code value="7"/><display value="Emergency room &#x2013; The patient was admitted to this facility after receiving services in this facility&#39;s emergency room department (CMS discontinued this code 07/2010, although a small number of claims with this code appear after that time)."/><definition value="Emergency room &#x2013; The patient was admitted to this facility after receiving services in this facility&#39;s emergency room department (CMS discontinued this code 07/2010, although a small number of claims with this code appear after that time)."/></concept><concept><code value="8"/><display value="Court/law enforcement &#x2013; The patient was admitted upon the direction of a court of law or upon the request of a law enforcement agency&#39;s representative."/><definition value="Court/law enforcement &#x2013; The patient was admitted upon the direction of a court of law or upon the request of a law enforcement agency&#39;s representative."/></concept><concept><code value="9"/><display value="Information not available &#x2013; The means by which the patient was admitted is not known."/><definition value="Information not available &#x2013; The means by which the patient was admitted is not known."/></concept><concept><code value="A"/><display value="Reserved for National Assignment. (eff. 3/08) Prior to 3/08 defined as: Transfer from a Critical Access Hospital - patient was admitted/referred to this facility as a transfer from a Critical Access Hospital."/><definition value="Reserved for National Assignment. (eff. 3/08) Prior to 3/08 defined as: Transfer from a Critical Access Hospital - patient was admitted/referred to this facility as a transfer from a Critical Access Hospital."/></concept><concept><code value="B"/><display value="Transfer from Another Home Health Agency &#x2013; The patient was admitted to this home health agency as a transfer from another home health agency. (Discontinued July 1, 2010- See Condition Code 47)"/><definition value="Transfer from Another Home Health Agency &#x2013; The patient was admitted to this home health agency as a transfer from another home health agency. (Discontinued July 1, 2010- See Condition Code 47)"/></concept><concept><code value="C"/><display value="Readmission to Same Home Health Agency &#x2013; The patient was readmitted to this home health agency within the same home health episode period. (Discontinued July 1, 2010)"/><definition value="Readmission to Same Home Health Agency &#x2013; The patient was readmitted to this home health agency within the same home health episode period. (Discontinued July 1, 2010)"/></concept><concept><code value="D"/><display value="Transfer from hospital inpatient in the same facility resulting in a separate claim to the payer &#x2013; The patient was admitted to this facility as a transfer from hospital inpatient within this facility resulting in a separate claim to the payer."/><definition value="Transfer from hospital inpatient in the same facility resulting in a separate claim to the payer &#x2013; The patient was admitted to this facility as a transfer from hospital inpatient within this facility resulting in a separate claim to the payer."/></concept><concept><code value="E"/><display value="Transfer from Ambulatory Surgical Center"/><definition value="Transfer from Ambulatory Surgical Center"/></concept><concept><code value="F"/><display value="Transfer from hospice and is under a hospice plan of care or enrolled in hospice program For Newborn Type of Admission"/><definition value="Transfer from hospice and is under a hospice plan of care or enrolled in hospice program For Newborn Type of Admission"/></concept><concept><code value="1"/><display value="Normal delivery &#x2013; A baby delivered without complications."/><definition value="Normal delivery &#x2013; A baby delivered without complications."/></concept><concept><code value="2"/><display value="Premature delivery &#x2013; A baby delivered with time and/or weight factors qualifying it for premature status."/><definition value="Premature delivery &#x2013; A baby delivered with time and/or weight factors qualifying it for premature status."/></concept><concept><code value="3"/><display value="Sick baby &#x2013; A baby delivered with medical complications, other than those relating to premature status."/><definition value="Sick baby &#x2013; A baby delivered with medical complications, other than those relating to premature status."/></concept><concept><code value="4"/><display value="Extramural birth &#x2013; A baby delivered in a nonsterile environment."/><definition value="Extramural birth &#x2013; A baby delivered in a nonsterile environment."/></concept><concept><code value="5"/><display value="Reserved for national assignment."/><definition value="Reserved for national assignment."/></concept><concept><code value="6"/><display value="Reserved for national assignment."/><definition value="Reserved for national assignment."/></concept><concept><code value="7"/><display value="Reserved for national assignment."/><definition value="Reserved for national assignment."/></concept><concept><code value="8"/><display value="Reserved for national assignment."/><definition value="Reserved for national assignment."/></concept><concept><code value="9"/><display value="Information not available."/><definition value="Information not available."/></concept></CodeSystem>