<?xml version="1.0" encoding="UTF-8"?><CodeSystem xmlns="http://hl7.org/fhir"><id value="rx-orgn-cd"/><text><status value="generated"/><div xmlns="http://www.w3.org/1999/xhtml"><h2>Prescription Origination Code</h2><div><p>This variable indicates whether the prescription was transmitted as an electronic prescription, by phone, by fax, or as a written paper copy. Source: https://bluebutton.cms.gov/resources/variables/rx<em>orgn</em>cd</p>
</div><p>This code system http://hl7.org/fhir/CodeSystem/rx-orgn-cd defines the following codes:</p><table class="codes"><tr><td><b>Code</b></td><td><b>Display</b></td><td><b>Definition</b></td></tr><tr><td>Null<a name="rx-orgn-cd-Null"> </a></td><td>Unknown</td><td>Unknown</td></tr><tr><td>0<a name="rx-orgn-cd-0"> </a></td><td>Not specified</td><td>Not specified</td></tr><tr><td>1<a name="rx-orgn-cd-1"> </a></td><td>Written</td><td>Written</td></tr><tr><td>2<a name="rx-orgn-cd-2"> </a></td><td>Telephone</td><td>Telephone</td></tr><tr><td>3<a name="rx-orgn-cd-3"> </a></td><td>Electronic</td><td>Electronic</td></tr><tr><td>4<a name="rx-orgn-cd-4"> </a></td><td>Facsimile</td><td>Facsimile</td></tr><tr><td>5<a name="rx-orgn-cd-5"> </a></td><td>Pharmacy</td><td>Pharmacy</td></tr></table></div></text><url value="http://hl7.org/fhir/CodeSystem/rx-orgn-cd"/><identifier><value value="http://hl7.org/fhir/CodeSystem/rx-orgn-cd"/></identifier><version value="1.1.0"/><name value="Prescription Origination Code"/><title value="Prescription Origination Code"/><status value="active"/><date value="2018-05-31T14:39:32+00:00"/><description value="This variable indicates whether the prescription was transmitted as an electronic prescription, by phone, by fax, or as a written paper copy. Source: https://bluebutton.cms.gov/resources/variables/rx_orgn_cd"/><caseSensitive value="true"/><valueSet value="http://hl7.org/fhir/ValueSet/rx-orgn-cd"/><hierarchyMeaning value="is-a"/><content value="complete"/><concept><code value="Null"/><display value="Unknown"/><definition value="Unknown"/></concept><concept><code value="0"/><display value="Not specified"/><definition value="Not specified"/></concept><concept><code value="1"/><display value="Written"/><definition value="Written"/></concept><concept><code value="2"/><display value="Telephone"/><definition value="Telephone"/></concept><concept><code value="3"/><display value="Electronic"/><definition value="Electronic"/></concept><concept><code value="4"/><display value="Facsimile"/><definition value="Facsimile"/></concept><concept><code value="5"/><display value="Pharmacy"/><definition value="Pharmacy"/></concept></CodeSystem>