<?xml version="1.0" encoding="UTF-8"?><CodeSystem xmlns="http://hl7.org/fhir"><id value="crec"/><text><status value="generated"/><div xmlns="http://www.w3.org/1999/xhtml"><h2>Current Reason for Entitlement Code</h2><div><p>Current reason for Medicare entitlement. Source: https://bluebutton.cms.gov/resources/variables/crec</p>
</div><p>This code system http://hl7.org/fhir/CodeSystem/crec defines the following codes:</p><table class="codes"><tr><td><b>Code</b></td><td><b>Display</b></td><td><b>Definition</b></td></tr><tr><td>0<a name="crec-0"> </a></td><td>Old age and survivor&#39;s insurance (OASI)</td><td>Old age and survivor&#39;s insurance (OASI)</td></tr><tr><td>1<a name="crec-1"> </a></td><td>Disability insurance benefits (DIB)</td><td>Disability insurance benefits (DIB)</td></tr><tr><td>2<a name="crec-2"> </a></td><td>End-stage renal disease (ESRD)</td><td>End-stage renal disease (ESRD)</td></tr><tr><td>3<a name="crec-3"> </a></td><td>Both DIB and ESRD</td><td>Both DIB and ESRD</td></tr></table></div></text><url value="http://hl7.org/fhir/CodeSystem/crec"/><identifier><value value="http://hl7.org/fhir/CodeSystem/crec.html"/></identifier><version value="1.1.1"/><name value="Current Reason for Entitlement Code"/><title value="Current Reason for Entitlement Code"/><status value="active"/><date value="2018-11-27T15:56:35+00:00"/><publisher value="CMS Blue Button 2.0 Team"/><description value="Current reason for Medicare entitlement. Source: https://bluebutton.cms.gov/resources/variables/crec"/><caseSensitive value="true"/><valueSet value="http://hl7.org/fhir/ValueSet/crec"/><hierarchyMeaning value="is-a"/><content value="complete"/><concept><code value="0"/><display value="Old age and survivor&#39;s insurance (OASI)"/><definition value="Old age and survivor&#39;s insurance (OASI)"/></concept><concept><code value="1"/><display value="Disability insurance benefits (DIB)"/><definition value="Disability insurance benefits (DIB)"/></concept><concept><code value="2"/><display value="End-stage renal disease (ESRD)"/><definition value="End-stage renal disease (ESRD)"/></concept><concept><code value="3"/><display value="Both DIB and ESRD"/><definition value="Both DIB and ESRD"/></concept></CodeSystem>