<?xml version="1.0" encoding="UTF-8"?><CodeSystem xmlns="http://hl7.org/fhir"><id value="dmerc-line-supplr-type-cd"/><text><status value="generated"/><div xmlns="http://www.w3.org/1999/xhtml"><h2>DMERC Line Supplier Type Code</h2><div><p>The type of DMERC supplier. Source: https://bluebutton.cms.gov/resources/variables/dmerc<em>line</em>supplr<em>type</em>cd</p>
</div><p>This code system http://hl7.org/fhir/CodeSystem/dmerc-line-supplr-type-cd defines the following codes:</p><table class="codes"><tr><td><b>Code</b></td><td><b>Display</b></td><td><b>Definition</b></td></tr><tr><td>0<a name="dmerc-line-supplr-type-cd-0"> </a></td><td>Clinics, groups, associations, partnerships, or other entities for whom the carrier&#39;s own ID number has been assigned.</td><td>Clinics, groups, associations, partnerships, or other entities for whom the carrier&#39;s own ID number has been assigned.</td></tr><tr><td>1<a name="dmerc-line-supplr-type-cd-1"> </a></td><td>Physicians or suppliers billing as solo practitioners for whom SSN&#39;s are shown in the physician ID code field.</td><td>Physicians or suppliers billing as solo practitioners for whom SSN&#39;s are shown in the physician ID code field.</td></tr><tr><td>2<a name="dmerc-line-supplr-type-cd-2"> </a></td><td>Physicians or suppliers billing as solo practitioners for whom the carrier&#39;s own physician ID code is shown.</td><td>Physicians or suppliers billing as solo practitioners for whom the carrier&#39;s own physician ID code is shown.</td></tr><tr><td>3<a name="dmerc-line-supplr-type-cd-3"> </a></td><td>Suppliers (other than sole proprietorship) for whom employer identification (EI) numbers are used in coding the ID field.</td><td>Suppliers (other than sole proprietorship) for whom employer identification (EI) numbers are used in coding the ID field.</td></tr><tr><td>4<a name="dmerc-line-supplr-type-cd-4"> </a></td><td>Suppliers (other than sole proprietorship) for whom the carrier&#39;s own code has been shown.</td><td>Suppliers (other than sole proprietorship) for whom the carrier&#39;s own code has been shown.</td></tr><tr><td>5<a name="dmerc-line-supplr-type-cd-5"> </a></td><td>Institutional providers and independent laboratories for whom employer identification (EI) numbers are used in coding the ID field.</td><td>Institutional providers and independent laboratories for whom employer identification (EI) numbers are used in coding the ID field.</td></tr><tr><td>6<a name="dmerc-line-supplr-type-cd-6"> </a></td><td>Institutional providers and independent laboratories for whom the carrier&#39;s own ID number is shown.</td><td>Institutional providers and independent laboratories for whom the carrier&#39;s own ID number is shown.</td></tr><tr><td>7<a name="dmerc-line-supplr-type-cd-7"> </a></td><td>Clinics, groups, associations, or partnerships for whom employer identification (EI) numbers are used in coding the ID field.</td><td>Clinics, groups, associations, or partnerships for whom employer identification (EI) numbers are used in coding the ID field.</td></tr><tr><td>8<a name="dmerc-line-supplr-type-cd-8"> </a></td><td>Other entities for whom employer identification (EI) numbers are used in coding the ID field or proprietorship for whom EI numbers are used in coding the ID field.</td><td>Other entities for whom employer identification (EI) numbers are used in coding the ID field or proprietorship for whom EI numbers are used in coding the ID field.</td></tr></table></div></text><url value="http://hl7.org/fhir/CodeSystem/dmerc-line-supplr-type-cd"/><identifier><value value="http://hl7.org/fhir/CodeSystem/dmerc-line-supplr-type-cd"/></identifier><version value="1.1.0"/><name value="DMERC Line Supplier Type Code"/><title value="DMERC Line Supplier Type Code"/><status value="active"/><date value="2018-05-07T14:45:05+00:00"/><description value="The type of DMERC supplier. Source: https://bluebutton.cms.gov/resources/variables/dmerc_line_supplr_type_cd"/><caseSensitive value="true"/><valueSet value="http://hl7.org/fhir/ValueSet/dmerc-line-supplr-type-cd"/><hierarchyMeaning value="is-a"/><content value="complete"/><concept><code value="0"/><display value="Clinics, groups, associations, partnerships, or other entities for whom the carrier&#39;s own ID number has been assigned."/><definition value="Clinics, groups, associations, partnerships, or other entities for whom the carrier&#39;s own ID number has been assigned."/></concept><concept><code value="1"/><display value="Physicians or suppliers billing as solo practitioners for whom SSN&#39;s are shown in the physician ID code field."/><definition value="Physicians or suppliers billing as solo practitioners for whom SSN&#39;s are shown in the physician ID code field."/></concept><concept><code value="2"/><display value="Physicians or suppliers billing as solo practitioners for whom the carrier&#39;s own physician ID code is shown."/><definition value="Physicians or suppliers billing as solo practitioners for whom the carrier&#39;s own physician ID code is shown."/></concept><concept><code value="3"/><display value="Suppliers (other than sole proprietorship) for whom employer identification (EI) numbers are used in coding the ID field."/><definition value="Suppliers (other than sole proprietorship) for whom employer identification (EI) numbers are used in coding the ID field."/></concept><concept><code value="4"/><display value="Suppliers (other than sole proprietorship) for whom the carrier&#39;s own code has been shown."/><definition value="Suppliers (other than sole proprietorship) for whom the carrier&#39;s own code has been shown."/></concept><concept><code value="5"/><display value="Institutional providers and independent laboratories for whom employer identification (EI) numbers are used in coding the ID field."/><definition value="Institutional providers and independent laboratories for whom employer identification (EI) numbers are used in coding the ID field."/></concept><concept><code value="6"/><display value="Institutional providers and independent laboratories for whom the carrier&#39;s own ID number is shown."/><definition value="Institutional providers and independent laboratories for whom the carrier&#39;s own ID number is shown."/></concept><concept><code value="7"/><display value="Clinics, groups, associations, or partnerships for whom employer identification (EI) numbers are used in coding the ID field."/><definition value="Clinics, groups, associations, or partnerships for whom employer identification (EI) numbers are used in coding the ID field."/></concept><concept><code value="8"/><display value="Other entities for whom employer identification (EI) numbers are used in coding the ID field or proprietorship for whom EI numbers are used in coding the ID field."/><definition value="Other entities for whom employer identification (EI) numbers are used in coding the ID field or proprietorship for whom EI numbers are used in coding the ID field."/></concept></CodeSystem>