<?xml version="1.0" encoding="UTF-8"?><CodeSystem xmlns="http://hl7.org/fhir"><id value="brnd-gnrc-cd"/><text><status value="generated"/><div xmlns="http://www.w3.org/1999/xhtml"><h2>Brand-Generic Code Reported by Submitting Plan</h2><div><p>Plan reported value indicating whether the plan adjudicated the claim as a brand or generic drug. Applies to covered drugs only. Source: https://bluebutton.cms.gov/resources/variables/brnd<em>gnrc</em>cd</p>
</div><p>This code system http://hl7.org/fhir/CodeSystem/brnd-gnrc-cd defines the following codes:</p><table class="codes"><tr><td><b>Code</b></td><td><b>Display</b></td><td><b>Definition</b></td></tr><tr><td>B<a name="brnd-gnrc-cd-B"> </a></td><td>Brand</td><td>Brand</td></tr><tr><td>G<a name="brnd-gnrc-cd-G"> </a></td><td>Generic Null/missing</td><td>Generic Null/missing</td></tr></table></div></text><url value="http://hl7.org/fhir/CodeSystem/brnd-gnrc-cd"/><identifier><value value="http://hl7.org/fhir/CodeSystem/brnd-gnrc-cd.html"/></identifier><version value="1.1.1"/><name value="Brand-Generic Code Reported by Submitting Plan"/><title value="Brand-Generic Code Reported by Submitting Plan"/><status value="active"/><date value="2018-11-27T15:56:35+00:00"/><publisher value="CMS Blue Button 2.0 Team"/><description value="Plan reported value indicating whether the plan adjudicated the claim as a brand or generic drug. Applies to covered drugs only. Source: https://bluebutton.cms.gov/resources/variables/brnd_gnrc_cd"/><caseSensitive value="true"/><valueSet value="http://hl7.org/fhir/ValueSet/brnd-gnrc-cd"/><hierarchyMeaning value="is-a"/><content value="complete"/><concept><code value="B"/><display value="Brand"/><definition value="Brand"/></concept><concept><code value="G"/><display value="Generic Null/missing"/><definition value="Generic Null/missing"/></concept></CodeSystem>