<?xml version="1.0" encoding="UTF-8"?><CodeSystem xmlns="http://hl7.org/fhir"><id value="nch-prmry-pyr-cd"/><text><status value="generated"/><div xmlns="http://www.w3.org/1999/xhtml"><h2>NCH Primary Payer Code (if not Medicare)</h2><div><p>The code, on an institutional claim, specifying a federal non-Medicare program or other source that has primary responsibility for the payment of the Medicare beneficiary&#39;s health insurance bills. The presence of a primary payer code indicates that some other payer besides Medicare covered at least some portion of the charges. Source: https://bluebutton.cms.gov/resources/variables/nch<em>prmry</em>pyr_cd</p>
</div><p>This code system http://hl7.org/fhir/CodeSystem/nch-prmry-pyr-cd defines the following codes:</p><table class="codes"><tr><td><b>Code</b></td><td><b>Display</b></td><td><b>Definition</b></td></tr><tr><td>A<a name="nch-prmry-pyr-cd-A"> </a></td><td>Employer group health plan (EGHP) insurance for an aged beneficiary</td><td>Employer group health plan (EGHP) insurance for an aged beneficiary</td></tr><tr><td>B<a name="nch-prmry-pyr-cd-B"> </a></td><td>EGHP insurance for an end-stage renal disease (ESRD) beneficiary</td><td>EGHP insurance for an end-stage renal disease (ESRD) beneficiary</td></tr><tr><td>C<a name="nch-prmry-pyr-cd-C"> </a></td><td>Conditional payment by Medicare; future reimbursement from the Public Health Service (PHS) expected</td><td>Conditional payment by Medicare; future reimbursement from the Public Health Service (PHS) expected</td></tr><tr><td>D<a name="nch-prmry-pyr-cd-D"> </a></td><td>No fault automobile insurance</td><td>No fault automobile insurance</td></tr><tr><td>E<a name="nch-prmry-pyr-cd-E"> </a></td><td>Worker&#39;s compensation (WC)</td><td>Worker&#39;s compensation (WC)</td></tr><tr><td>F<a name="nch-prmry-pyr-cd-F"> </a></td><td>Public Health Service (PHS) or other Federal agency (other than VA)</td><td>Public Health Service (PHS) or other Federal agency (other than VA)</td></tr><tr><td>G<a name="nch-prmry-pyr-cd-G"> </a></td><td>Working disabled beneficiary under age 65 with a local government health plan (LGHP)</td><td>Working disabled beneficiary under age 65 with a local government health plan (LGHP)</td></tr><tr><td>H<a name="nch-prmry-pyr-cd-H"> </a></td><td>Black lung (BL) program</td><td>Black lung (BL) program</td></tr><tr><td>I<a name="nch-prmry-pyr-cd-I"> </a></td><td>Department of Veteran&#39;s Affairs</td><td>Department of Veteran&#39;s Affairs</td></tr><tr><td>L<a name="nch-prmry-pyr-cd-L"> </a></td><td>Any liability insurance</td><td>Any liability insurance</td></tr><tr><td>M<a name="nch-prmry-pyr-cd-M"> </a></td><td>Override EGHP - Medicare is primary payer</td><td>Override EGHP - Medicare is primary payer</td></tr><tr><td>N<a name="nch-prmry-pyr-cd-N"> </a></td><td>Override non-EGHP - Medicare is primary payer Blank / missing = No other primary payer</td><td>Override non-EGHP - Medicare is primary payer Blank / missing = No other primary payer</td></tr></table></div></text><url value="http://hl7.org/fhir/CodeSystem/nch-prmry-pyr-cd"/><identifier><value value="http://hl7.org/fhir/CodeSystem/nch-prmry-pyr-cd"/></identifier><version value="1.1.0"/><name value="NCH Primary Payer Code (if not Medicare)"/><title value="NCH Primary Payer Code (if not Medicare)"/><status value="active"/><date value="2018-05-07T14:45:05+00:00"/><description value="The code, on an institutional claim, specifying a federal non-Medicare program or other source that has primary responsibility for the payment of the Medicare beneficiary&#39;s health insurance bills. The presence of a primary payer code indicates that some other payer besides Medicare covered at least some portion of the charges. Source: https://bluebutton.cms.gov/resources/variables/nch_prmry_pyr_cd"/><caseSensitive value="true"/><valueSet value="http://hl7.org/fhir/ValueSet/nch-prmry-pyr-cd"/><hierarchyMeaning value="is-a"/><content value="complete"/><concept><code value="A"/><display value="Employer group health plan (EGHP) insurance for an aged beneficiary"/><definition value="Employer group health plan (EGHP) insurance for an aged beneficiary"/></concept><concept><code value="B"/><display value="EGHP insurance for an end-stage renal disease (ESRD) beneficiary"/><definition value="EGHP insurance for an end-stage renal disease (ESRD) beneficiary"/></concept><concept><code value="C"/><display value="Conditional payment by Medicare; future reimbursement from the Public Health Service (PHS) expected"/><definition value="Conditional payment by Medicare; future reimbursement from the Public Health Service (PHS) expected"/></concept><concept><code value="D"/><display value="No fault automobile insurance"/><definition value="No fault automobile insurance"/></concept><concept><code value="E"/><display value="Worker&#39;s compensation (WC)"/><definition value="Worker&#39;s compensation (WC)"/></concept><concept><code value="F"/><display value="Public Health Service (PHS) or other Federal agency (other than VA)"/><definition value="Public Health Service (PHS) or other Federal agency (other than VA)"/></concept><concept><code value="G"/><display value="Working disabled beneficiary under age 65 with a local government health plan (LGHP)"/><definition value="Working disabled beneficiary under age 65 with a local government health plan (LGHP)"/></concept><concept><code value="H"/><display value="Black lung (BL) program"/><definition value="Black lung (BL) program"/></concept><concept><code value="I"/><display value="Department of Veteran&#39;s Affairs"/><definition value="Department of Veteran&#39;s Affairs"/></concept><concept><code value="L"/><display value="Any liability insurance"/><definition value="Any liability insurance"/></concept><concept><code value="M"/><display value="Override EGHP - Medicare is primary payer"/><definition value="Override EGHP - Medicare is primary payer"/></concept><concept><code value="N"/><display value="Override non-EGHP - Medicare is primary payer Blank / missing = No other primary payer"/><definition value="Override non-EGHP - Medicare is primary payer Blank / missing = No other primary payer"/></concept></CodeSystem>