<?xml version="1.0" encoding="UTF-8"?><CodeSystem xmlns="http://hl7.org/fhir"><id value="adjudication-categories"/><text><status value="generated"/><div xmlns="http://www.w3.org/1999/xhtml"><h2>Adjudication Categories</h2><div><p>Blue Button Adjudication Categories.</p>
</div><p>This code system http://hl7.org/fhir/CodeSystem/adjudication-categories defines the following codes:</p><table class="codes"><tr><td><b>Code</b></td><td><b>Display</b></td><td><b>Definition</b></td></tr><tr><td>Part D Covered<a name="adjudication-categories-PartDCovered"> </a></td><td>Problem List Item</td><td>This is the net amount that the Part D plan paid for a        PDE that was covered by the Medicare Part D benefit.</td></tr><tr><td>Gross Drug Cost Below Out-of-Pocket Threshold (GDCB)<a name="adjudication-categories-GrossDrugCostBelowOut-of-PocketThreshold.40GDCB.41"> </a></td><td>Encounter Diagnosis</td><td>This variable is the portion of the gross drug cost        for the prescription drug fill that was not covered by Part        D&#x2019;s catastrophic coverage.</td></tr><tr><td>Gross Drug Cost Above Out-of-Pocket Threshold (GDCA)<a name="adjudication-categories-GrossDrugCostAboveOut-of-PocketThreshold.40GDCA.41"> </a></td><td>Problem</td><td>This variable is the portion of the gross drug cost        for the prescription drug fill that was covered by Part D&#x2019;s        catastrophic coverage.</td></tr><tr><td>Patient Pay Amount<a name="adjudication-categories-PatientPayAmount"> </a></td><td>Health Concern</td><td>This variable is the dollar amount that the        beneficiary paid for the PDE without being reimbursed by a        third party.</td></tr><tr><td>Other True Out-of-Pocket (TrOOP) Amount<a name="adjudication-categories-OtherTrueOut-of-Pocket.40TrOOP.41Amount"> </a></td><td>Cell</td><td>This is the amount of any payment made by other        third-party payers that reduces the beneficiary&#x2019;s liability        for the PDE and counts towards Part D&#x2019;s true out-of-pocket        (TrOOP) requirement.</td></tr><tr><td>Part D Low Income Subsidy (LICS) Amount<a name="adjudication-categories-PartDLowIncomeSubsidy.40LICS.41Amount"> </a></td><td>Cell</td><td>This is the amount of cost sharing for the drug that was paid        by the Part D low-income subsidy (LICS).</td></tr><tr><td>Reduction in patient liability due to payments by other payers (PLRO) Amount<a name="adjudication-categories-Reductioninpatientliabilityduetopaymentsbyotherpayers.40PLRO.41Amount"> </a></td><td>Cell</td><td>This is the amount of any payment by other third-party payers        that reduces the beneficiary&#x2019;s liability for the PDE but         does not count towards Part D&#x2019;s true out-of-pocket (TrOOP)        requirement.</td></tr><tr><td>Total Prescription Cost<a name="adjudication-categories-TotalPrescriptionCost"> </a></td><td>Cell</td><td>This is the price paid for the drug at the point of sale        (i.e., the pharmacy counter), and it does not include any        rebates or discounts that the drug manufacturer provides        directly to the Part D plan sponsor.</td></tr><tr><td>Medicare Coverage Gap Discount Amount<a name="adjudication-categories-MedicareCoverageGapDiscountAmount"> </a></td><td>Cell</td><td>This variable indicates the amount of the discount provided        by the drug&#x2019;s manufacturer under the Medicare Coverage Gap        Discount Program, as calculated by CMS based on data reported        in the PDE.</td></tr></table></div></text><url value="http://hl7.org/fhir/CodeSystem/adjudication-categories"/><identifier><value value="http://hl7.org/fhir/CodeSystem/adjudication-categories.html"/></identifier><version value="1.1.1"/><name value="Adjudication Categories"/><title value="Adjudication Categories"/><status value="active"/><date value="2018-11-27T15:56:35+00:00"/><publisher value="CMS Blue Button 2.0 Team"/><description value="Blue Button Adjudication Categories."/><caseSensitive value="true"/><valueSet value="http://hl7.org/fhir/us/core/ValueSet/adjudications.html"/><hierarchyMeaning value="is-a"/><content value="complete"/><concept><code value="Part D Covered"/><display value="Problem List Item"/><definition value="This is the net amount that the Part D plan paid for a        PDE that was covered by the Medicare Part D benefit."/></concept><concept><code value="Gross Drug Cost Below Out-of-Pocket Threshold (GDCB)"/><display value="Encounter Diagnosis"/><definition value="This variable is the portion of the gross drug cost        for the prescription drug fill that was not covered by Part        D&#x2019;s catastrophic coverage."/></concept><concept><code value="Gross Drug Cost Above Out-of-Pocket Threshold (GDCA)"/><display value="Problem"/><definition value="This variable is the portion of the gross drug cost        for the prescription drug fill that was covered by Part D&#x2019;s        catastrophic coverage."/></concept><concept><code value="Patient Pay Amount"/><display value="Health Concern"/><definition value="This variable is the dollar amount that the        beneficiary paid for the PDE without being reimbursed by a        third party."/></concept><concept><code value="Other True Out-of-Pocket (TrOOP) Amount"/><display value="Cell"/><definition value="This is the amount of any payment made by other        third-party payers that reduces the beneficiary&#x2019;s liability        for the PDE and counts towards Part D&#x2019;s true out-of-pocket        (TrOOP) requirement."/></concept><concept><code value="Part D Low Income Subsidy (LICS) Amount"/><display value="Cell"/><definition value="This is the amount of cost sharing for the drug that was paid        by the Part D low-income subsidy (LICS)."/></concept><concept><code value="Reduction in patient liability due to payments by other payers (PLRO) Amount"/><display value="Cell"/><definition value="This is the amount of any payment by other third-party payers        that reduces the beneficiary&#x2019;s liability for the PDE but         does not count towards Part D&#x2019;s true out-of-pocket (TrOOP)        requirement."/></concept><concept><code value="Total Prescription Cost"/><display value="Cell"/><definition value="This is the price paid for the drug at the point of sale        (i.e., the pharmacy counter), and it does not include any        rebates or discounts that the drug manufacturer provides        directly to the Part D plan sponsor."/></concept><concept><code value="Medicare Coverage Gap Discount Amount"/><display value="Cell"/><definition value="This variable indicates the amount of the discount provided        by the drug&#x2019;s manufacturer under the Medicare Coverage Gap        Discount Program, as calculated by CMS based on data reported        in the PDE."/></concept></CodeSystem>