<?xml version="1.0" encoding="UTF-8"?><ImplementationGuide xmlns="http://hl7.org/fhir"><id value="ig"/><text><status value="generated"/><div xmlns="http://www.w3.org/1999/xhtml"><h2>Blue Button 2.0</h2><p>The official URL for this implementation guide is: </p><pre>http://hl7.org/fhir/ImplementationGuide/ig</pre></div></text><url value="http://hl7.org/fhir/ImplementationGuide/ig"/><name value="Blue Button 2.0"/><status value="draft"/><experimental value="true"/><package><name value="base"/><resource><example value="false"/><sourceReference><reference value="StructureDefinition/bluebutton-profile-pde-claim"/></sourceReference></resource><resource><example value="false"/><sourceReference><reference value="StructureDefinition/bluebutton-profile-carrier-claim"/></sourceReference></resource><resource><example value="false"/><sourceReference><reference value="StructureDefinition/bluebutton-profile-inpatient-claim"/></sourceReference></resource><resource><example value="false"/><sourceReference><reference value="StructureDefinition/bluebutton-profile-outpatient-claim"/></sourceReference></resource><resource><example value="false"/><sourceReference><reference value="StructureDefinition/bluebutton-profile-snf-claim"/></sourceReference></resource><resource><example value="false"/><sourceReference><reference value="StructureDefinition/bluebutton-profile-patient-claim"/></sourceReference></resource><resource><example value="false"/><sourceReference><reference value="StructureDefinition/bluebutton-profile-dme-claim"/></sourceReference></resource><resource><example value="false"/><sourceReference><reference value="StructureDefinition/bluebutton-profile-hha-claim"/></sourceReference></resource><resource><example value="false"/><sourceReference><reference value="StructureDefinition/bluebutton-profile-hospice-claim"/></sourceReference></resource><resource><extension url="http://hl7.org/fhir/StructureDefinition/implementationguide-page"><valueUri value="StructureDefinition-bluebutton-pde-benefit-package-id-extension.html"/></extension><example value="false"/><sourceReference><reference value="StructureDefinition/bluebutton-pde-benefit-package-id-extension"/></sourceReference></resource><resource><extension url="http://hl7.org/fhir/StructureDefinition/implementationguide-page"><valueUri value="StructureDefinition-bluebutton-pde-days-supply-num-extension.html"/></extension><example value="false"/><sourceReference><reference value="StructureDefinition/bluebutton-pde-days-supply-num-extension"/></sourceReference></resource><resource><extension url="http://hl7.org/fhir/StructureDefinition/implementationguide-page"><valueUri value="StructureDefinition-bluebutton-pde-fill-num-extension.html"/></extension><example value="false"/><sourceReference><reference value="StructureDefinition/bluebutton-pde-fill-num-extension"/></sourceReference></resource><resource><extension url="http://hl7.org/fhir/StructureDefinition/implementationguide-page"><valueUri value="StructureDefinition-bluebutton-pde-plan-cntrct-rec-id-extension.html"/></extension><example value="false"/><sourceReference><reference value="StructureDefinition/bluebutton-pde-plan-cntrct-rec-id-extension"/></sourceReference></resource><resource><extension url="http://hl7.org/fhir/StructureDefinition/implementationguide-page"><valueUri value="StructureDefinition-bluebutton-pde-phrmcy-srvc-type-cd-extension.html"/></extension><example value="false"/><sourceReference><reference value="StructureDefinition/bluebutton-pde-phrmcy-srvc-type-cd-extension"/></sourceReference></resource><resource><extension url="http://hl7.org/fhir/StructureDefinition/implementationguide-page"><valueUri value="StructureDefinition-bluebutton-patient-race-extension.html"/></extension><example value="false"/><sourceReference><reference value="StructureDefinition/bluebutton-patient-race-extension"/></sourceReference></resource><resource><extension url="http://hl7.org/fhir/StructureDefinition/implementationguide-page"><valueUri value="StructureDefinition-bluebutton-carrier-prpayamt-extension.html"/></extension><example value="false"/><sourceReference><reference value="StructureDefinition/bluebutton-carrier-prpayamt-extension"/></sourceReference></resource><resource><extension url="http://hl7.org/fhir/StructureDefinition/implementationguide-page"><valueUri value="StructureDefinition-bluebutton-carrier-carr-num-extension.html"/></extension><example value="false"/><sourceReference><reference value="StructureDefinition/bluebutton-carrier-carr-num-extension"/></sourceReference></resource><resource><extension url="http://hl7.org/fhir/StructureDefinition/implementationguide-page"><valueUri value="StructureDefinition-bluebutton-carrier-asgmntcd-extension.html"/></extension><example value="false"/><sourceReference><reference value="StructureDefinition/bluebutton-carrier-asgmntcd-extension"/></sourceReference></resource><resource><extension url="http://hl7.org/fhir/StructureDefinition/implementationguide-page"><valueUri value="StructureDefinition-bluebutton-carrier-clm-clncl-tril-num-extension.html"/></extension><example value="false"/><sourceReference><reference value="StructureDefinition/bluebutton-carrier-clm-clncl-tril-num-extension"/></sourceReference></resource><resource><extension url="http://hl7.org/fhir/StructureDefinition/implementationguide-page"><valueUri value="StructureDefinition-bluebutton-carrier-carr-clm-cash-ddctbl-apld-amt-extension.html"/></extension><example value="false"/><sourceReference><reference value="StructureDefinition/bluebutton-carrier-carr-clm-cash-ddctbl-apld-amt-extension"/></sourceReference></resource><resource><extension url="http://hl7.org/fhir/StructureDefinition/implementationguide-page"><valueUri value="StructureDefinition-bluebutton-carrier-carr-clm-pmt-dnl-cd-extension.html"/></extension><example value="false"/><sourceReference><reference value="StructureDefinition/bluebutton-carrier-carr-clm-pmt-dnl-cd-extension"/></sourceReference></resource><resource><extension url="http://hl7.org/fhir/StructureDefinition/implementationguide-page"><valueUri value="StructureDefinition-bluebutton-carrier-nch-carr-clm-alowd-amt-extension.html"/></extension><example value="false"/><sourceReference><reference value="StructureDefinition/bluebutton-carrier-nch-carr-clm-alowd-amt-extension"/></sourceReference></resource><resource><extension url="http://hl7.org/fhir/StructureDefinition/implementationguide-page"><valueUri value="StructureDefinition-bluebutton-carrier-nch-carr-clm-sbmtd-chrg-amt-extension.html"/></extension><example value="false"/><sourceReference><reference value="StructureDefinition/bluebutton-carrier-nch-carr-clm-sbmtd-chrg-amt-extension"/></sourceReference></resource><resource><extension url="http://hl7.org/fhir/StructureDefinition/implementationguide-page"><valueUri value="StructureDefinition-bluebutton-carrier-nch-clm-bene-pmt-amt-extension.html"/></extension><example value="false"/><sourceReference><reference value="StructureDefinition/bluebutton-carrier-nch-clm-bene-pmt-amt-extension"/></sourceReference></resource><resource><extension url="http://hl7.org/fhir/StructureDefinition/implementationguide-page"><valueUri value="StructureDefinition-bluebutton-carrier-nch-clm-prvdr-pmt-amt-extension.html"/></extension><example value="false"/><sourceReference><reference value="StructureDefinition/bluebutton-carrier-nch-clm-prvdr-pmt-amt-extension"/></sourceReference></resource><resource><extension url="http://hl7.org/fhir/StructureDefinition/implementationguide-page"><valueUri value="StructureDefinition-bluebutton-carrier-carr-line-prvdr-type-cd-extension.html"/></extension><example value="false"/><sourceReference><reference value="StructureDefinition/bluebutton-carrier-carr-line-prvdr-type-cd-extension"/></sourceReference></resource><resource><extension url="http://hl7.org/fhir/StructureDefinition/implementationguide-page"><valueUri value="StructureDefinition-bluebutton-carrier-prtcptng-ind-cd-extension.html"/></extension><example value="false"/><sourceReference><reference value="StructureDefinition/bluebutton-carrier-prtcptng-ind-cd-extension"/></sourceReference></resource><resource><extension url="http://hl7.org/fhir/StructureDefinition/implementationguide-page"><valueUri value="StructureDefinition-bluebutton-carrier-us-npi-extension.html"/></extension><example value="false"/><sourceReference><reference value="StructureDefinition/bluebutton-carrier-us-npi-extension"/></sourceReference></resource><resource><extension url="http://hl7.org/fhir/StructureDefinition/implementationguide-page"><valueUri value="StructureDefinition-bluebutton-carrier-carr-line-mtus-cd-extension.html"/></extension><example value="false"/><sourceReference><reference value="StructureDefinition/bluebutton-carrier-carr-line-mtus-cd-extension"/></sourceReference></resource><resource><extension url="http://hl7.org/fhir/StructureDefinition/implementationguide-page"><valueUri value="StructureDefinition-bluebutton-carrier-carr-line-mtus-cnt-extension.html"/></extension><example value="false"/><sourceReference><reference value="StructureDefinition/bluebutton-carrier-carr-line-mtus-cnt-extension"/></sourceReference></resource><resource><extension url="http://hl7.org/fhir/StructureDefinition/implementationguide-page"><valueUri value="StructureDefinition-bluebutton-carrier-betos-cd-extension.html"/></extension><example value="false"/><sourceReference><reference value="StructureDefinition/bluebutton-carrier-betos-cd-extension"/></sourceReference></resource><resource><extension url="http://hl7.org/fhir/StructureDefinition/implementationguide-page"><valueUri value="StructureDefinition-bluebutton-carrier-line-bene-prmry-pyr-cd-extension.html"/></extension><example value="false"/><sourceReference><reference value="StructureDefinition/bluebutton-carrier-line-bene-prmry-pyr-cd-extension"/></sourceReference></resource><resource><extension url="http://hl7.org/fhir/StructureDefinition/implementationguide-page"><valueUri value="StructureDefinition-bluebutton-carrier-line-service-deductible-extension.html"/></extension><example value="false"/><sourceReference><reference value="StructureDefinition/bluebutton-carrier-line-service-deductible-extension"/></sourceReference></resource><resource><extension url="http://hl7.org/fhir/StructureDefinition/implementationguide-page"><valueUri value="StructureDefinition-bluebutton-carrier-line-hct-hgb-rslt-num-extension.html"/></extension><example value="false"/><sourceReference><reference value="StructureDefinition/bluebutton-carrier-line-hct-hgb-rslt-num-extension"/></sourceReference></resource><resource><extension url="http://hl7.org/fhir/StructureDefinition/implementationguide-page"><valueUri value="StructureDefinition-bluebutton-carrier-ndc-extension.html"/></extension><example value="false"/><sourceReference><reference value="StructureDefinition/bluebutton-carrier-ndc-extension"/></sourceReference></resource><resource><extension url="http://hl7.org/fhir/StructureDefinition/implementationguide-page"><valueUri value="StructureDefinition-bluebutton-carrier-carr-line-ansthsa-unit-cnt-extension.html"/></extension><example value="false"/><sourceReference><reference value="StructureDefinition/bluebutton-carrier-carr-line-ansthsa-unit-cnt-extension"/></sourceReference></resource><resource><extension url="http://hl7.org/fhir/StructureDefinition/implementationguide-page"><valueUri value="StructureDefinition-bluebutton-carrier-prvdr-state-cd-extension.html"/></extension><example value="false"/><sourceReference><reference value="StructureDefinition/bluebutton-carrier-prvdr-state-cd-extension"/></sourceReference></resource><resource><extension url="http://hl7.org/fhir/StructureDefinition/implementationguide-page"><valueUri value="StructureDefinition-bluebutton-carrier-prvdr-zip-extension.html"/></extension><example value="false"/><sourceReference><reference value="StructureDefinition/bluebutton-carrier-prvdr-zip-extension"/></sourceReference></resource><resource><extension url="http://hl7.org/fhir/StructureDefinition/implementationguide-page"><valueUri value="StructureDefinition-bluebutton-carrier-carr-line-prcng-lclty-cd-extension.html"/></extension><example value="false"/><sourceReference><reference value="StructureDefinition/bluebutton-carrier-carr-line-prcng-lclty-cd-extension"/></sourceReference></resource><resource><extension url="http://hl7.org/fhir/StructureDefinition/implementationguide-page"><valueUri value="StructureDefinition-bluebutton-carrier-carr-line-clia-lab-num-extension.html"/></extension><example value="false"/><sourceReference><reference value="StructureDefinition/bluebutton-carrier-carr-line-clia-lab-num-extension"/></sourceReference></resource><resource><extension url="http://hl7.org/fhir/StructureDefinition/implementationguide-page"><valueUri value="StructureDefinition-bluebutton-carrier-line-pmt-80-100-cd-extension.html"/></extension><example value="false"/><sourceReference><reference value="StructureDefinition/bluebutton-carrier-line-pmt-80-100-cd-extension"/></sourceReference></resource><resource><extension url="http://hl7.org/fhir/StructureDefinition/implementationguide-page"><valueUri value="StructureDefinition-bluebutton-inpatient-ime-op-clm-val-amt-extension.html"/></extension><example value="false"/><sourceReference><reference value="StructureDefinition/bluebutton-inpatient-ime-op-clm-val-amt-extension"/></sourceReference></resource><resource><extension url="http://hl7.org/fhir/StructureDefinition/implementationguide-page"><valueUri value="StructureDefinition-bluebutton-inpatient-dsh-op-clm-val-amt-extension.html"/></extension><example value="false"/><sourceReference><reference value="StructureDefinition/bluebutton-inpatient-dsh-op-clm-val-amt-extension"/></sourceReference></resource><resource><extension url="http://hl7.org/fhir/StructureDefinition/implementationguide-page"><valueUri value="StructureDefinition-bluebutton-inpatient-clm-pass-thru-per-diem-amt-extension.html"/></extension><example value="false"/><sourceReference><reference value="StructureDefinition/bluebutton-inpatient-clm-pass-thru-per-diem-amt-extension"/></sourceReference></resource><resource><extension url="http://hl7.org/fhir/StructureDefinition/implementationguide-page"><valueUri value="StructureDefinition-bluebutton-inpatient-nch-profnl-cmpnt-chrg-amt-extension.html"/></extension><example value="false"/><sourceReference><reference value="StructureDefinition/bluebutton-inpatient-nch-profnl-cmpnt-chrg-amt-extension"/></sourceReference></resource><resource><extension url="http://hl7.org/fhir/StructureDefinition/implementationguide-page"><valueUri value="StructureDefinition-bluebutton-inpatient-clm-tot-pps-cptl-amt-extension.html"/></extension><example value="false"/><sourceReference><reference value="StructureDefinition/bluebutton-inpatient-clm-tot-pps-cptl-amt-extension"/></sourceReference></resource><resource><extension url="http://hl7.org/fhir/StructureDefinition/implementationguide-page"><valueUri value="StructureDefinition-bluebutton-inpatient-nch-bene-ip-ddctbl-amt-extension.html"/></extension><example value="false"/><sourceReference><reference value="StructureDefinition/bluebutton-inpatient-nch-bene-ip-ddctbl-amt-extension"/></sourceReference></resource><resource><extension url="http://hl7.org/fhir/StructureDefinition/implementationguide-page"><valueUri value="StructureDefinition-bluebutton-inpatient-nch-bene-pta-coinsrnc-lblty-amt-extension.html"/></extension><example value="false"/><sourceReference><reference value="StructureDefinition/bluebutton-inpatient-nch-bene-pta-coinsrnc-lblty-amt-extension"/></sourceReference></resource><resource><extension url="http://hl7.org/fhir/StructureDefinition/implementationguide-page"><valueUri value="StructureDefinition-bluebutton-inpatient-nch-ip-ncvrd-chrg-amt-extension.html"/></extension><example value="false"/><sourceReference><reference value="StructureDefinition/bluebutton-inpatient-nch-ip-ncvrd-chrg-amt-extension"/></sourceReference></resource><resource><extension url="http://hl7.org/fhir/StructureDefinition/implementationguide-page"><valueUri value="StructureDefinition-bluebutton-inpatient-nch-ip-tot-ddctn-amt-extension.html"/></extension><example value="false"/><sourceReference><reference value="StructureDefinition/bluebutton-inpatient-nch-ip-tot-ddctn-amt-extension"/></sourceReference></resource><resource><extension url="http://hl7.org/fhir/StructureDefinition/implementationguide-page"><valueUri value="StructureDefinition-bluebutton-inpatient-clm-pps-cptl-dsprprtnt-shr-amt-extension.html"/></extension><example value="false"/><sourceReference><reference value="StructureDefinition/bluebutton-inpatient-clm-pps-cptl-dsprprtnt-shr-amt-extension"/></sourceReference></resource><resource><extension url="http://hl7.org/fhir/StructureDefinition/implementationguide-page"><valueUri value="StructureDefinition-bluebutton-inpatient-clm-pps-cptl-excptn-amt-extension.html"/></extension><example value="false"/><sourceReference><reference value="StructureDefinition/bluebutton-inpatient-clm-pps-cptl-excptn-amt-extension"/></sourceReference></resource><resource><extension url="http://hl7.org/fhir/StructureDefinition/implementationguide-page"><valueUri value="StructureDefinition-bluebutton-inpatient-clm-pps-cptl-fsp-amt-extension.html"/></extension><example value="false"/><sourceReference><reference value="StructureDefinition/bluebutton-inpatient-clm-pps-cptl-fsp-amt-extension"/></sourceReference></resource><resource><extension url="http://hl7.org/fhir/StructureDefinition/implementationguide-page"><valueUri value="StructureDefinition-bluebutton-inpatient-clm-pps-cptl-ime-amt-extension.html"/></extension><example value="false"/><sourceReference><reference value="StructureDefinition/bluebutton-inpatient-clm-pps-cptl-ime-amt-extension"/></sourceReference></resource><resource><extension url="http://hl7.org/fhir/StructureDefinition/implementationguide-page"><valueUri value="StructureDefinition-bluebutton-inpatient-clm-pps-cptl-outlier-amt-extension.html"/></extension><example value="false"/><sourceReference><reference value="StructureDefinition/bluebutton-inpatient-clm-pps-cptl-outlier-amt-extension"/></sourceReference></resource><resource><extension url="http://hl7.org/fhir/StructureDefinition/implementationguide-page"><valueUri value="StructureDefinition-bluebutton-inpatient-clm-pps-old-cptl-hld-hrmls-amt-extension.html"/></extension><example value="false"/><sourceReference><reference value="StructureDefinition/bluebutton-inpatient-clm-pps-old-cptl-hld-hrmls-amt-extension"/></sourceReference></resource><resource><extension url="http://hl7.org/fhir/StructureDefinition/implementationguide-page"><valueUri value="StructureDefinition-bluebutton-inpatient-nch-drg-outlier-aprvd-pmt-amt-extension.html"/></extension><example value="false"/><sourceReference><reference value="StructureDefinition/bluebutton-inpatient-nch-drg-outlier-aprvd-pmt-amt-extension"/></sourceReference></resource><resource><extension url="http://hl7.org/fhir/StructureDefinition/implementationguide-page"><valueUri value="StructureDefinition-bluebutton-inpatient-nch-bene-blood-ddctbl-lblty-am-extension.html"/></extension><example value="false"/><sourceReference><reference value="StructureDefinition/bluebutton-inpatient-nch-bene-blood-ddctbl-lblty-am-extension"/></sourceReference></resource><resource><extension url="http://hl7.org/fhir/StructureDefinition/implementationguide-page"><valueUri value="StructureDefinition-bluebutton-inpatient-clm-mdcr-non-pmt-rsn-cd-extension.html"/></extension><example value="false"/><sourceReference><reference value="StructureDefinition/bluebutton-inpatient-clm-mdcr-non-pmt-rsn-cd-extension"/></sourceReference></resource><resource><extension url="http://hl7.org/fhir/StructureDefinition/implementationguide-page"><valueUri value="StructureDefinition-bluebutton-inpatient-prpayamt-extension.html"/></extension><example value="false"/><sourceReference><reference value="StructureDefinition/bluebutton-inpatient-prpayamt-extension"/></sourceReference></resource><resource><extension url="http://hl7.org/fhir/StructureDefinition/implementationguide-page"><valueUri value="StructureDefinition-bluebutton-inpatient-fi-num-extension.html"/></extension><example value="false"/><sourceReference><reference value="StructureDefinition/bluebutton-inpatient-fi-num-extension"/></sourceReference></resource><resource><extension url="http://hl7.org/fhir/StructureDefinition/implementationguide-page"><valueUri value="StructureDefinition-bluebutton-inpatient-claim-query-cd-extension.html"/></extension><example value="false"/><sourceReference><reference value="StructureDefinition/bluebutton-inpatient-claim-query-cd-extension"/></sourceReference></resource><resource><extension url="http://hl7.org/fhir/StructureDefinition/implementationguide-page"><valueUri value="StructureDefinition-bluebutton-inpatient-clm-fac-type-cd-extension.html"/></extension><example value="false"/><sourceReference><reference value="StructureDefinition/bluebutton-inpatient-clm-fac-type-cd-extension"/></sourceReference></resource><resource><extension url="http://hl7.org/fhir/StructureDefinition/implementationguide-page"><valueUri value="StructureDefinition-bluebutton-inpatient-clm-poa-ind-sw1-extension.html"/></extension><example value="false"/><sourceReference><reference value="StructureDefinition/bluebutton-inpatient-clm-poa-ind-sw1-extension"/></sourceReference></resource><resource><extension url="http://hl7.org/fhir/StructureDefinition/implementationguide-page"><valueUri value="StructureDefinition-bluebutton-inpatient-rev-cntr-ndc-qty-extension.html"/></extension><example value="false"/><sourceReference><reference value="StructureDefinition/bluebutton-inpatient-rev-cntr-ndc-qty-extension"/></sourceReference></resource><resource><extension url="http://hl7.org/fhir/StructureDefinition/implementationguide-page"><valueUri value="StructureDefinition-bluebutton-inpatient-rev-cntr-ddctbl-coinsrnc-cd-extension.html"/></extension><example value="false"/><sourceReference><reference value="StructureDefinition/bluebutton-inpatient-rev-cntr-ddctbl-coinsrnc-cd-extension"/></sourceReference></resource><resource><extension url="http://hl7.org/fhir/StructureDefinition/implementationguide-page"><valueUri value="StructureDefinition-bluebutton-outpatient-nch-profnl-cmpnt-chrg-amt-extension.html"/></extension><example value="false"/><sourceReference><reference value="StructureDefinition/bluebutton-outpatient-nch-profnl-cmpnt-chrg-amt-extension"/></sourceReference></resource><resource><extension url="http://hl7.org/fhir/StructureDefinition/implementationguide-page"><valueUri value="StructureDefinition-bluebutton-outpatient-nch-bene-ptb-ddctbl-amt-extension.html"/></extension><example value="false"/><sourceReference><reference value="StructureDefinition/bluebutton-outpatient-nch-bene-ptb-ddctbl-amt-extension"/></sourceReference></resource><resource><extension url="http://hl7.org/fhir/StructureDefinition/implementationguide-page"><valueUri value="StructureDefinition-bluebutton-outpatient-nch-bene-ptb-coinsrnc-amt-extension.html"/></extension><example value="false"/><sourceReference><reference value="StructureDefinition/bluebutton-outpatient-nch-bene-ptb-coinsrnc-amt-extension"/></sourceReference></resource><resource><extension url="http://hl7.org/fhir/StructureDefinition/implementationguide-page"><valueUri value="StructureDefinition-bluebutton-outpatient-clm-op-prvdr-pmt-amt-extension.html"/></extension><example value="false"/><sourceReference><reference value="StructureDefinition/bluebutton-outpatient-clm-op-prvdr-pmt-amt-extension"/></sourceReference></resource><resource><extension url="http://hl7.org/fhir/StructureDefinition/implementationguide-page"><valueUri value="StructureDefinition-bluebutton-outpatient-clm-op-bene-pmt-amt-extension.html"/></extension><example value="false"/><sourceReference><reference value="StructureDefinition/bluebutton-outpatient-clm-op-bene-pmt-amt-extension"/></sourceReference></resource><resource><extension url="http://hl7.org/fhir/StructureDefinition/implementationguide-page"><valueUri value="StructureDefinition-bluebutton-outpatient-nch-bene-blood-ddctbl-lblty-am-extension.html"/></extension><example value="false"/><sourceReference><reference value="StructureDefinition/bluebutton-outpatient-nch-bene-blood-ddctbl-lblty-am-extension"/></sourceReference></resource><resource><extension url="http://hl7.org/fhir/StructureDefinition/implementationguide-page"><valueUri value="StructureDefinition-bluebutton-outpatient-clm-mdcr-non-pmt-rsn-cd-extension.html"/></extension><example value="false"/><sourceReference><reference value="StructureDefinition/bluebutton-outpatient-clm-mdcr-non-pmt-rsn-cd-extension"/></sourceReference></resource><resource><extension url="http://hl7.org/fhir/StructureDefinition/implementationguide-page"><valueUri value="StructureDefinition-bluebutton-outpatient-prpayamt-extension.html"/></extension><example value="false"/><sourceReference><reference value="StructureDefinition/bluebutton-outpatient-prpayamt-extension"/></sourceReference></resource><resource><extension url="http://hl7.org/fhir/StructureDefinition/implementationguide-page"><valueUri value="StructureDefinition-bluebutton-outpatient-fi-num-extension.html"/></extension><example value="false"/><sourceReference><reference value="StructureDefinition/bluebutton-outpatient-fi-num-extension"/></sourceReference></resource><resource><extension url="http://hl7.org/fhir/StructureDefinition/implementationguide-page"><valueUri value="StructureDefinition-bluebutton-outpatient-claim-query-cd-extension.html"/></extension><example value="false"/><sourceReference><reference value="StructureDefinition/bluebutton-outpatient-claim-query-cd-extension"/></sourceReference></resource><resource><extension url="http://hl7.org/fhir/StructureDefinition/implementationguide-page"><valueUri value="StructureDefinition-bluebutton-outpatient-clm-fac-type-cd-extension.html"/></extension><example value="false"/><sourceReference><reference value="StructureDefinition/bluebutton-outpatient-clm-fac-type-cd-extension"/></sourceReference></resource><resource><extension url="http://hl7.org/fhir/StructureDefinition/implementationguide-page"><valueUri value="StructureDefinition-bluebutton-outpatient-rev-cntr-ndc-qty-extension.html"/></extension><example value="false"/><sourceReference><reference value="StructureDefinition/bluebutton-outpatient-rev-cntr-ndc-qty-extension"/></sourceReference></resource><resource><extension url="http://hl7.org/fhir/StructureDefinition/implementationguide-page"><valueUri value="StructureDefinition-bluebutton-outpatient-rev-cntr-stus-ind-cd-extension.html"/></extension><example value="false"/><sourceReference><reference value="StructureDefinition/bluebutton-outpatient-rev-cntr-stus-ind-cd-extension"/></sourceReference></resource><resource><extension url="http://hl7.org/fhir/StructureDefinition/implementationguide-page"><valueUri value="StructureDefinition-bluebutton-outpatient-rev-cntr-ide-ndc-upc-num-extension.html"/></extension><example value="false"/><sourceReference><reference value="StructureDefinition/bluebutton-outpatient-rev-cntr-ide-ndc-upc-num-extension"/></sourceReference></resource><resource><extension url="http://hl7.org/fhir/StructureDefinition/implementationguide-page"><valueUri value="StructureDefinition-bluebutton-snf-nch-bene-ip-ddctbl-amt-extension.html"/></extension><example value="false"/><sourceReference><reference value="StructureDefinition/bluebutton-snf-nch-bene-ip-ddctbl-amt-extension"/></sourceReference></resource><resource><extension url="http://hl7.org/fhir/StructureDefinition/implementationguide-page"><valueUri value="StructureDefinition-bluebutton-snf-nch-bene-pta-coinsrnc-lblty-amt-extension.html"/></extension><example value="false"/><sourceReference><reference value="StructureDefinition/bluebutton-snf-nch-bene-pta-coinsrnc-lblty-amt-extension"/></sourceReference></resource><resource><extension url="http://hl7.org/fhir/StructureDefinition/implementationguide-page"><valueUri value="StructureDefinition-bluebutton-snf-nch-ip-ncvrd-chrg-amt-extension.html"/></extension><example value="false"/><sourceReference><reference value="StructureDefinition/bluebutton-snf-nch-ip-ncvrd-chrg-amt-extension"/></sourceReference></resource><resource><extension url="http://hl7.org/fhir/StructureDefinition/implementationguide-page"><valueUri value="StructureDefinition-bluebutton-snf-nch-ip-tot-ddctn-amt-extension.html"/></extension><example value="false"/><sourceReference><reference value="StructureDefinition/bluebutton-snf-nch-ip-tot-ddctn-amt-extension"/></sourceReference></resource><resource><extension url="http://hl7.org/fhir/StructureDefinition/implementationguide-page"><valueUri value="StructureDefinition-bluebutton-snf-clm-pps-cptl-dsprprtnt-shr-amt-extension.html"/></extension><example value="false"/><sourceReference><reference value="StructureDefinition/bluebutton-snf-clm-pps-cptl-dsprprtnt-shr-amt-extension"/></sourceReference></resource><resource><extension url="http://hl7.org/fhir/StructureDefinition/implementationguide-page"><valueUri value="StructureDefinition-bluebutton-snf-clm-pps-cptl-excptn-amt-extension.html"/></extension><example value="false"/><sourceReference><reference value="StructureDefinition/bluebutton-snf-clm-pps-cptl-excptn-amt-extension"/></sourceReference></resource><resource><extension url="http://hl7.org/fhir/StructureDefinition/implementationguide-page"><valueUri value="StructureDefinition-bluebutton-snf-clm-pps-cptl-fsp-amt-extension.html"/></extension><example value="false"/><sourceReference><reference value="StructureDefinition/bluebutton-snf-clm-pps-cptl-fsp-amt-extension"/></sourceReference></resource><resource><extension url="http://hl7.org/fhir/StructureDefinition/implementationguide-page"><valueUri value="StructureDefinition-bluebutton-snf-clm-pps-cptl-ime-amt-extension.html"/></extension><example value="false"/><sourceReference><reference value="StructureDefinition/bluebutton-snf-clm-pps-cptl-ime-amt-extension"/></sourceReference></resource><resource><extension url="http://hl7.org/fhir/StructureDefinition/implementationguide-page"><valueUri value="StructureDefinition-bluebutton-snf-clm-pps-cptl-outlier-amt-extension.html"/></extension><example value="false"/><sourceReference><reference value="StructureDefinition/bluebutton-snf-clm-pps-cptl-outlier-amt-extension"/></sourceReference></resource><resource><extension url="http://hl7.org/fhir/StructureDefinition/implementationguide-page"><valueUri value="StructureDefinition-bluebutton-snf-clm-pps-old-cptl-hld-hrmls-amt-extension.html"/></extension><example value="false"/><sourceReference><reference value="StructureDefinition/bluebutton-snf-clm-pps-old-cptl-hld-hrmls-amt-extension"/></sourceReference></resource><resource><extension url="http://hl7.org/fhir/StructureDefinition/implementationguide-page"><valueUri value="StructureDefinition-bluebutton-snf-nch-bene-blood-ddctbl-lblty-am-extension.html"/></extension><example value="false"/><sourceReference><reference value="StructureDefinition/bluebutton-snf-nch-bene-blood-ddctbl-lblty-am-extension"/></sourceReference></resource><resource><extension url="http://hl7.org/fhir/StructureDefinition/implementationguide-page"><valueUri value="StructureDefinition-bluebutton-snf-clm-mdcr-non-pmt-rsn-cd-extension.html"/></extension><example value="false"/><sourceReference><reference value="StructureDefinition/bluebutton-snf-clm-mdcr-non-pmt-rsn-cd-extension"/></sourceReference></resource><resource><extension url="http://hl7.org/fhir/StructureDefinition/implementationguide-page"><valueUri value="StructureDefinition-bluebutton-snf-prpayamt-extension.html"/></extension><example value="false"/><sourceReference><reference value="StructureDefinition/bluebutton-snf-prpayamt-extension"/></sourceReference></resource><resource><extension url="http://hl7.org/fhir/StructureDefinition/implementationguide-page"><valueUri value="StructureDefinition-bluebutton-snf-fi-num-extension.html"/></extension><example value="false"/><sourceReference><reference value="StructureDefinition/bluebutton-snf-fi-num-extension"/></sourceReference></resource><resource><extension url="http://hl7.org/fhir/StructureDefinition/implementationguide-page"><valueUri value="StructureDefinition-bluebutton-snf-claim-query-cd-extension.html"/></extension><example value="false"/><sourceReference><reference value="StructureDefinition/bluebutton-snf-claim-query-cd-extension"/></sourceReference></resource><resource><extension url="http://hl7.org/fhir/StructureDefinition/implementationguide-page"><valueUri value="StructureDefinition-bluebutton-snf-clm-fac-type-cd-extension.html"/></extension><example value="false"/><sourceReference><reference value="StructureDefinition/bluebutton-snf-clm-fac-type-cd-extension"/></sourceReference></resource><resource><extension url="http://hl7.org/fhir/StructureDefinition/implementationguide-page"><valueUri value="StructureDefinition-bluebutton-snf-rev-cntr-ddctbl-coinsrnc-cd-extension.html"/></extension><example value="false"/><sourceReference><reference value="StructureDefinition/bluebutton-snf-rev-cntr-ddctbl-coinsrnc-cd-extension"/></sourceReference></resource><resource><extension url="http://hl7.org/fhir/StructureDefinition/implementationguide-page"><valueUri value="ValueSet-race.html"/></extension><example value="false"/><sourceReference><reference value="ValueSet/race"/></sourceReference></resource><resource><extension url="http://hl7.org/fhir/StructureDefinition/implementationguide-page"><valueUri value="ValueSet-gndr-cd.html"/></extension><example value="false"/><sourceReference><reference value="ValueSet/gndr-cd"/></sourceReference></resource><resource><extension url="http://hl7.org/fhir/StructureDefinition/implementationguide-page"><valueUri value="ValueSet-adjudications.html"/></extension><example value="false"/><sourceReference><reference value="ValueSet/adjudications"/></sourceReference></resource><resource><extension url="http://hl7.org/fhir/StructureDefinition/implementationguide-page"><valueUri value="ValueSet-plan-cntrct-rec-id.html"/></extension><example value="false"/><sourceReference><reference value="ValueSet/plan-cntrct-rec-id"/></sourceReference></resource><resource><extension url="http://hl7.org/fhir/StructureDefinition/implementationguide-page"><valueUri value="ValueSet-information-categories.html"/></extension><example value="false"/><sourceReference><reference value="ValueSet/information-categories"/></sourceReference></resource><resource><extension url="http://hl7.org/fhir/StructureDefinition/implementationguide-page"><valueUri value="ValueSet-clm-mdcr-non-pmt-rsn-cd.html"/></extension><example value="false"/><sourceReference><reference value="ValueSet/clm-mdcr-non-pmt-rsn-cd"/></sourceReference></resource><resource><extension url="http://hl7.org/fhir/StructureDefinition/implementationguide-page"><valueUri value="ValueSet-claim-query-cd.html"/></extension><example value="false"/><sourceReference><reference value="ValueSet/claim-query-cd"/></sourceReference></resource><resource><extension url="http://hl7.org/fhir/StructureDefinition/implementationguide-page"><valueUri value="ValueSet-clm-fac-type-cd.html"/></extension><example value="false"/><sourceReference><reference value="ValueSet/clm-fac-type-cd"/></sourceReference></resource><resource><extension url="http://hl7.org/fhir/StructureDefinition/implementationguide-page"><valueUri value="ValueSet-rev-cntr-stus-ind-cd.html"/></extension><example value="false"/><sourceReference><reference value="ValueSet/rev-cntr-stus-ind-cd"/></sourceReference></resource><resource><extension url="http://hl7.org/fhir/StructureDefinition/implementationguide-page"><valueUri value="ValueSet-clm-poa-ind-sw1.html"/></extension><example value="false"/><sourceReference><reference value="ValueSet/clm-poa-ind-sw1"/></sourceReference></resource><resource><extension url="http://hl7.org/fhir/StructureDefinition/implementationguide-page"><valueUri value="ValueSet-rev-cntr-ddctbl-coinsrnc-cd.html"/></extension><example value="false"/><sourceReference><reference value="ValueSet/rev-cntr-ddctbl-coinsrnc-cd"/></sourceReference></resource><resource><extension url="http://hl7.org/fhir/StructureDefinition/implementationguide-page"><valueUri value="ValueSet-carr-num.html"/></extension><example value="false"/><sourceReference><reference value="ValueSet/carr-num"/></sourceReference></resource><resource><extension url="http://hl7.org/fhir/StructureDefinition/implementationguide-page"><valueUri value="ValueSet-carr-clm-pmt-dnl-cd.html"/></extension><example value="false"/><sourceReference><reference value="ValueSet/carr-clm-pmt-dnl-cd"/></sourceReference></resource><resource><extension url="http://hl7.org/fhir/StructureDefinition/implementationguide-page"><valueUri value="ValueSet-asgmntcd.html"/></extension><example value="false"/><sourceReference><reference value="ValueSet/asgmntcd"/></sourceReference></resource><resource><extension url="http://hl7.org/fhir/StructureDefinition/implementationguide-page"><valueUri value="ValueSet-carr-line-prvdr-type-cd.html"/></extension><example value="false"/><sourceReference><reference value="ValueSet/carr-line-prvdr-type-cd"/></sourceReference></resource><resource><extension url="http://hl7.org/fhir/StructureDefinition/implementationguide-page"><valueUri value="ValueSet-prtcptng-ind-cd.html"/></extension><example value="false"/><sourceReference><reference value="ValueSet/prtcptng-ind-cd"/></sourceReference></resource><resource><extension url="http://hl7.org/fhir/StructureDefinition/implementationguide-page"><valueUri value="ValueSet-carr-line-mtus-cd.html"/></extension><example value="false"/><sourceReference><reference value="ValueSet/carr-line-mtus-cd"/></sourceReference></resource><resource><extension url="http://hl7.org/fhir/StructureDefinition/implementationguide-page"><valueUri value="ValueSet-betos-cd.html"/></extension><example value="false"/><sourceReference><reference value="ValueSet/betos-cd"/></sourceReference></resource><resource><extension url="http://hl7.org/fhir/StructureDefinition/implementationguide-page"><valueUri value="ValueSet-line-bene-prmry-pyr-cd.html"/></extension><example value="false"/><sourceReference><reference value="ValueSet/line-bene-prmry-pyr-cd"/></sourceReference></resource><resource><extension url="http://hl7.org/fhir/StructureDefinition/implementationguide-page"><valueUri value="ValueSet-line-service-deductible.html"/></extension><example value="false"/><sourceReference><reference value="ValueSet/line-service-deductible"/></sourceReference></resource><resource><extension url="http://hl7.org/fhir/StructureDefinition/implementationguide-page"><valueUri value="ValueSet-prvdr-state-cd.html"/></extension><example value="false"/><sourceReference><reference value="ValueSet/prvdr-state-cd"/></sourceReference></resource><resource><extension url="http://hl7.org/fhir/StructureDefinition/implementationguide-page"><valueUri value="ValueSet-carr-line-prcng-lclty-cd.html"/></extension><example value="false"/><sourceReference><reference value="ValueSet/carr-line-prcng-lclty-cd"/></sourceReference></resource><resource><extension url="http://hl7.org/fhir/StructureDefinition/implementationguide-page"><valueUri value="ValueSet-line-pmt-80-100-cd.html"/></extension><example value="false"/><sourceReference><reference value="ValueSet/line-pmt-80-100-cd"/></sourceReference></resource><resource><extension url="http://hl7.org/fhir/StructureDefinition/implementationguide-page"><valueUri value="ValueSet-dmerc-line-prcng-state-cd.html"/></extension><example value="false"/><sourceReference><reference value="ValueSet/dmerc-line-prcng-state-cd"/></sourceReference></resource><resource><extension url="http://hl7.org/fhir/StructureDefinition/implementationguide-page"><valueUri value="ValueSet-dmerc-line-supplr-type-cd.html"/></extension><example value="false"/><sourceReference><reference value="ValueSet/dmerc-line-supplr-type-cd"/></sourceReference></resource><resource><extension url="http://hl7.org/fhir/StructureDefinition/implementationguide-page"><valueUri value="ValueSet-phrmcy-srvc-type-cd.html"/></extension><example value="false"/><sourceReference><reference value="ValueSet/phrmcy-srvc-type-cd"/></sourceReference></resource><resource><extension url="http://hl7.org/fhir/StructureDefinition/implementationguide-page"><valueUri value="ValueSet-adjstmt-dltn-cd.html"/></extension><example value="false"/><sourceReference><reference value="ValueSet/adjstmt-dltn-cd"/></sourceReference></resource><resource><extension url="http://hl7.org/fhir/StructureDefinition/implementationguide-page"><valueUri value="ValueSet-daw-prod-slctn-cd.html"/></extension><example value="false"/><sourceReference><reference value="ValueSet/daw-prod-slctn-cd"/></sourceReference></resource><resource><extension url="http://hl7.org/fhir/StructureDefinition/implementationguide-page"><valueUri value="ValueSet-dspnsng-stus-cd.html"/></extension><example value="false"/><sourceReference><reference value="ValueSet/dspnsng-stus-cd"/></sourceReference></resource><resource><extension url="http://hl7.org/fhir/StructureDefinition/implementationguide-page"><valueUri value="ValueSet-drug-cvrg-stus-cd.html"/></extension><example value="false"/><sourceReference><reference value="ValueSet/drug-cvrg-stus-cd"/></sourceReference></resource><resource><extension url="http://hl7.org/fhir/StructureDefinition/implementationguide-page"><valueUri value="ValueSet-nstd-frmt-cd.html"/></extension><example value="false"/><sourceReference><reference value="ValueSet/nstd-frmt-cd"/></sourceReference></resource><resource><extension url="http://hl7.org/fhir/StructureDefinition/implementationguide-page"><valueUri value="ValueSet-prcng-excptn-cd.html"/></extension><example value="false"/><sourceReference><reference value="ValueSet/prcng-excptn-cd"/></sourceReference></resource><resource><extension url="http://hl7.org/fhir/StructureDefinition/implementationguide-page"><valueUri value="ValueSet-ctstrphc-cvrg-cd.html"/></extension><example value="false"/><sourceReference><reference value="ValueSet/ctstrphc-cvrg-cd"/></sourceReference></resource><resource><extension url="http://hl7.org/fhir/StructureDefinition/implementationguide-page"><valueUri value="ValueSet-rx-orgn-cd.html"/></extension><example value="false"/><sourceReference><reference value="ValueSet/rx-orgn-cd"/></sourceReference></resource><resource><extension url="http://hl7.org/fhir/StructureDefinition/implementationguide-page"><valueUri value="ValueSet-brnd-gnrc-cd.html"/></extension><example value="false"/><sourceReference><reference value="ValueSet/brnd-gnrc-cd"/></sourceReference></resource><resource><extension url="http://hl7.org/fhir/StructureDefinition/implementationguide-page"><valueUri value="ValueSet-ptnt-rsdnc-cd.html"/></extension><example value="false"/><sourceReference><reference value="ValueSet/ptnt-rsdnc-cd"/></sourceReference></resource><resource><extension url="http://hl7.org/fhir/StructureDefinition/implementationguide-page"><valueUri value="ValueSet-submsn-clr-cd.html"/></extension><example value="false"/><sourceReference><reference value="ValueSet/submsn-clr-cd"/></sourceReference></resource><resource><extension url="http://hl7.org/fhir/StructureDefinition/implementationguide-page"><valueUri value="ValueSet-rev-cntr-ndc-qty-qlfr-cd.html"/></extension><example value="false"/><sourceReference><reference value="ValueSet/rev-cntr-ndc-qty-qlfr-cd"/></sourceReference></resource><resource><extension url="http://hl7.org/fhir/StructureDefinition/implementationguide-page"><valueUri value="ValueSet-nch-ptnt-stus-ind-cd.html"/></extension><example value="false"/><sourceReference><reference value="ValueSet/nch-ptnt-stus-ind-cd"/></sourceReference></resource><resource><extension url="http://hl7.org/fhir/StructureDefinition/implementationguide-page"><valueUri value="ValueSet-clm-ip-admsn-type-cd.html"/></extension><example value="false"/><sourceReference><reference value="ValueSet/clm-ip-admsn-type-cd"/></sourceReference></resource><resource><extension url="http://hl7.org/fhir/StructureDefinition/implementationguide-page"><valueUri value="ValueSet-clm-src-ip-admsn-cd.html"/></extension><example value="false"/><sourceReference><reference value="ValueSet/clm-src-ip-admsn-cd"/></sourceReference></resource><resource><extension url="http://hl7.org/fhir/StructureDefinition/implementationguide-page"><valueUri value="ValueSet-clm-mco-pd-sw.html"/></extension><example value="false"/><sourceReference><reference value="ValueSet/clm-mco-pd-sw"/></sourceReference></resource><resource><extension url="http://hl7.org/fhir/StructureDefinition/implementationguide-page"><valueUri value="ValueSet-clm-freq-cd.html"/></extension><example value="false"/><sourceReference><reference value="ValueSet/clm-freq-cd"/></sourceReference></resource><resource><extension url="http://hl7.org/fhir/StructureDefinition/implementationguide-page"><valueUri value="ValueSet-ptnt-dschrg-stus-cd.html"/></extension><example value="false"/><sourceReference><reference value="ValueSet/ptnt-dschrg-stus-cd"/></sourceReference></resource><resource><extension url="http://hl7.org/fhir/StructureDefinition/implementationguide-page"><valueUri value="ValueSet-nch-prmry-pyr-cd.html"/></extension><example value="false"/><sourceReference><reference value="ValueSet/nch-prmry-pyr-cd"/></sourceReference></resource><resource><extension url="http://hl7.org/fhir/StructureDefinition/implementationguide-page"><valueUri value="CodeSystem-nch-prmry-pyr-cd.html"/></extension><example value="false"/><sourceReference><reference value="CodeSystem/nch-prmry-pyr-cd"/></sourceReference></resource><resource><extension url="http://hl7.org/fhir/StructureDefinition/implementationguide-page"><valueUri value="ValueSet-clm-hha-lupa-ind-cd.html"/></extension><example value="false"/><sourceReference><reference value="ValueSet/clm-hha-lupa-ind-cd"/></sourceReference></resource><resource><extension url="http://hl7.org/fhir/StructureDefinition/implementationguide-page"><valueUri value="ValueSet-clm-hha-rfrl-cd.html"/></extension><example value="false"/><sourceReference><reference value="ValueSet/clm-hha-rfrl-cd"/></sourceReference></resource><resource><example value="false"/><sourceReference><reference value="CodeSystem/adjudications"/></sourceReference></resource><resource><extension url="http://hl7.org/fhir/StructureDefinition/implementationguide-page"><valueUri value="CodeSystem-clm-hha-rfrl-cd.html"/></extension><example value="false"/><sourceReference><reference value="CodeSystem/clm-hha-rfrl-cd"/></sourceReference></resource><resource><extension url="http://hl7.org/fhir/StructureDefinition/implementationguide-page"><valueUri value="CodeSystem-clm-hha-lupa-ind-cd.html"/></extension><example value="false"/><sourceReference><reference value="CodeSystem/clm-hha-lupa-ind-cd"/></sourceReference></resource><resource><extension url="http://hl7.org/fhir/StructureDefinition/implementationguide-page"><valueUri value="CodeSystem-ptnt-dschrg-stus-cd.html"/></extension><example value="false"/><sourceReference><reference value="CodeSystem/ptnt-dschrg-stus-cd"/></sourceReference></resource><resource><extension url="http://hl7.org/fhir/StructureDefinition/implementationguide-page"><valueUri value="CodeSystem-clm-freq-cd.html"/></extension><example value="false"/><sourceReference><reference value="CodeSystem/clm-freq-cd"/></sourceReference></resource><resource><extension url="http://hl7.org/fhir/StructureDefinition/implementationguide-page"><valueUri value="CodeSystem-clm-mco-pd-sw.html"/></extension><example value="false"/><sourceReference><reference value="CodeSystem/clm-mco-pd-sw"/></sourceReference></resource><resource><extension url="http://hl7.org/fhir/StructureDefinition/implementationguide-page"><valueUri value="CodeSystem-clm-src-ip-admsn-cd.html"/></extension><example value="false"/><sourceReference><reference value="CodeSystem/clm-src-ip-admsn-cd"/></sourceReference></resource><resource><extension url="http://hl7.org/fhir/StructureDefinition/implementationguide-page"><valueUri value="CodeSystem-clm-ip-admsn-type-cd.html"/></extension><example value="false"/><sourceReference><reference value="CodeSystem/clm-ip-admsn-type-cd"/></sourceReference></resource><resource><extension url="http://hl7.org/fhir/StructureDefinition/implementationguide-page"><valueUri value="CodeSystem-nch-ptnt-stus-ind-cd.html"/></extension><example value="false"/><sourceReference><reference value="CodeSystem/nch-ptnt-stus-ind-cd"/></sourceReference></resource><resource><extension url="http://hl7.org/fhir/StructureDefinition/implementationguide-page"><valueUri value="CodeSystem-rev-cntr-ndc-qty-qlfr-cd.html"/></extension><example value="false"/><sourceReference><reference value="CodeSystem/rev-cntr-ndc-qty-qlfr-cd"/></sourceReference></resource><resource><extension url="http://hl7.org/fhir/StructureDefinition/implementationguide-page"><valueUri value="CodeSystem-submsn-clr-cd.html"/></extension><example value="false"/><sourceReference><reference value="CodeSystem/submsn-clr-cd"/></sourceReference></resource><resource><extension url="http://hl7.org/fhir/StructureDefinition/implementationguide-page"><valueUri value="CodeSystem-ptnt-rsdnc-cd.html"/></extension><example value="false"/><sourceReference><reference value="CodeSystem/ptnt-rsdnc-cd"/></sourceReference></resource><resource><extension url="http://hl7.org/fhir/StructureDefinition/implementationguide-page"><valueUri value="CodeSystem-brnd-gnrc-cd.html"/></extension><example value="false"/><sourceReference><reference value="CodeSystem/brnd-gnrc-cd"/></sourceReference></resource><resource><extension url="http://hl7.org/fhir/StructureDefinition/implementationguide-page"><valueUri value="CodeSystem-rx-orgn-cd.html"/></extension><example value="false"/><sourceReference><reference value="CodeSystem/rx-orgn-cd"/></sourceReference></resource><resource><extension url="http://hl7.org/fhir/StructureDefinition/implementationguide-page"><valueUri value="CodeSystem-ctstrphc-cvrg-cd.html"/></extension><example value="false"/><sourceReference><reference value="CodeSystem/ctstrphc-cvrg-cd"/></sourceReference></resource><resource><extension url="http://hl7.org/fhir/StructureDefinition/implementationguide-page"><valueUri value="CodeSystem-prcng-excptn-cd.html"/></extension><example value="false"/><sourceReference><reference value="CodeSystem/prcng-excptn-cd"/></sourceReference></resource><resource><extension url="http://hl7.org/fhir/StructureDefinition/implementationguide-page"><valueUri value="CodeSystem-nstd-frmt-cd.html"/></extension><example value="false"/><sourceReference><reference value="CodeSystem/nstd-frmt-cd"/></sourceReference></resource><resource><extension url="http://hl7.org/fhir/StructureDefinition/implementationguide-page"><valueUri value="CodeSystem-drug-cvrg-stus-cd.html"/></extension><example value="false"/><sourceReference><reference value="CodeSystem/drug-cvrg-stus-cd"/></sourceReference></resource><resource><extension url="http://hl7.org/fhir/StructureDefinition/implementationguide-page"><valueUri value="CodeSystem-dspnsng-stus-cd.html"/></extension><example value="false"/><sourceReference><reference value="CodeSystem/dspnsng-stus-cd"/></sourceReference></resource><resource><extension url="http://hl7.org/fhir/StructureDefinition/implementationguide-page"><valueUri value="CodeSystem-daw-prod-slctn-cd.html"/></extension><example value="false"/><sourceReference><reference value="CodeSystem/daw-prod-slctn-cd"/></sourceReference></resource><resource><extension url="http://hl7.org/fhir/StructureDefinition/implementationguide-page"><valueUri value="CodeSystem-adjstmt-dltn-cd.html"/></extension><example value="false"/><sourceReference><reference value="CodeSystem/adjstmt-dltn-cd"/></sourceReference></resource><resource><extension url="http://hl7.org/fhir/StructureDefinition/implementationguide-page"><valueUri value="CodeSystem-phrmcy-srvc-type-cd.html"/></extension><example value="false"/><sourceReference><reference value="CodeSystem/phrmcy-srvc-type-cd"/></sourceReference></resource><resource><extension url="http://hl7.org/fhir/StructureDefinition/implementationguide-page"><valueUri value="CodeSystem-dmerc-line-supplr-type-cd.html"/></extension><example value="false"/><sourceReference><reference value="CodeSystem/dmerc-line-supplr-type-cd"/></sourceReference></resource><resource><extension url="http://hl7.org/fhir/StructureDefinition/implementationguide-page"><valueUri value="CodeSystem-dmerc-line-prcng-state-cd.html"/></extension><example value="false"/><sourceReference><reference value="CodeSystem/dmerc-line-prcng-state-cd"/></sourceReference></resource><resource><extension url="http://hl7.org/fhir/StructureDefinition/implementationguide-page"><valueUri value="CodeSystem-line-pmt-80-100-cd.html"/></extension><example value="false"/><sourceReference><reference value="CodeSystem/line-pmt-80-100-cd"/></sourceReference></resource><resource><extension url="http://hl7.org/fhir/StructureDefinition/implementationguide-page"><valueUri value="CodeSystem-carr-line-prcng-lclty-cd.html"/></extension><example value="false"/><sourceReference><reference value="CodeSystem/carr-line-prcng-lclty-cd"/></sourceReference></resource><resource><extension url="http://hl7.org/fhir/StructureDefinition/implementationguide-page"><valueUri value="CodeSystem-prvdr-state-cd.html"/></extension><example value="false"/><sourceReference><reference value="CodeSystem/prvdr-state-cd"/></sourceReference></resource><resource><extension url="http://hl7.org/fhir/StructureDefinition/implementationguide-page"><valueUri value="CodeSystem-line-service-deductible.html"/></extension><example value="false"/><sourceReference><reference value="CodeSystem/line-service-deductible"/></sourceReference></resource><resource><extension url="http://hl7.org/fhir/StructureDefinition/implementationguide-page"><valueUri value="CodeSystem-line-bene-prmry-pyr-cd.html"/></extension><example value="false"/><sourceReference><reference value="CodeSystem/line-bene-prmry-pyr-cd"/></sourceReference></resource><resource><extension url="http://hl7.org/fhir/StructureDefinition/implementationguide-page"><valueUri value="CodeSystem-betos-cd.html"/></extension><example value="false"/><sourceReference><reference value="CodeSystem/betos-cd"/></sourceReference></resource><resource><extension url="http://hl7.org/fhir/StructureDefinition/implementationguide-page"><valueUri value="CodeSystem-carr-line-mtus-cd.html"/></extension><example value="false"/><sourceReference><reference value="CodeSystem/carr-line-mtus-cd"/></sourceReference></resource><resource><extension url="http://hl7.org/fhir/StructureDefinition/implementationguide-page"><valueUri value="CodeSystem-prtcptng-ind-cd.html"/></extension><example value="false"/><sourceReference><reference value="CodeSystem/prtcptng-ind-cd"/></sourceReference></resource><resource><extension url="http://hl7.org/fhir/StructureDefinition/implementationguide-page"><valueUri value="CodeSystem-carr-line-prvdr-type-cd.html"/></extension><example value="false"/><sourceReference><reference value="CodeSystem/carr-line-prvdr-type-cd"/></sourceReference></resource><resource><extension url="http://hl7.org/fhir/StructureDefinition/implementationguide-page"><valueUri value="CodeSystem-asgmntcd.html"/></extension><example value="false"/><sourceReference><reference value="CodeSystem/asgmntcd"/></sourceReference></resource><resource><extension url="http://hl7.org/fhir/StructureDefinition/implementationguide-page"><valueUri value="CodeSystem-carr-clm-pmt-dnl-cd.html"/></extension><example value="false"/><sourceReference><reference value="CodeSystem/carr-clm-pmt-dnl-cd"/></sourceReference></resource><resource><extension url="http://hl7.org/fhir/StructureDefinition/implementationguide-page"><valueUri value="CodeSystem-carr-num.html"/></extension><example value="false"/><sourceReference><reference value="CodeSystem/carr-num"/></sourceReference></resource><resource><extension url="http://hl7.org/fhir/StructureDefinition/implementationguide-page"><valueUri value="CodeSystem-rev-cntr-ddctbl-coinsrnc-cd.html"/></extension><example value="false"/><sourceReference><reference value="CodeSystem/rev-cntr-ddctbl-coinsrnc-cd"/></sourceReference></resource><resource><extension url="http://hl7.org/fhir/StructureDefinition/implementationguide-page"><valueUri value="CodeSystem-clm-poa-ind-sw1.html"/></extension><example value="false"/><sourceReference><reference value="CodeSystem/clm-poa-ind-sw1"/></sourceReference></resource><resource><extension url="http://hl7.org/fhir/StructureDefinition/implementationguide-page"><valueUri value="CodeSystem-rev-cntr-stus-ind-cd.html"/></extension><example value="false"/><sourceReference><reference value="CodeSystem/rev-cntr-stus-ind-cd"/></sourceReference></resource><resource><extension url="http://hl7.org/fhir/StructureDefinition/implementationguide-page"><valueUri value="CodeSystem-clm-fac-type-cd.html"/></extension><example value="false"/><sourceReference><reference value="CodeSystem/clm-fac-type-cd"/></sourceReference></resource><resource><extension url="http://hl7.org/fhir/StructureDefinition/implementationguide-page"><valueUri value="CodeSystem-claim-query-cd.html"/></extension><example value="false"/><sourceReference><reference value="CodeSystem/claim-query-cd"/></sourceReference></resource><resource><extension url="http://hl7.org/fhir/StructureDefinition/implementationguide-page"><valueUri value="CodeSystem-clm-mdcr-non-pmt-rsn-cd.html"/></extension><example value="false"/><sourceReference><reference value="CodeSystem/clm-mdcr-non-pmt-rsn-cd"/></sourceReference></resource><resource><extension url="http://hl7.org/fhir/StructureDefinition/implementationguide-page"><valueUri value="CodeSystem-information-categories.html"/></extension><example value="false"/><sourceReference><reference value="CodeSystem/information-categories"/></sourceReference></resource><resource><extension url="http://hl7.org/fhir/StructureDefinition/implementationguide-page"><valueUri value="CodeSystem-plan-cntrct-rec-id.html"/></extension><example value="false"/><sourceReference><reference value="CodeSystem/plan-cntrct-rec-id"/></sourceReference></resource><resource><extension url="http://hl7.org/fhir/StructureDefinition/implementationguide-page"><valueUri value="CodeSystem-race.html"/></extension><example value="false"/><sourceReference><reference value="CodeSystem/race"/></sourceReference></resource><resource><extension url="http://hl7.org/fhir/StructureDefinition/implementationguide-page"><valueUri value="CodeSystem-gndr-cd.html"/></extension><example value="false"/><sourceReference><reference value="CodeSystem/gndr-cd"/></sourceReference></resource><resource><example value="true"/><sourceReference><reference value="ExplanationOfBenefit/part-d-event-example"/></sourceReference></resource><resource><extension url="http://hl7.org/fhir/StructureDefinition/implementationguide-page"><valueUri value="StructureDefinition-bluebutton-dme-prpayamt-extension.html"/></extension><example value="false"/><sourceReference><reference value="StructureDefinition/bluebutton-dme-prpayamt-extension"/></sourceReference></resource><resource><extension url="http://hl7.org/fhir/StructureDefinition/implementationguide-page"><valueUri value="StructureDefinition-bluebutton-dme-carr-num-extension.html"/></extension><example value="false"/><sourceReference><reference value="StructureDefinition/bluebutton-dme-carr-num-extension"/></sourceReference></resource><resource><extension url="http://hl7.org/fhir/StructureDefinition/implementationguide-page"><valueUri value="StructureDefinition-bluebutton-dme-carr-clm-pmt-dnl-cd-extension.html"/></extension><example value="false"/><sourceReference><reference value="StructureDefinition/bluebutton-dme-carr-clm-pmt-dnl-cd-extension"/></sourceReference></resource><resource><extension url="http://hl7.org/fhir/StructureDefinition/implementationguide-page"><valueUri value="StructureDefinition-bluebutton-dme-asgmntcd-extension.html"/></extension><example value="false"/><sourceReference><reference value="StructureDefinition/bluebutton-dme-asgmntcd-extension"/></sourceReference></resource><resource><extension url="http://hl7.org/fhir/StructureDefinition/implementationguide-page"><valueUri value="StructureDefinition-bluebutton-dme-clm-clncl-tril-num-extension.html"/></extension><example value="false"/><sourceReference><reference value="StructureDefinition/bluebutton-dme-clm-clncl-tril-num-extension"/></sourceReference></resource><resource><extension url="http://hl7.org/fhir/StructureDefinition/implementationguide-page"><valueUri value="StructureDefinition-bluebutton-dme-carr-clm-cash-ddctbl-apld-amt-extension.html"/></extension><example value="false"/><sourceReference><reference value="StructureDefinition/bluebutton-dme-carr-clm-cash-ddctbl-apld-amt-extension"/></sourceReference></resource><resource><extension url="http://hl7.org/fhir/StructureDefinition/implementationguide-page"><valueUri value="StructureDefinition-bluebutton-dme-nch-clm-prvdr-pmt-amt-extension.html"/></extension><example value="false"/><sourceReference><reference value="StructureDefinition/bluebutton-dme-nch-clm-prvdr-pmt-amt-extension"/></sourceReference></resource><resource><extension url="http://hl7.org/fhir/StructureDefinition/implementationguide-page"><valueUri value="StructureDefinition-bluebutton-dme-nch-clm-bene-pmt-amt-extension.html"/></extension><example value="false"/><sourceReference><reference value="StructureDefinition/bluebutton-dme-nch-clm-bene-pmt-amt-extension"/></sourceReference></resource><resource><extension url="http://hl7.org/fhir/StructureDefinition/implementationguide-page"><valueUri value="StructureDefinition-bluebutton-dme-nch-carr-clm-sbmtd-chrg-amt-extension.html"/></extension><example value="false"/><sourceReference><reference value="StructureDefinition/bluebutton-dme-nch-carr-clm-sbmtd-chrg-amt-extension"/></sourceReference></resource><resource><extension url="http://hl7.org/fhir/StructureDefinition/implementationguide-page"><valueUri value="StructureDefinition-bluebutton-dme-nch-carr-clm-alowd-amt-extension.html"/></extension><example value="false"/><sourceReference><reference value="StructureDefinition/bluebutton-dme-nch-carr-clm-alowd-amt-extension"/></sourceReference></resource><resource><extension url="http://hl7.org/fhir/StructureDefinition/implementationguide-page"><valueUri value="StructureDefinition-bluebutton-dme-prtcptng-ind-cd-extension.html"/></extension><example value="false"/><sourceReference><reference value="StructureDefinition/bluebutton-dme-prtcptng-ind-cd-extension"/></sourceReference></resource><resource><extension url="http://hl7.org/fhir/StructureDefinition/implementationguide-page"><valueUri value="StructureDefinition-bluebutton-dme-suplrnum-extension.html"/></extension><example value="false"/><sourceReference><reference value="StructureDefinition/bluebutton-dme-suplrnum-extension"/></sourceReference></resource><resource><extension url="http://hl7.org/fhir/StructureDefinition/implementationguide-page"><valueUri value="StructureDefinition-bluebutton-dme-dmerc-line-scrn-svgs-amt-extension.html"/></extension><example value="false"/><sourceReference><reference value="StructureDefinition/bluebutton-dme-dmerc-line-scrn-svgs-amt-extension"/></sourceReference></resource><resource><extension url="http://hl7.org/fhir/StructureDefinition/implementationguide-page"><valueUri value="StructureDefinition-bluebutton-dme-dmerc-line-mtus-cnt-extension.html"/></extension><example value="false"/><sourceReference><reference value="StructureDefinition/bluebutton-dme-dmerc-line-mtus-cnt-extension"/></sourceReference></resource><resource><extension url="http://hl7.org/fhir/StructureDefinition/implementationguide-page"><valueUri value="StructureDefinition-bluebutton-dme-betos-cd-extension.html"/></extension><example value="false"/><sourceReference><reference value="StructureDefinition/bluebutton-dme-betos-cd-extension"/></sourceReference></resource><resource><extension url="http://hl7.org/fhir/StructureDefinition/implementationguide-page"><valueUri value="StructureDefinition-bluebutton-dme-line-bene-prmry-pyr-cd-extension.html"/></extension><example value="false"/><sourceReference><reference value="StructureDefinition/bluebutton-dme-line-bene-prmry-pyr-cd-extension"/></sourceReference></resource><resource><extension url="http://hl7.org/fhir/StructureDefinition/implementationguide-page"><valueUri value="StructureDefinition-bluebutton-dme-line-service-deductible-extension.html"/></extension><example value="false"/><sourceReference><reference value="StructureDefinition/bluebutton-dme-line-service-deductible-extension"/></sourceReference></resource><resource><extension url="http://hl7.org/fhir/StructureDefinition/implementationguide-page"><valueUri value="StructureDefinition-bluebutton-dme-line-hct-hgb-rslt-num-extension.html"/></extension><example value="false"/><sourceReference><reference value="StructureDefinition/bluebutton-dme-line-hct-hgb-rslt-num-extension"/></sourceReference></resource><resource><extension url="http://hl7.org/fhir/StructureDefinition/implementationguide-page"><valueUri value="StructureDefinition-bluebutton-dme-ndc-extension.html"/></extension><example value="false"/><sourceReference><reference value="StructureDefinition/bluebutton-dme-ndc-extension"/></sourceReference></resource><resource><extension url="http://hl7.org/fhir/StructureDefinition/implementationguide-page"><valueUri value="StructureDefinition-bluebutton-dme-prvdr-state-cd-extension.html"/></extension><example value="false"/><sourceReference><reference value="StructureDefinition/bluebutton-dme-prvdr-state-cd-extension"/></sourceReference></resource><resource><extension url="http://hl7.org/fhir/StructureDefinition/implementationguide-page"><valueUri value="StructureDefinition-bluebutton-dme-dmerc-line-prcng-state-cd-extension.html"/></extension><example value="false"/><sourceReference><reference value="StructureDefinition/bluebutton-dme-dmerc-line-prcng-state-cd-extension"/></sourceReference></resource><resource><extension url="http://hl7.org/fhir/StructureDefinition/implementationguide-page"><valueUri value="StructureDefinition-bluebutton-dme-dmerc-line-supplr-type-cd-extension.html"/></extension><example value="false"/><sourceReference><reference value="StructureDefinition/bluebutton-dme-dmerc-line-supplr-type-cd-extension"/></sourceReference></resource><resource><extension url="http://hl7.org/fhir/StructureDefinition/implementationguide-page"><valueUri value="StructureDefinition-bluebutton-dme-line-pmt-80-100-cd-extension.html"/></extension><example value="false"/><sourceReference><reference value="StructureDefinition/bluebutton-dme-line-pmt-80-100-cd-extension"/></sourceReference></resource><resource><extension url="http://hl7.org/fhir/StructureDefinition/implementationguide-page"><valueUri value="StructureDefinition-bluebutton-hospice-clm-mdcr-non-pmt-rsn-cd-extension.html"/></extension><example value="false"/><sourceReference><reference value="StructureDefinition/bluebutton-hospice-clm-mdcr-non-pmt-rsn-cd-extension"/></sourceReference></resource><resource><extension url="http://hl7.org/fhir/StructureDefinition/implementationguide-page"><valueUri value="StructureDefinition-bluebutton-hospice-prpayamt-extension.html"/></extension><example value="false"/><sourceReference><reference value="StructureDefinition/bluebutton-hospice-prpayamt-extension"/></sourceReference></resource><resource><extension url="http://hl7.org/fhir/StructureDefinition/implementationguide-page"><valueUri value="StructureDefinition-bluebutton-hospice-fi-num-extension.html"/></extension><example value="false"/><sourceReference><reference value="StructureDefinition/bluebutton-hospice-fi-num-extension"/></sourceReference></resource><resource><extension url="http://hl7.org/fhir/StructureDefinition/implementationguide-page"><valueUri value="StructureDefinition-bluebutton-hospice-clm-fac-type-cd-extension.html"/></extension><example value="false"/><sourceReference><reference value="StructureDefinition/bluebutton-hospice-clm-fac-type-cd-extension"/></sourceReference></resource><resource><extension url="http://hl7.org/fhir/StructureDefinition/implementationguide-page"><valueUri value="StructureDefinition-bluebutton-hospice-bene-hospc-prd-cnt-extension.html"/></extension><example value="false"/><sourceReference><reference value="StructureDefinition/bluebutton-hospice-bene-hospc-prd-cnt-extension"/></sourceReference></resource><resource><extension url="http://hl7.org/fhir/StructureDefinition/implementationguide-page"><valueUri value="StructureDefinition-bluebutton-hospice-rev-cntr-ndc-qty-extension.html"/></extension><example value="false"/><sourceReference><reference value="StructureDefinition/bluebutton-hospice-rev-cntr-ndc-qty-extension"/></sourceReference></resource><resource><extension url="http://hl7.org/fhir/StructureDefinition/implementationguide-page"><valueUri value="StructureDefinition-bluebutton-hospice-rev-cntr-ddctbl-coinsrnc-cd-extension.html"/></extension><example value="false"/><sourceReference><reference value="StructureDefinition/bluebutton-hospice-rev-cntr-ddctbl-coinsrnc-cd-extension"/></sourceReference></resource><resource><extension url="http://hl7.org/fhir/StructureDefinition/implementationguide-page"><valueUri value="StructureDefinition-bluebutton-hha-clm-mdcr-non-pmt-rsn-cd-extension.html"/></extension><example value="false"/><sourceReference><reference value="StructureDefinition/bluebutton-hha-clm-mdcr-non-pmt-rsn-cd-extension"/></sourceReference></resource><resource><extension url="http://hl7.org/fhir/StructureDefinition/implementationguide-page"><valueUri value="StructureDefinition-bluebutton-hha-prpayamt-extension.html"/></extension><example value="false"/><sourceReference><reference value="StructureDefinition/bluebutton-hha-prpayamt-extension"/></sourceReference></resource><resource><extension url="http://hl7.org/fhir/StructureDefinition/implementationguide-page"><valueUri value="StructureDefinition-bluebutton-hha-fi-num-extension.html"/></extension><example value="false"/><sourceReference><reference value="StructureDefinition/bluebutton-hha-fi-num-extension"/></sourceReference></resource><resource><extension url="http://hl7.org/fhir/StructureDefinition/implementationguide-page"><valueUri value="StructureDefinition-bluebutton-hha-clm-fac-type-cd-extension.html"/></extension><example value="false"/><sourceReference><reference value="StructureDefinition/bluebutton-hha-clm-fac-type-cd-extension"/></sourceReference></resource><resource><extension url="http://hl7.org/fhir/StructureDefinition/implementationguide-page"><valueUri value="StructureDefinition-bluebutton-hha-rev-cntr-stus-ind-cd-extension.html"/></extension><example value="false"/><sourceReference><reference value="StructureDefinition/bluebutton-hha-rev-cntr-stus-ind-cd-extension"/></sourceReference></resource><resource><extension url="http://hl7.org/fhir/StructureDefinition/implementationguide-page"><valueUri value="StructureDefinition-bluebutton-hha-rev-cntr-ndc-qty-extension.html"/></extension><example value="false"/><sourceReference><reference value="StructureDefinition/bluebutton-hha-rev-cntr-ndc-qty-extension"/></sourceReference></resource><resource><extension url="http://hl7.org/fhir/StructureDefinition/implementationguide-page"><valueUri value="StructureDefinition-bluebutton-hha-rev-cntr-ddctbl-coinsrnc-cd-extension.html"/></extension><example value="false"/><sourceReference><reference value="StructureDefinition/bluebutton-hha-rev-cntr-ddctbl-coinsrnc-cd-extension"/></sourceReference></resource></package><page><source value="index.html"/><title value="Blue Button Homepage"/><kind value="page"/><page><source value="_includes/toc.md"/><title value="Blue Button Table of Contents"/><kind value="page"/></page></page></ImplementationGuide>