<?xml version="1.0" encoding="UTF-8"?><ValueSet xmlns="http://hl7.org/fhir"><id value="carr-line-prvdr-type-cd"/><text><status value="generated"/><div xmlns="http://www.w3.org/1999/xhtml"><h2>Carrier Line Provider Type Code</h2><div><p>Code identifying the type of provider furnishing the service for this line item on the carrier claim. Source: https://bluebutton.cms.gov/resources/variables/carr<em>line</em>prvdr<em>type</em>cd</p>
</div><p>This value set includes codes from the following code systems:</p><ul><li>Include all codes defined in <a href="CodeSystem/carr-line-prvdr-type-cd.html"><code>http://hl7.org/fhir/CodeSystem/carr-line-prvdr-type-cd</code></a></li></ul></div></text><url value="http://hl7.org/fhir/ValueSet/carr-line-prvdr-type-cd"/><version value="1.1.0"/><name value="Carrier Line Provider Type Code"/><status value="draft"/><date value="2018-05-07T14:45:05+00:00"/><description value="Code identifying the type of provider furnishing the service for this line item on the carrier claim. Source: https://bluebutton.cms.gov/resources/variables/carr_line_prvdr_type_cd"/><compose><include><system value="http://hl7.org/fhir/CodeSystem/carr-line-prvdr-type-cd"/></include></compose></ValueSet>