<?xml version="1.0" encoding="UTF-8"?><ValueSet xmlns="http://hl7.org/fhir"><id value="line-service-deductible"/><text><status value="generated"/><div xmlns="http://www.w3.org/1999/xhtml"><h2>Line Service Deductible Indicator Switch</h2><div><p>Switch indicating whether or not the line item service on the non-institutional claim is subject to a deductible. Source: https://bluebutton.cms.gov/resources/variables/line<em>service</em>deductible</p>
</div><p>This value set includes codes from the following code systems:</p><ul><li>Include all codes defined in <a href="CodeSystem/line-service-deductible.html"><code>http://hl7.org/fhir/CodeSystem/line-service-deductible</code></a></li></ul></div></text><url value="http://hl7.org/fhir/ValueSet/line-service-deductible"/><version value="1.1.0"/><name value="Line Service Deductible Indicator Switch"/><status value="draft"/><date value="2018-05-31T14:39:32+00:00"/><description value="Switch indicating whether or not the line item service on the non-institutional claim is subject to a deductible. Source: https://bluebutton.cms.gov/resources/variables/line_service_deductible"/><compose><include><system value="http://hl7.org/fhir/CodeSystem/line-service-deductible"/></include></compose></ValueSet>