<?xml version="1.0" encoding="UTF-8"?><ValueSet xmlns="http://hl7.org/fhir"><id value="nch-prmry-pyr-cd"/><text><status value="generated"/><div xmlns="http://www.w3.org/1999/xhtml"><h2>NCH Primary Payer Code (if not Medicare)</h2><div><p>The code, on an institutional claim, specifying a federal non-Medicare program or other source that has primary responsibility for the payment of the Medicare beneficiary&#39;s health insurance bills. The presence of a primary payer code indicates that some other payer besides Medicare covered at least some portion of the charges. Source: https://bluebutton.cms.gov/resources/variables/nch<em>prmry</em>pyr_cd</p>
</div><p>This value set includes codes from the following code systems:</p><ul><li>Include all codes defined in <a href="CodeSystem/nch-prmry-pyr-cd.html"><code>http://hl7.org/fhir/CodeSystem/nch-prmry-pyr-cd</code></a></li></ul></div></text><url value="http://hl7.org/fhir/ValueSet/nch-prmry-pyr-cd"/><version value="1.1.0"/><name value="NCH Primary Payer Code (if not Medicare)"/><status value="draft"/><date value="2018-05-31T14:39:32+00:00"/><description value="The code, on an institutional claim, specifying a federal non-Medicare program or other source that has primary responsibility for the payment of the Medicare beneficiary&#39;s health insurance bills. The presence of a primary payer code indicates that some other payer besides Medicare covered at least some portion of the charges. Source: https://bluebutton.cms.gov/resources/variables/nch_prmry_pyr_cd"/><compose><include><system value="http://hl7.org/fhir/CodeSystem/nch-prmry-pyr-cd"/></include></compose></ValueSet>