<?xml version="1.0" encoding="UTF-8"?><ValueSet xmlns="http://hl7.org/fhir"><id value="information-categories"/><text><status value="generated"/><div xmlns="http://www.w3.org/1999/xhtml"><h2>Information Categories</h2><div><p>Information Categories</p>
</div><p>This value set includes codes from the following code systems:</p><ul><li>Include all codes defined in <a href="CodeSystem/information-categories.html"><code>http://hl7.org/fhir/CodeSystem/information-categories</code></a></li></ul></div></text><url value="http://hl7.org/fhir/ValueSet/information-categories"/><version value="1.1.0"/><name value="Information Categories"/><status value="draft"/><date value="2018-05-07T14:45:05+00:00"/><description value="Information Categories"/><compose><include><system value="http://hl7.org/fhir/CodeSystem/information-categories"/></include></compose></ValueSet>