<?xml version="1.0" encoding="UTF-8"?><ValueSet xmlns="http://hl7.org/fhir"><id value="drug-cvrg-stus-cd"/><text><status value="generated"/><div xmlns="http://www.w3.org/1999/xhtml"><h2>Drug Coverage Status Code</h2><div><p>This field indicates whether or not the drug is covered by Medicare Part D. The Part D benefit does not cover all FDA-approved drugs. However, plan sponsors can offer an &#x201C;enhanced&#x201D; benefit package that covers non-Part D drugs, such as over-the-counter medications. Source: https://bluebutton.cms.gov/resources/variables/drug<em>cvrg</em>stus_cd</p>
</div><p>This value set includes codes from the following code systems:</p><ul><li>Include all codes defined in <a href="CodeSystem/drug-cvrg-stus-cd.html"><code>http://hl7.org/fhir/CodeSystem/drug-cvrg-stus-cd</code></a></li></ul></div></text><url value="http://hl7.org/fhir/ValueSet/drug-cvrg-stus-cd"/><version value="1.1.0"/><name value="Drug Coverage Status Code"/><status value="draft"/><date value="2018-05-07T14:45:05+00:00"/><description value="This field indicates whether or not the drug is covered by Medicare Part D. The Part D benefit does not cover all FDA-approved drugs. However, plan sponsors can offer an &#x201C;enhanced&#x201D; benefit package that covers non-Part D drugs, such as over-the-counter medications. Source: https://bluebutton.cms.gov/resources/variables/drug_cvrg_stus_cd"/><compose><include><system value="http://hl7.org/fhir/CodeSystem/drug-cvrg-stus-cd"/></include></compose></ValueSet>