<?xml version="1.0" encoding="UTF-8"?><ValueSet xmlns="http://hl7.org/fhir"><id value="clm-mco-pd-sw"/><text><status value="generated"/><div xmlns="http://www.w3.org/1999/xhtml"><h2>Claim MCO Paid Switch</h2><div><p>A switch indicating whether or not a Managed Care Organization (MCO) has paid the provider for an institutional claim. Source: https://bluebutton.cms.gov/resources/variables/clm<em>mco</em>pd_sw</p>
</div><p>This value set includes codes from the following code systems:</p><ul><li>Include all codes defined in <a href="CodeSystem/clm-mco-pd-sw.html"><code>http://hl7.org/fhir/CodeSystem/clm-mco-pd-sw</code></a></li></ul></div></text><url value="http://hl7.org/fhir/ValueSet/clm-mco-pd-sw"/><version value="1.1.1"/><name value="Claim MCO Paid Switch"/><status value="draft"/><date value="2018-11-27T15:56:35+00:00"/><description value="A switch indicating whether or not a Managed Care Organization (MCO) has paid the provider for an institutional claim. Source: https://bluebutton.cms.gov/resources/variables/clm_mco_pd_sw"/><compose><include><system value="http://hl7.org/fhir/CodeSystem/clm-mco-pd-sw"/></include></compose></ValueSet>