<?xml version="1.0" encoding="UTF-8"?><ValueSet xmlns="http://hl7.org/fhir"><id value="prtcptng-ind-cd"/><text><status value="generated"/><div xmlns="http://www.w3.org/1999/xhtml"><h2>Line Provider Participating Indicator Code</h2><div><p>Code indicating whether or not a provider is participating (accepting assignment) for this line item service on the non-institutional claim. Source: https://bluebutton.cms.gov/resources/variables/prtcptng<em>ind</em>cd</p>
</div><p>This value set includes codes from the following code systems:</p><ul><li>Include all codes defined in <a href="CodeSystem/prtcptng-ind-cd.html"><code>http://hl7.org/fhir/CodeSystem/prtcptng-ind-cd</code></a></li></ul></div></text><url value="http://hl7.org/fhir/ValueSet/prtcptng-ind-cd"/><version value="1.1.0"/><name value="Line Provider Participating Indicator Code"/><status value="draft"/><date value="2018-05-07T14:45:05+00:00"/><description value="Code indicating whether or not a provider is participating (accepting assignment) for this line item service on the non-institutional claim. Source: https://bluebutton.cms.gov/resources/variables/prtcptng_ind_cd"/><compose><include><system value="http://hl7.org/fhir/CodeSystem/prtcptng-ind-cd"/></include></compose></ValueSet>