<?xml version="1.0" encoding="UTF-8"?><ValueSet xmlns="http://hl7.org/fhir"><id value="clm-hha-rfrl-cd"/><text><status value="generated"/><div xmlns="http://www.w3.org/1999/xhtml"><h2>Claim HHA Referral Code</h2><div><p>Effective with Version &#39;I&#39;, the code used to identify the means by which the beneficiary was referred for Home Health services. Source: https://bluebutton.cms.gov/resources/variables/clm<em>hha</em>rfrl_cd</p>
</div><p>This value set includes codes from the following code systems:</p><ul><li>Include all codes defined in <a href="CodeSystem/clm-hha-rfrl-cd.html"><code>http://hl7.org/fhir/CodeSystem/clm-hha-rfrl-cd</code></a></li></ul></div></text><url value="http://hl7.org/fhir/ValueSet/clm-hha-rfrl-cd"/><version value="1.1.0"/><name value="Claim HHA Referral Code"/><status value="draft"/><date value="2018-05-31T14:39:32+00:00"/><description value="Effective with Version &#39;I&#39;, the code used to identify the means by which the beneficiary was referred for Home Health services. Source: https://bluebutton.cms.gov/resources/variables/clm_hha_rfrl_cd"/><compose><include><system value="http://hl7.org/fhir/CodeSystem/clm-hha-rfrl-cd"/></include></compose></ValueSet>