{"resourceType":"CodeSystem","id":"dmerc-line-supplr-type-cd","text":{"status":"generated","div":"<div xmlns=\"http://www.w3.org/1999/xhtml\"><h2>DMERC Line Supplier Type Code</h2><div><p>The type of DMERC supplier. Source: https://bluebutton.cms.gov/resources/variables/dmerc<em>line</em>supplr<em>type</em>cd</p>\n</div><p>This code system http://hl7.org/fhir/CodeSystem/dmerc-line-supplr-type-cd defines the following codes:</p><table class=\"codes\"><tr><td><b>Code</b></td><td><b>Display</b></td><td><b>Definition</b></td></tr><tr><td>0<a name=\"dmerc-line-supplr-type-cd-0\"> </a></td><td>Clinics, groups, associations, partnerships, or other entities for whom the carrier's own ID number has been assigned.</td><td>Clinics, groups, associations, partnerships, or other entities for whom the carrier's own ID number has been assigned.</td></tr><tr><td>1<a name=\"dmerc-line-supplr-type-cd-1\"> </a></td><td>Physicians or suppliers billing as solo practitioners for whom SSN's are shown in the physician ID code field.</td><td>Physicians or suppliers billing as solo practitioners for whom SSN's are shown in the physician ID code field.</td></tr><tr><td>2<a name=\"dmerc-line-supplr-type-cd-2\"> </a></td><td>Physicians or suppliers billing as solo practitioners for whom the carrier's own physician ID code is shown.</td><td>Physicians or suppliers billing as solo practitioners for whom the carrier's own physician ID code is shown.</td></tr><tr><td>3<a name=\"dmerc-line-supplr-type-cd-3\"> </a></td><td>Suppliers (other than sole proprietorship) for whom employer identification (EI) numbers are used in coding the ID field.</td><td>Suppliers (other than sole proprietorship) for whom employer identification (EI) numbers are used in coding the ID field.</td></tr><tr><td>4<a name=\"dmerc-line-supplr-type-cd-4\"> </a></td><td>Suppliers (other than sole proprietorship) for whom the carrier's own code has been shown.</td><td>Suppliers (other than sole proprietorship) for whom the carrier's own code has been shown.</td></tr><tr><td>5<a name=\"dmerc-line-supplr-type-cd-5\"> </a></td><td>Institutional providers and independent laboratories for whom employer identification (EI) numbers are used in coding the ID field.</td><td>Institutional providers and independent laboratories for whom employer identification (EI) numbers are used in coding the ID field.</td></tr><tr><td>6<a name=\"dmerc-line-supplr-type-cd-6\"> </a></td><td>Institutional providers and independent laboratories for whom the carrier's own ID number is shown.</td><td>Institutional providers and independent laboratories for whom the carrier's own ID number is shown.</td></tr><tr><td>7<a name=\"dmerc-line-supplr-type-cd-7\"> </a></td><td>Clinics, groups, associations, or partnerships for whom employer identification (EI) numbers are used in coding the ID field.</td><td>Clinics, groups, associations, or partnerships for whom employer identification (EI) numbers are used in coding the ID field.</td></tr><tr><td>8<a name=\"dmerc-line-supplr-type-cd-8\"> </a></td><td>Other entities for whom employer identification (EI) numbers are used in coding the ID field or proprietorship for whom EI numbers are used in coding the ID field.</td><td>Other entities for whom employer identification (EI) numbers are used in coding the ID field or proprietorship for whom EI numbers are used in coding the ID field.</td></tr></table></div>"},"url":"http://hl7.org/fhir/CodeSystem/dmerc-line-supplr-type-cd","identifier":{"value":"http://hl7.org/fhir/CodeSystem/dmerc-line-supplr-type-cd"},"version":"1.1.0","name":"DMERC Line Supplier Type Code","title":"DMERC Line Supplier Type Code","status":"active","date":"2018-05-31T14:39:32+00:00","description":"The type of DMERC supplier. Source: https://bluebutton.cms.gov/resources/variables/dmerc_line_supplr_type_cd","caseSensitive":true,"valueSet":"http://hl7.org/fhir/ValueSet/dmerc-line-supplr-type-cd","hierarchyMeaning":"is-a","content":"complete","concept":[{"code":"0","display":"Clinics, groups, associations, partnerships, or other entities for whom the carrier's own ID number has been assigned.","definition":"Clinics, groups, associations, partnerships, or other entities for whom the carrier's own ID number has been assigned."},{"code":"1","display":"Physicians or suppliers billing as solo practitioners for whom SSN's are shown in the physician ID code field.","definition":"Physicians or suppliers billing as solo practitioners for whom SSN's are shown in the physician ID code field."},{"code":"2","display":"Physicians or suppliers billing as solo practitioners for whom the carrier's own physician ID code is shown.","definition":"Physicians or suppliers billing as solo practitioners for whom the carrier's own physician ID code is shown."},{"code":"3","display":"Suppliers (other than sole proprietorship) for whom employer identification (EI) numbers are used in coding the ID field.","definition":"Suppliers (other than sole proprietorship) for whom employer identification (EI) numbers are used in coding the ID field."},{"code":"4","display":"Suppliers (other than sole proprietorship) for whom the carrier's own code has been shown.","definition":"Suppliers (other than sole proprietorship) for whom the carrier's own code has been shown."},{"code":"5","display":"Institutional providers and independent laboratories for whom employer identification (EI) numbers are used in coding the ID field.","definition":"Institutional providers and independent laboratories for whom employer identification (EI) numbers are used in coding the ID field."},{"code":"6","display":"Institutional providers and independent laboratories for whom the carrier's own ID number is shown.","definition":"Institutional providers and independent laboratories for whom the carrier's own ID number is shown."},{"code":"7","display":"Clinics, groups, associations, or partnerships for whom employer identification (EI) numbers are used in coding the ID field.","definition":"Clinics, groups, associations, or partnerships for whom employer identification (EI) numbers are used in coding the ID field."},{"code":"8","display":"Other entities for whom employer identification (EI) numbers are used in coding the ID field or proprietorship for whom EI numbers are used in coding the ID field.","definition":"Other entities for whom employer identification (EI) numbers are used in coding the ID field or proprietorship for whom EI numbers are used in coding the ID field."}]}