{"resourceType":"CodeSystem","id":"nstd-frmt-cd","text":{"status":"generated","div":"<div xmlns=\"http://www.w3.org/1999/xhtml\"><h2>Non-Standard Format Code</h2><div><p>This data element is used by CMS to identify PDE records that are compiled from non-standard sources. The National Council for Prescription Drug Program (NCPDP) is the standard format in which plans receive data from pharmacies. Source: https://bluebutton.cms.gov/resources/variables/nstd<em>frmt</em>cd</p>\n</div><p>This code system http://hl7.org/fhir/CodeSystem/nstd-frmt-cd defines the following codes:</p><table class=\"codes\"><tr><td><b>Code</b></td><td><b>Display</b></td><td><b>Definition</b></td></tr><tr><td>X<a name=\"nstd-frmt-cd-X\"> </a></td><td>X12 837</td><td>X12 837</td></tr><tr><td>B<a name=\"nstd-frmt-cd-B\"> </a></td><td>Beneficiary submitted claim</td><td>Beneficiary submitted claim</td></tr><tr><td>C<a name=\"nstd-frmt-cd-C\"> </a></td><td>Coordination of Benefits</td><td>Coordination of Benefits</td></tr><tr><td>P<a name=\"nstd-frmt-cd-P\"> </a></td><td>Paper claim from provider</td><td>Paper claim from provider</td></tr><tr><td>Blank<a name=\"nstd-frmt-cd-Blank\"> </a></td><td>NCPDP electronic format</td><td>NCPDP electronic format</td></tr></table></div>"},"url":"http://hl7.org/fhir/CodeSystem/nstd-frmt-cd","identifier":{"value":"http://hl7.org/fhir/CodeSystem/nstd-frmt-cd.html"},"version":"1.1.1","name":"Non-Standard Format Code","title":"Non-Standard Format Code","status":"active","date":"2018-11-27T15:56:35+00:00","publisher":"CMS Blue Button 2.0 Team","description":"This data element is used by CMS to identify PDE records that are compiled from non-standard sources. The National Council for Prescription Drug Program (NCPDP) is the standard format in which plans receive data from pharmacies. Source: https://bluebutton.cms.gov/resources/variables/nstd_frmt_cd","caseSensitive":true,"valueSet":"http://hl7.org/fhir/ValueSet/nstd-frmt-cd","hierarchyMeaning":"is-a","content":"complete","concept":[{"code":"X","display":"X12 837","definition":"X12 837"},{"code":"B","display":"Beneficiary submitted claim","definition":"Beneficiary submitted claim"},{"code":"C","display":"Coordination of Benefits","definition":"Coordination of Benefits"},{"code":"P","display":"Paper claim from provider","definition":"Paper claim from provider"},{"code":"Blank","display":"NCPDP electronic format","definition":"NCPDP electronic format"}]}