{"resourceType":"CodeSystem","id":"carr-line-prcng-lclty-cd","text":{"status":"generated","div":"<div xmlns=\"http://www.w3.org/1999/xhtml\"><h2>Carrier Line Pricing Locality Code</h2><div><p>Code denoting the carrier-specific locality used for pricing the service for this line item on the carrier claim (non-DMERC). Source: https://bluebutton.cms.gov/resources/variables/carr<em>line</em>prcng<em>lclty</em>cd</p>\n</div><p>This code system http://hl7.org/fhir/CodeSystem/carr-line-prcng-lclty-cd defines the following codes:</p><table class=\"codes\"><tr><td><b>Code</b></td><td><b>Display</b></td><td><b>Definition</b></td></tr><tr><td>1<a name=\"carr-line-prcng-lclty-cd-1\"> </a></td><td>ALABAMA</td><td>ALABAMA</td></tr><tr><td>2<a name=\"carr-line-prcng-lclty-cd-2\"> </a></td><td>ALASKA</td><td>ALASKA</td></tr><tr><td>3<a name=\"carr-line-prcng-lclty-cd-3\"> </a></td><td>ARIZONA</td><td>ARIZONA</td></tr><tr><td>4<a name=\"carr-line-prcng-lclty-cd-4\"> </a></td><td>ARKANSAS</td><td>ARKANSAS</td></tr><tr><td>5<a name=\"carr-line-prcng-lclty-cd-5\"> </a></td><td>ANAHEIM/SANTA ANA, CA</td><td>ANAHEIM/SANTA ANA, CA</td></tr><tr><td>6<a name=\"carr-line-prcng-lclty-cd-6\"> </a></td><td>LOS ANGELES, CA</td><td>LOS ANGELES, CA</td></tr><tr><td>7<a name=\"carr-line-prcng-lclty-cd-7\"> </a></td><td>MARIN/NAPA/SOLANO, CA</td><td>MARIN/NAPA/SOLANO, CA</td></tr><tr><td>8<a name=\"carr-line-prcng-lclty-cd-8\"> </a></td><td>OAKLAND/BERKELEY, CA</td><td>OAKLAND/BERKELEY, CA</td></tr><tr><td>9<a name=\"carr-line-prcng-lclty-cd-9\"> </a></td><td>REST OF CALIFORNIA</td><td>REST OF CALIFORNIA</td></tr><tr><td>10<a name=\"carr-line-prcng-lclty-cd-10\"> </a></td><td>SAN FRANCISCO, CA</td><td>SAN FRANCISCO, CA</td></tr><tr><td>11<a name=\"carr-line-prcng-lclty-cd-11\"> </a></td><td>SAN MATEO, CA</td><td>SAN MATEO, CA</td></tr><tr><td>12<a name=\"carr-line-prcng-lclty-cd-12\"> </a></td><td>SANTA CLARA, CA</td><td>SANTA CLARA, CA</td></tr><tr><td>13<a name=\"carr-line-prcng-lclty-cd-13\"> </a></td><td>VENTURA, CA</td><td>VENTURA, CA</td></tr><tr><td>14<a name=\"carr-line-prcng-lclty-cd-14\"> </a></td><td>COLORADO</td><td>COLORADO</td></tr><tr><td>15<a name=\"carr-line-prcng-lclty-cd-15\"> </a></td><td>CONNECTICUT</td><td>CONNECTICUT</td></tr><tr><td>16<a name=\"carr-line-prcng-lclty-cd-16\"> </a></td><td>DC + MD/VA SUBURBS</td><td>DC + MD/VA SUBURBS</td></tr><tr><td>17<a name=\"carr-line-prcng-lclty-cd-17\"> </a></td><td>DELAWARE</td><td>DELAWARE</td></tr><tr><td>18<a name=\"carr-line-prcng-lclty-cd-18\"> </a></td><td>FORT LAUDERDALE, FL</td><td>FORT LAUDERDALE, FL</td></tr><tr><td>19<a name=\"carr-line-prcng-lclty-cd-19\"> </a></td><td>MIAMI, FL</td><td>MIAMI, FL</td></tr><tr><td>20<a name=\"carr-line-prcng-lclty-cd-20\"> </a></td><td>REST OF FLORIDA</td><td>REST OF FLORIDA</td></tr><tr><td>21<a name=\"carr-line-prcng-lclty-cd-21\"> </a></td><td>ATLANTA, GA</td><td>ATLANTA, GA</td></tr><tr><td>22<a name=\"carr-line-prcng-lclty-cd-22\"> </a></td><td>REST OF GEORGIA</td><td>REST OF GEORGIA</td></tr><tr><td>23<a name=\"carr-line-prcng-lclty-cd-23\"> </a></td><td>HAWAII</td><td>HAWAII</td></tr><tr><td>24<a name=\"carr-line-prcng-lclty-cd-24\"> </a></td><td>IDAHO</td><td>IDAHO</td></tr><tr><td>25<a name=\"carr-line-prcng-lclty-cd-25\"> </a></td><td>CHICAGO, IL</td><td>CHICAGO, IL</td></tr><tr><td>26<a name=\"carr-line-prcng-lclty-cd-26\"> </a></td><td>EAST ST. LOUIS, IL</td><td>EAST ST. LOUIS, IL</td></tr><tr><td>27<a name=\"carr-line-prcng-lclty-cd-27\"> </a></td><td>REST OF ILLINOIS</td><td>REST OF ILLINOIS</td></tr><tr><td>28<a name=\"carr-line-prcng-lclty-cd-28\"> </a></td><td>SUBURBAN CHICAGO, IL</td><td>SUBURBAN CHICAGO, IL</td></tr><tr><td>29<a name=\"carr-line-prcng-lclty-cd-29\"> </a></td><td>INDIANA</td><td>INDIANA</td></tr><tr><td>30<a name=\"carr-line-prcng-lclty-cd-30\"> </a></td><td>IOWA</td><td>IOWA</td></tr><tr><td>31<a name=\"carr-line-prcng-lclty-cd-31\"> </a></td><td>KANSAS</td><td>KANSAS</td></tr><tr><td>32<a name=\"carr-line-prcng-lclty-cd-32\"> </a></td><td>KENTUCKY</td><td>KENTUCKY</td></tr><tr><td>33<a name=\"carr-line-prcng-lclty-cd-33\"> </a></td><td>NEW ORLEANS, LA</td><td>NEW ORLEANS, LA</td></tr><tr><td>34<a name=\"carr-line-prcng-lclty-cd-34\"> </a></td><td>REST OF LOUISIANA</td><td>REST OF LOUISIANA</td></tr><tr><td>35<a name=\"carr-line-prcng-lclty-cd-35\"> </a></td><td>REST OF MAINE</td><td>REST OF MAINE</td></tr><tr><td>36<a name=\"carr-line-prcng-lclty-cd-36\"> </a></td><td>SOUTHERN MAINE</td><td>SOUTHERN MAINE</td></tr><tr><td>37<a name=\"carr-line-prcng-lclty-cd-37\"> </a></td><td>BALTIMORE/SURR. CNTYS, MD</td><td>BALTIMORE/SURR. CNTYS, MD</td></tr><tr><td>38<a name=\"carr-line-prcng-lclty-cd-38\"> </a></td><td>REST OF MARYLAND</td><td>REST OF MARYLAND</td></tr><tr><td>39<a name=\"carr-line-prcng-lclty-cd-39\"> </a></td><td>METROPOLITAN BOSTON</td><td>METROPOLITAN BOSTON</td></tr><tr><td>40<a name=\"carr-line-prcng-lclty-cd-40\"> </a></td><td>REST OF MASSACHUSETTS</td><td>REST OF MASSACHUSETTS</td></tr><tr><td>41<a name=\"carr-line-prcng-lclty-cd-41\"> </a></td><td>DETROIT, MI</td><td>DETROIT, MI</td></tr><tr><td>42<a name=\"carr-line-prcng-lclty-cd-42\"> </a></td><td>REST OF MICHIGAN</td><td>REST OF MICHIGAN</td></tr><tr><td>43<a name=\"carr-line-prcng-lclty-cd-43\"> </a></td><td>MINNESOTA</td><td>MINNESOTA</td></tr><tr><td>44<a name=\"carr-line-prcng-lclty-cd-44\"> </a></td><td>MISSISSIPPI</td><td>MISSISSIPPI</td></tr><tr><td>45<a name=\"carr-line-prcng-lclty-cd-45\"> </a></td><td>METROPOLITAN KANSAS CITY, MO</td><td>METROPOLITAN KANSAS CITY, MO</td></tr><tr><td>46<a name=\"carr-line-prcng-lclty-cd-46\"> </a></td><td>METROPOLITAN ST. LOUIS, MO</td><td>METROPOLITAN ST. LOUIS, MO</td></tr><tr><td>47<a name=\"carr-line-prcng-lclty-cd-47\"> </a></td><td>REST OF MISSOURI</td><td>REST OF MISSOURI</td></tr><tr><td>48<a name=\"carr-line-prcng-lclty-cd-48\"> </a></td><td>MONTANA</td><td>MONTANA</td></tr><tr><td>49<a name=\"carr-line-prcng-lclty-cd-49\"> </a></td><td>NEBRASKA</td><td>NEBRASKA</td></tr><tr><td>50<a name=\"carr-line-prcng-lclty-cd-50\"> </a></td><td>NEVADA</td><td>NEVADA</td></tr><tr><td>51<a name=\"carr-line-prcng-lclty-cd-51\"> </a></td><td>NEW HAMPSHIRE</td><td>NEW HAMPSHIRE</td></tr><tr><td>52<a name=\"carr-line-prcng-lclty-cd-52\"> </a></td><td>NORTHERN NJ</td><td>NORTHERN NJ</td></tr><tr><td>53<a name=\"carr-line-prcng-lclty-cd-53\"> </a></td><td>REST OF NEW JERSEY</td><td>REST OF NEW JERSEY</td></tr><tr><td>54<a name=\"carr-line-prcng-lclty-cd-54\"> </a></td><td>NEW MEXICO</td><td>NEW MEXICO</td></tr><tr><td>55<a name=\"carr-line-prcng-lclty-cd-55\"> </a></td><td>MANHATTAN, NY</td><td>MANHATTAN, NY</td></tr><tr><td>56<a name=\"carr-line-prcng-lclty-cd-56\"> </a></td><td>NYC SUBURBS/LONG I., NY</td><td>NYC SUBURBS/LONG I., NY</td></tr><tr><td>57<a name=\"carr-line-prcng-lclty-cd-57\"> </a></td><td>POUGHKPSIE/N NYC SUBURBS, NY</td><td>POUGHKPSIE/N NYC SUBURBS, NY</td></tr><tr><td>58<a name=\"carr-line-prcng-lclty-cd-58\"> </a></td><td>QUEENS, NY</td><td>QUEENS, NY</td></tr><tr><td>59<a name=\"carr-line-prcng-lclty-cd-59\"> </a></td><td>REST OF NEW YORK</td><td>REST OF NEW YORK</td></tr><tr><td>60<a name=\"carr-line-prcng-lclty-cd-60\"> </a></td><td>NORTH CAROLINA</td><td>NORTH CAROLINA</td></tr><tr><td>61<a name=\"carr-line-prcng-lclty-cd-61\"> </a></td><td>NORTH DAKOTA</td><td>NORTH DAKOTA</td></tr><tr><td>62<a name=\"carr-line-prcng-lclty-cd-62\"> </a></td><td>OHIO</td><td>OHIO</td></tr><tr><td>63<a name=\"carr-line-prcng-lclty-cd-63\"> </a></td><td>OKLAHOMA</td><td>OKLAHOMA</td></tr><tr><td>64<a name=\"carr-line-prcng-lclty-cd-64\"> </a></td><td>PORTLAND, OR</td><td>PORTLAND, OR</td></tr><tr><td>65<a name=\"carr-line-prcng-lclty-cd-65\"> </a></td><td>REST OF OREGON</td><td>REST OF OREGON</td></tr><tr><td>66<a name=\"carr-line-prcng-lclty-cd-66\"> </a></td><td>METROPOLITAN PHILADELPHIA, PA</td><td>METROPOLITAN PHILADELPHIA, PA</td></tr><tr><td>67<a name=\"carr-line-prcng-lclty-cd-67\"> </a></td><td>REST OF PENNSYLVANIA</td><td>REST OF PENNSYLVANIA</td></tr><tr><td>68<a name=\"carr-line-prcng-lclty-cd-68\"> </a></td><td>PUERTO RICO</td><td>PUERTO RICO</td></tr><tr><td>69<a name=\"carr-line-prcng-lclty-cd-69\"> </a></td><td>RHODE ISLAND</td><td>RHODE ISLAND</td></tr><tr><td>70<a name=\"carr-line-prcng-lclty-cd-70\"> </a></td><td>SOUTH CAROLINA</td><td>SOUTH CAROLINA</td></tr><tr><td>71<a name=\"carr-line-prcng-lclty-cd-71\"> </a></td><td>SOUTH DAKOTA</td><td>SOUTH DAKOTA</td></tr><tr><td>72<a name=\"carr-line-prcng-lclty-cd-72\"> </a></td><td>TENNESSEE</td><td>TENNESSEE</td></tr><tr><td>73<a name=\"carr-line-prcng-lclty-cd-73\"> </a></td><td>AUSTIN, TX</td><td>AUSTIN, TX</td></tr><tr><td>74<a name=\"carr-line-prcng-lclty-cd-74\"> </a></td><td>BEAUMONT, TX</td><td>BEAUMONT, TX</td></tr><tr><td>75<a name=\"carr-line-prcng-lclty-cd-75\"> </a></td><td>BRAZORIA, TX</td><td>BRAZORIA, TX</td></tr><tr><td>76<a name=\"carr-line-prcng-lclty-cd-76\"> </a></td><td>DALLAS, TX</td><td>DALLAS, TX</td></tr><tr><td>77<a name=\"carr-line-prcng-lclty-cd-77\"> </a></td><td>FORT WORTH, TX</td><td>FORT WORTH, TX</td></tr><tr><td>78<a name=\"carr-line-prcng-lclty-cd-78\"> </a></td><td>GALVESTON, TX</td><td>GALVESTON, TX</td></tr><tr><td>79<a name=\"carr-line-prcng-lclty-cd-79\"> </a></td><td>HOUSTON, TX</td><td>HOUSTON, TX</td></tr><tr><td>80<a name=\"carr-line-prcng-lclty-cd-80\"> </a></td><td>REST OF TEXAS</td><td>REST OF TEXAS</td></tr><tr><td>81<a name=\"carr-line-prcng-lclty-cd-81\"> </a></td><td>UTAH</td><td>UTAH</td></tr><tr><td>82<a name=\"carr-line-prcng-lclty-cd-82\"> </a></td><td>VERMONT</td><td>VERMONT</td></tr><tr><td>83<a name=\"carr-line-prcng-lclty-cd-83\"> </a></td><td>VIRGIN ISLANDS</td><td>VIRGIN ISLANDS</td></tr><tr><td>84<a name=\"carr-line-prcng-lclty-cd-84\"> </a></td><td>VIRGINIA</td><td>VIRGINIA</td></tr><tr><td>85<a name=\"carr-line-prcng-lclty-cd-85\"> </a></td><td>REST OF WASHINGTON</td><td>REST OF WASHINGTON</td></tr><tr><td>86<a name=\"carr-line-prcng-lclty-cd-86\"> </a></td><td>SEATTLE (KING CNTY), WA</td><td>SEATTLE (KING CNTY), WA</td></tr><tr><td>87<a name=\"carr-line-prcng-lclty-cd-87\"> </a></td><td>WEST VIRGINIA</td><td>WEST VIRGINIA</td></tr><tr><td>88<a name=\"carr-line-prcng-lclty-cd-88\"> </a></td><td>WISCONSIN 89 WYOMING</td><td>WISCONSIN 89 WYOMING</td></tr></table></div>"},"url":"http://hl7.org/fhir/CodeSystem/carr-line-prcng-lclty-cd","identifier":{"value":"http://hl7.org/fhir/CodeSystem/carr-line-prcng-lclty-cd.html"},"version":"1.1.1","name":"Carrier Line Pricing Locality Code","title":"Carrier Line Pricing Locality Code","status":"active","date":"2018-11-27T15:56:35+00:00","publisher":"CMS Blue Button 2.0 Team","description":"Code denoting the carrier-specific locality used for pricing the service for this line item on the carrier claim (non-DMERC). Source: https://bluebutton.cms.gov/resources/variables/carr_line_prcng_lclty_cd","caseSensitive":true,"valueSet":"http://hl7.org/fhir/ValueSet/carr-line-prcng-lclty-cd","hierarchyMeaning":"is-a","content":"complete","concept":[{"code":"1","display":"ALABAMA","definition":"ALABAMA"},{"code":"2","display":"ALASKA","definition":"ALASKA"},{"code":"3","display":"ARIZONA","definition":"ARIZONA"},{"code":"4","display":"ARKANSAS","definition":"ARKANSAS"},{"code":"5","display":"ANAHEIM/SANTA ANA, CA","definition":"ANAHEIM/SANTA ANA, CA"},{"code":"6","display":"LOS ANGELES, CA","definition":"LOS ANGELES, CA"},{"code":"7","display":"MARIN/NAPA/SOLANO, CA","definition":"MARIN/NAPA/SOLANO, CA"},{"code":"8","display":"OAKLAND/BERKELEY, CA","definition":"OAKLAND/BERKELEY, CA"},{"code":"9","display":"REST OF CALIFORNIA","definition":"REST OF CALIFORNIA"},{"code":"10","display":"SAN FRANCISCO, CA","definition":"SAN FRANCISCO, CA"},{"code":"11","display":"SAN MATEO, CA","definition":"SAN MATEO, CA"},{"code":"12","display":"SANTA CLARA, CA","definition":"SANTA CLARA, CA"},{"code":"13","display":"VENTURA, CA","definition":"VENTURA, CA"},{"code":"14","display":"COLORADO","definition":"COLORADO"},{"code":"15","display":"CONNECTICUT","definition":"CONNECTICUT"},{"code":"16","display":"DC + MD/VA SUBURBS","definition":"DC + MD/VA SUBURBS"},{"code":"17","display":"DELAWARE","definition":"DELAWARE"},{"code":"18","display":"FORT LAUDERDALE, FL","definition":"FORT LAUDERDALE, FL"},{"code":"19","display":"MIAMI, FL","definition":"MIAMI, FL"},{"code":"20","display":"REST OF FLORIDA","definition":"REST OF FLORIDA"},{"code":"21","display":"ATLANTA, GA","definition":"ATLANTA, GA"},{"code":"22","display":"REST OF GEORGIA","definition":"REST OF GEORGIA"},{"code":"23","display":"HAWAII","definition":"HAWAII"},{"code":"24","display":"IDAHO","definition":"IDAHO"},{"code":"25","display":"CHICAGO, IL","definition":"CHICAGO, IL"},{"code":"26","display":"EAST ST. LOUIS, IL","definition":"EAST ST. LOUIS, IL"},{"code":"27","display":"REST OF ILLINOIS","definition":"REST OF ILLINOIS"},{"code":"28","display":"SUBURBAN CHICAGO, IL","definition":"SUBURBAN CHICAGO, IL"},{"code":"29","display":"INDIANA","definition":"INDIANA"},{"code":"30","display":"IOWA","definition":"IOWA"},{"code":"31","display":"KANSAS","definition":"KANSAS"},{"code":"32","display":"KENTUCKY","definition":"KENTUCKY"},{"code":"33","display":"NEW ORLEANS, LA","definition":"NEW ORLEANS, LA"},{"code":"34","display":"REST OF LOUISIANA","definition":"REST OF LOUISIANA"},{"code":"35","display":"REST OF MAINE","definition":"REST OF MAINE"},{"code":"36","display":"SOUTHERN MAINE","definition":"SOUTHERN MAINE"},{"code":"37","display":"BALTIMORE/SURR. CNTYS, MD","definition":"BALTIMORE/SURR. CNTYS, MD"},{"code":"38","display":"REST OF MARYLAND","definition":"REST OF MARYLAND"},{"code":"39","display":"METROPOLITAN BOSTON","definition":"METROPOLITAN BOSTON"},{"code":"40","display":"REST OF MASSACHUSETTS","definition":"REST OF MASSACHUSETTS"},{"code":"41","display":"DETROIT, MI","definition":"DETROIT, MI"},{"code":"42","display":"REST OF MICHIGAN","definition":"REST OF MICHIGAN"},{"code":"43","display":"MINNESOTA","definition":"MINNESOTA"},{"code":"44","display":"MISSISSIPPI","definition":"MISSISSIPPI"},{"code":"45","display":"METROPOLITAN KANSAS CITY, MO","definition":"METROPOLITAN KANSAS CITY, MO"},{"code":"46","display":"METROPOLITAN ST. LOUIS, MO","definition":"METROPOLITAN ST. LOUIS, MO"},{"code":"47","display":"REST OF MISSOURI","definition":"REST OF MISSOURI"},{"code":"48","display":"MONTANA","definition":"MONTANA"},{"code":"49","display":"NEBRASKA","definition":"NEBRASKA"},{"code":"50","display":"NEVADA","definition":"NEVADA"},{"code":"51","display":"NEW HAMPSHIRE","definition":"NEW HAMPSHIRE"},{"code":"52","display":"NORTHERN NJ","definition":"NORTHERN NJ"},{"code":"53","display":"REST OF NEW JERSEY","definition":"REST OF NEW JERSEY"},{"code":"54","display":"NEW MEXICO","definition":"NEW MEXICO"},{"code":"55","display":"MANHATTAN, NY","definition":"MANHATTAN, NY"},{"code":"56","display":"NYC SUBURBS/LONG I., NY","definition":"NYC SUBURBS/LONG I., NY"},{"code":"57","display":"POUGHKPSIE/N NYC SUBURBS, NY","definition":"POUGHKPSIE/N NYC SUBURBS, NY"},{"code":"58","display":"QUEENS, NY","definition":"QUEENS, NY"},{"code":"59","display":"REST OF NEW YORK","definition":"REST OF NEW YORK"},{"code":"60","display":"NORTH CAROLINA","definition":"NORTH CAROLINA"},{"code":"61","display":"NORTH DAKOTA","definition":"NORTH DAKOTA"},{"code":"62","display":"OHIO","definition":"OHIO"},{"code":"63","display":"OKLAHOMA","definition":"OKLAHOMA"},{"code":"64","display":"PORTLAND, OR","definition":"PORTLAND, OR"},{"code":"65","display":"REST OF OREGON","definition":"REST OF OREGON"},{"code":"66","display":"METROPOLITAN PHILADELPHIA, PA","definition":"METROPOLITAN PHILADELPHIA, PA"},{"code":"67","display":"REST OF PENNSYLVANIA","definition":"REST OF PENNSYLVANIA"},{"code":"68","display":"PUERTO RICO","definition":"PUERTO RICO"},{"code":"69","display":"RHODE ISLAND","definition":"RHODE ISLAND"},{"code":"70","display":"SOUTH CAROLINA","definition":"SOUTH CAROLINA"},{"code":"71","display":"SOUTH DAKOTA","definition":"SOUTH DAKOTA"},{"code":"72","display":"TENNESSEE","definition":"TENNESSEE"},{"code":"73","display":"AUSTIN, TX","definition":"AUSTIN, TX"},{"code":"74","display":"BEAUMONT, TX","definition":"BEAUMONT, TX"},{"code":"75","display":"BRAZORIA, TX","definition":"BRAZORIA, TX"},{"code":"76","display":"DALLAS, TX","definition":"DALLAS, TX"},{"code":"77","display":"FORT WORTH, TX","definition":"FORT WORTH, TX"},{"code":"78","display":"GALVESTON, TX","definition":"GALVESTON, TX"},{"code":"79","display":"HOUSTON, TX","definition":"HOUSTON, TX"},{"code":"80","display":"REST OF TEXAS","definition":"REST OF TEXAS"},{"code":"81","display":"UTAH","definition":"UTAH"},{"code":"82","display":"VERMONT","definition":"VERMONT"},{"code":"83","display":"VIRGIN ISLANDS","definition":"VIRGIN ISLANDS"},{"code":"84","display":"VIRGINIA","definition":"VIRGINIA"},{"code":"85","display":"REST OF WASHINGTON","definition":"REST OF WASHINGTON"},{"code":"86","display":"SEATTLE (KING CNTY), WA","definition":"SEATTLE (KING CNTY), WA"},{"code":"87","display":"WEST VIRGINIA","definition":"WEST VIRGINIA"},{"code":"88","display":"WISCONSIN 89 WYOMING","definition":"WISCONSIN 89 WYOMING"}]}