{"resourceType":"CodeSystem","id":"ms-cd","text":{"status":"generated","div":"<div xmlns=\"http://www.w3.org/1999/xhtml\"><h2>Medicare Status Code</h2><div><p>This variable indicates how a beneficiary currently qualifies for Medicare.. Source: https://bluebutton.cms.gov/resources/variables/ms_cd</p>\n</div><p>This code system http://hl7.org/fhir/CodeSystem/ms-cd defines the following codes:</p><table class=\"codes\"><tr><td><b>Code</b></td><td><b>Display</b></td><td><b>Definition</b></td></tr><tr><td>10<a name=\"ms-cd-10\"> </a></td><td>Aged without end-stage renal disease (ESRD)</td><td>Aged without end-stage renal disease (ESRD)</td></tr><tr><td>11<a name=\"ms-cd-11\"> </a></td><td>Aged with ESRD</td><td>Aged with ESRD</td></tr><tr><td>20<a name=\"ms-cd-20\"> </a></td><td>Disabled without ESRD</td><td>Disabled without ESRD</td></tr><tr><td>21<a name=\"ms-cd-21\"> </a></td><td>Disabled with ESRD</td><td>Disabled with ESRD</td></tr><tr><td>31<a name=\"ms-cd-31\"> </a></td><td>ESRD only</td><td>ESRD only</td></tr></table></div>"},"url":"http://hl7.org/fhir/CodeSystem/ms-cd","identifier":{"value":"http://hl7.org/fhir/CodeSystem/ms-cd.html"},"version":"1.1.1","name":"Medicare Status Code","title":"Medicare Status Code","status":"active","date":"2018-11-27T15:56:35+00:00","publisher":"CMS Blue Button 2.0 Team","description":"This variable indicates how a beneficiary currently qualifies for Medicare.. Source: https://bluebutton.cms.gov/resources/variables/ms_cd","caseSensitive":true,"valueSet":"http://hl7.org/fhir/ValueSet/ms-cd","hierarchyMeaning":"is-a","content":"complete","concept":[{"code":"10","display":"Aged without end-stage renal disease (ESRD)","definition":"Aged without end-stage renal disease (ESRD)"},{"code":"11","display":"Aged with ESRD","definition":"Aged with ESRD"},{"code":"20","display":"Disabled without ESRD","definition":"Disabled without ESRD"},{"code":"21","display":"Disabled with ESRD","definition":"Disabled with ESRD"},{"code":"31","display":"ESRD only","definition":"ESRD only"}]}