{"resourceType":"CodeSystem","id":"clm-hha-rfrl-cd","text":{"status":"generated","div":"<div xmlns=\"http://www.w3.org/1999/xhtml\"><h2>Claim HHA Referral Code</h2><div><p>Effective with Version 'I', the code used to identify the means by which the beneficiary was referred for Home Health services. Source: https://bluebutton.cms.gov/resources/variables/clm<em>hha</em>rfrl_cd</p>\n</div><p>This code system http://hl7.org/fhir/CodeSystem/clm-hha-rfrl-cd defines the following codes:</p><table class=\"codes\"><tr><td><b>Code</b></td><td><b>Display</b></td><td><b>Definition</b></td></tr><tr><td>1<a name=\"clm-hha-rfrl-cd-1\"> </a></td><td>Physician referral - The patient was admitted upon the recommendation of a personal physician.</td><td>Physician referral - The patient was admitted upon the recommendation of a personal physician.</td></tr><tr><td>2<a name=\"clm-hha-rfrl-cd-2\"> </a></td><td>Clinic referral - The patient was admitted upon the recommendation of this facility's clinic physician.</td><td>Clinic referral - The patient was admitted upon the recommendation of this facility's clinic physician.</td></tr><tr><td>3<a name=\"clm-hha-rfrl-cd-3\"> </a></td><td>HMO referral - The patient was admitted upon the recommendation of an health maintenance organization (HMO) physician.</td><td>HMO referral - The patient was admitted upon the recommendation of an health maintenance organization (HMO) physician.</td></tr><tr><td>4<a name=\"clm-hha-rfrl-cd-4\"> </a></td><td>Transfer from hospital - The patient was admitted as an inpatient transfer from an acute care facility.</td><td>Transfer from hospital - The patient was admitted as an inpatient transfer from an acute care facility.</td></tr><tr><td>5<a name=\"clm-hha-rfrl-cd-5\"> </a></td><td>Transfer from a skilled nursing facility (SNF) - The patient was admitted as an inpatient transfer from a SNF.</td><td>Transfer from a skilled nursing facility (SNF) - The patient was admitted as an inpatient transfer from a SNF.</td></tr><tr><td>6<a name=\"clm-hha-rfrl-cd-6\"> </a></td><td>Transfer from another health care facility - The patient was admitted as a transfer from a health care facility other than an acute care facility or SNF.</td><td>Transfer from another health care facility - The patient was admitted as a transfer from a health care facility other than an acute care facility or SNF.</td></tr><tr><td>7<a name=\"clm-hha-rfrl-cd-7\"> </a></td><td>Emergency room - The patient was admitted upon the recommendation of this facility's emergency room physician.</td><td>Emergency room - The patient was admitted upon the recommendation of this facility's emergency room physician.</td></tr><tr><td>8<a name=\"clm-hha-rfrl-cd-8\"> </a></td><td>Court/law enforcement - The patient was admitted upon the direction of a court of law or upon the request of a law enforcement agency's representative.</td><td>Court/law enforcement - The patient was admitted upon the direction of a court of law or upon the request of a law enforcement agency's representative.</td></tr><tr><td>9<a name=\"clm-hha-rfrl-cd-9\"> </a></td><td>Information not available - The means by which the patient was admitted is not known.</td><td>Information not available - The means by which the patient was admitted is not known.</td></tr><tr><td>A<a name=\"clm-hha-rfrl-cd-A\"> </a></td><td>Transfer from a Critical Access Hospital - patient was admitted/referred to this facility as a transfer from a Critical Access Hospital</td><td>Transfer from a Critical Access Hospital - patient was admitted/referred to this facility as a transfer from a Critical Access Hospital</td></tr><tr><td>B<a name=\"clm-hha-rfrl-cd-B\"> </a></td><td>Transfer from another HHA – Beneficiaries are permitted to transfer from one HHA to another unrelated HHA under HH PPS. (eff.10/00)</td><td>Transfer from another HHA – Beneficiaries are permitted to transfer from one HHA to another unrelated HHA under HH PPS. (eff.10/00)</td></tr><tr><td>C<a name=\"clm-hha-rfrl-cd-C\"> </a></td><td>Readmission to same HHA - If a beneficiary is discharged from an HHA and then readmitted within the original 60-day episode, the original episode must be closed early and a new one created.</td><td>Readmission to same HHA - If a beneficiary is discharged from an HHA and then readmitted within the original 60-day episode, the original episode must be closed early and a new one created.</td></tr></table></div>"},"url":"http://hl7.org/fhir/CodeSystem/clm-hha-rfrl-cd","identifier":{"value":"http://hl7.org/fhir/CodeSystem/clm-hha-rfrl-cd.html"},"version":"1.1.1","name":"Claim HHA Referral Code","title":"Claim HHA Referral Code","status":"active","date":"2018-11-27T15:56:35+00:00","publisher":"CMS Blue Button 2.0 Team","description":"Effective with Version 'I', the code used to identify the means by which the beneficiary was referred for Home Health services. Source: https://bluebutton.cms.gov/resources/variables/clm_hha_rfrl_cd","caseSensitive":true,"valueSet":"http://hl7.org/fhir/ValueSet/clm-hha-rfrl-cd","hierarchyMeaning":"is-a","content":"complete","concept":[{"code":"1","display":"Physician referral - The patient was admitted upon the recommendation of a personal physician.","definition":"Physician referral - The patient was admitted upon the recommendation of a personal physician."},{"code":"2","display":"Clinic referral - The patient was admitted upon the recommendation of this facility's clinic physician.","definition":"Clinic referral - The patient was admitted upon the recommendation of this facility's clinic physician."},{"code":"3","display":"HMO referral - The patient was admitted upon the recommendation of an health maintenance organization (HMO) physician.","definition":"HMO referral - The patient was admitted upon the recommendation of an health maintenance organization (HMO) physician."},{"code":"4","display":"Transfer from hospital - The patient was admitted as an inpatient transfer from an acute care facility.","definition":"Transfer from hospital - The patient was admitted as an inpatient transfer from an acute care facility."},{"code":"5","display":"Transfer from a skilled nursing facility (SNF) - The patient was admitted as an inpatient transfer from a SNF.","definition":"Transfer from a skilled nursing facility (SNF) - The patient was admitted as an inpatient transfer from a SNF."},{"code":"6","display":"Transfer from another health care facility - The patient was admitted as a transfer from a health care facility other than an acute care facility or SNF.","definition":"Transfer from another health care facility - The patient was admitted as a transfer from a health care facility other than an acute care facility or SNF."},{"code":"7","display":"Emergency room - The patient was admitted upon the recommendation of this facility's emergency room physician.","definition":"Emergency room - The patient was admitted upon the recommendation of this facility's emergency room physician."},{"code":"8","display":"Court/law enforcement - The patient was admitted upon the direction of a court of law or upon the request of a law enforcement agency's representative.","definition":"Court/law enforcement - The patient was admitted upon the direction of a court of law or upon the request of a law enforcement agency's representative."},{"code":"9","display":"Information not available - The means by which the patient was admitted is not known.","definition":"Information not available - The means by which the patient was admitted is not known."},{"code":"A","display":"Transfer from a Critical Access Hospital - patient was admitted/referred to this facility as a transfer from a Critical Access Hospital","definition":"Transfer from a Critical Access Hospital - patient was admitted/referred to this facility as a transfer from a Critical Access Hospital"},{"code":"B","display":"Transfer from another HHA – Beneficiaries are permitted to transfer from one HHA to another unrelated HHA under HH PPS. (eff.10/00)","definition":"Transfer from another HHA – Beneficiaries are permitted to transfer from one HHA to another unrelated HHA under HH PPS. (eff.10/00)"},{"code":"C","display":"Readmission to same HHA - If a beneficiary is discharged from an HHA and then readmitted within the original 60-day episode, the original episode must be closed early and a new one created.","definition":"Readmission to same HHA - If a beneficiary is discharged from an HHA and then readmitted within the original 60-day episode, the original episode must be closed early and a new one created."}]}