{"resourceType":"CodeSystem","id":"daw-prod-slctn-cd","text":{"status":"generated","div":"<div xmlns=\"http://www.w3.org/1999/xhtml\"><h2>Dispense as Written (DAW) Product Selection Code</h2><div><p>This field indicates the prescriber's instruction regarding substitution of generic equivalents or order to dispense the specific prescribed medication. Part D plans generally require pharmacies to use generics or the least expensive version of the prescribed drug. However, there are times when a prescriber intends for the beneficiary to receive the drug exactly as it is written on the prescription (e.g., to get the brand-name version of a drug). When there are specific instructions from the prescriber, it is indicated in this variable with a value of 1 or greater. Source: https://bluebutton.cms.gov/resources/variables/daw<em>prod</em>slctn_cd</p>\n</div><p>This code system http://hl7.org/fhir/CodeSystem/daw-prod-slctn-cd defines the following codes:</p><table class=\"codes\"><tr><td><b>Code</b></td><td><b>Display</b></td><td><b>Definition</b></td></tr><tr><td>0<a name=\"daw-prod-slctn-cd-0\"> </a></td><td>No Product Selection Indicated (may also have missing values)</td><td>No Product Selection Indicated (may also have missing values)</td></tr><tr><td>1<a name=\"daw-prod-slctn-cd-1\"> </a></td><td>Substitution Not Allowed by Prescriber</td><td>Substitution Not Allowed by Prescriber</td></tr><tr><td>2<a name=\"daw-prod-slctn-cd-2\"> </a></td><td>Substitution Allowed - Patient Requested That Brand Product Be Dispensed</td><td>Substitution Allowed - Patient Requested That Brand Product Be Dispensed</td></tr><tr><td>3<a name=\"daw-prod-slctn-cd-3\"> </a></td><td>Substitution Allowed - Pharmacist Selected Product Dispensed</td><td>Substitution Allowed - Pharmacist Selected Product Dispensed</td></tr><tr><td>4<a name=\"daw-prod-slctn-cd-4\"> </a></td><td>Substitution Allowed - Generic Drug Not in Stock</td><td>Substitution Allowed - Generic Drug Not in Stock</td></tr><tr><td>5<a name=\"daw-prod-slctn-cd-5\"> </a></td><td>Substitution Allowed - Brand Drug Dispensed as Generic</td><td>Substitution Allowed - Brand Drug Dispensed as Generic</td></tr><tr><td>6<a name=\"daw-prod-slctn-cd-6\"> </a></td><td>Override</td><td>Override</td></tr><tr><td>7<a name=\"daw-prod-slctn-cd-7\"> </a></td><td>Substitution Not Allowed - Brand Drug Mandated by Law</td><td>Substitution Not Allowed - Brand Drug Mandated by Law</td></tr><tr><td>8<a name=\"daw-prod-slctn-cd-8\"> </a></td><td>Substitution Allowed - Generic Drug Not Available in Marketplace</td><td>Substitution Allowed - Generic Drug Not Available in Marketplace</td></tr><tr><td>9<a name=\"daw-prod-slctn-cd-9\"> </a></td><td>Other</td><td>Other</td></tr></table></div>"},"url":"http://hl7.org/fhir/CodeSystem/daw-prod-slctn-cd","identifier":{"value":"http://hl7.org/fhir/CodeSystem/daw-prod-slctn-cd"},"version":"1.1.0","name":"Dispense as Written (DAW) Product Selection Code","title":"Dispense as Written (DAW) Product Selection Code","status":"active","date":"2018-05-31T14:39:32+00:00","description":"This field indicates the prescriber's instruction regarding substitution of generic equivalents or order to dispense the specific prescribed medication. Part D plans generally require pharmacies to use generics or the least expensive version of the prescribed drug. However, there are times when a prescriber intends for the beneficiary to receive the drug exactly as it is written on the prescription (e.g., to get the brand-name version of a drug). When there are specific instructions from the prescriber, it is indicated in this variable with a value of 1 or greater. Source: https://bluebutton.cms.gov/resources/variables/daw_prod_slctn_cd","caseSensitive":true,"valueSet":"http://hl7.org/fhir/ValueSet/daw-prod-slctn-cd","hierarchyMeaning":"is-a","content":"complete","concept":[{"code":"0","display":"No Product Selection Indicated (may also have missing values)","definition":"No Product Selection Indicated (may also have missing values)"},{"code":"1","display":"Substitution Not Allowed by Prescriber","definition":"Substitution Not Allowed by Prescriber"},{"code":"2","display":"Substitution Allowed - Patient Requested That Brand Product Be Dispensed","definition":"Substitution Allowed - Patient Requested That Brand Product Be Dispensed"},{"code":"3","display":"Substitution Allowed - Pharmacist Selected Product Dispensed","definition":"Substitution Allowed - Pharmacist Selected Product Dispensed"},{"code":"4","display":"Substitution Allowed - Generic Drug Not in Stock","definition":"Substitution Allowed - Generic Drug Not in Stock"},{"code":"5","display":"Substitution Allowed - Brand Drug Dispensed as Generic","definition":"Substitution Allowed - Brand Drug Dispensed as Generic"},{"code":"6","display":"Override","definition":"Override"},{"code":"7","display":"Substitution Not Allowed - Brand Drug Mandated by Law","definition":"Substitution Not Allowed - Brand Drug Mandated by Law"},{"code":"8","display":"Substitution Allowed - Generic Drug Not Available in Marketplace","definition":"Substitution Allowed - Generic Drug Not Available in Marketplace"},{"code":"9","display":"Other","definition":"Other"}]}