{"resourceType":"ValueSet","id":"ms-dc","text":{"status":"generated","div":"<div xmlns=\"http://www.w3.org/1999/xhtml\"><h2>Medicare Status Code</h2><div><p>This variable indicates how a beneficiary currently qualifies for Medicare. Source: https://bluebutton.cms.gov/resources/variables/ms_cd</p>\n</div><p>This value set includes codes from the following code systems:</p><ul><li>Include all codes defined in <code>http://hl7.org/fhir/CodeSystem/ms-dc</code></li></ul></div>"},"url":"http://hl7.org/fhir/ValueSet/ms-dc","version":"1.1.1","name":"Medicare Status Code","status":"draft","date":"2018-11-27T15:56:35+00:00","description":"This variable indicates how a beneficiary currently qualifies for Medicare. Source: https://bluebutton.cms.gov/resources/variables/ms_cd","compose":{"include":[{"system":"http://hl7.org/fhir/CodeSystem/ms-dc"}]}}