{"resourceType":"ValueSet","id":"clm-hha-lupa-ind-cd","text":{"status":"generated","div":"<div xmlns=\"http://www.w3.org/1999/xhtml\"><h2>Claim HHA Low Utilization Payment Adjustment (LUPA) Indicator Code</h2><div><p>The code used to identify those Home Health PPS claims that have 4 visits or less in a 60-day episode. If an HHA provides 4 visits or less, they will be reimbursed based on a national standardized per visit rate instead of Home Health resource groups (HHRGs). Source: https://bluebutton.cms.gov/resources/variables/clm<em>hha</em>lupa<em>ind</em>cd</p>\n</div><p>This value set includes codes from the following code systems:</p><ul><li>Include all codes defined in <a href=\"CodeSystem/clm-hha-lupa-ind-cd.html\"><code>http://hl7.org/fhir/CodeSystem/clm-hha-lupa-ind-cd</code></a></li></ul></div>"},"url":"http://hl7.org/fhir/ValueSet/clm-hha-lupa-ind-cd","version":"1.1.0","name":"Claim HHA Low Utilization Payment Adjustment (LUPA) Indicator Code","status":"draft","date":"2018-05-07T14:45:05+00:00","description":"The code used to identify those Home Health PPS claims that have 4 visits or less in a 60-day episode. If an HHA provides 4 visits or less, they will be reimbursed based on a national standardized per visit rate instead of Home Health resource groups (HHRGs). Source: https://bluebutton.cms.gov/resources/variables/clm_hha_lupa_ind_cd","compose":{"include":[{"system":"http://hl7.org/fhir/CodeSystem/clm-hha-lupa-ind-cd"}]}}