{"resourceType":"ValueSet","id":"carr-num","text":{"status":"generated","div":"<div xmlns=\"http://www.w3.org/1999/xhtml\"><h2>Carrier or MAC Number</h2><div><p>The identification number assigned by CMS to a carrier authorized to process claims from a physician or supplier. Effective July 2006, the Medicare Administrative Contractors (MACs) began replacing the existing carriers and started processing physician or supplier claim records for states assigned to its jurisdiction. Source: https://bluebutton.cms.gov/resources/variables/carr_num</p>\n</div><p>This value set includes codes from the following code systems:</p><ul><li>Include all codes defined in <a href=\"CodeSystem/carr-num.html\"><code>http://hl7.org/fhir/CodeSystem/carr-num</code></a></li></ul></div>"},"url":"http://hl7.org/fhir/ValueSet/carr-num","version":"1.1.0","name":"Carrier or MAC Number","status":"draft","date":"2018-05-07T14:45:05+00:00","description":"The identification number assigned by CMS to a carrier authorized to process claims from a physician or supplier. Effective July 2006, the Medicare Administrative Contractors (MACs) began replacing the existing carriers and started processing physician or supplier claim records for states assigned to its jurisdiction. Source: https://bluebutton.cms.gov/resources/variables/carr_num","compose":{"include":[{"system":"http://hl7.org/fhir/CodeSystem/carr-num"}]}}