{"resourceType":"ValueSet","id":"drug-cvrg-stus-cd","text":{"status":"generated","div":"<div xmlns=\"http://www.w3.org/1999/xhtml\"><h2>Drug Coverage Status Code</h2><div><p>This field indicates whether or not the drug is covered by Medicare Part D. The Part D benefit does not cover all FDA-approved drugs. However, plan sponsors can offer an “enhanced” benefit package that covers non-Part D drugs, such as over-the-counter medications. Source: https://bluebutton.cms.gov/resources/variables/drug<em>cvrg</em>stus_cd</p>\n</div><p>This value set includes codes from the following code systems:</p><ul><li>Include all codes defined in <a href=\"CodeSystem/drug-cvrg-stus-cd.html\"><code>http://hl7.org/fhir/CodeSystem/drug-cvrg-stus-cd</code></a></li></ul></div>"},"url":"http://hl7.org/fhir/ValueSet/drug-cvrg-stus-cd","version":"1.1.0","name":"Drug Coverage Status Code","status":"draft","date":"2018-05-07T14:45:05+00:00","description":"This field indicates whether or not the drug is covered by Medicare Part D. The Part D benefit does not cover all FDA-approved drugs. However, plan sponsors can offer an “enhanced” benefit package that covers non-Part D drugs, such as over-the-counter medications. Source: https://bluebutton.cms.gov/resources/variables/drug_cvrg_stus_cd","compose":{"include":[{"system":"http://hl7.org/fhir/CodeSystem/drug-cvrg-stus-cd"}]}}