{"resourceType":"ValueSet","id":"daw-prod-slctn-cd","text":{"status":"generated","div":"<div xmlns=\"http://www.w3.org/1999/xhtml\"><h2>Dispense as Written (DAW) Product Selection Code</h2><div><p>This field indicates the prescriber's instruction regarding substitution of generic equivalents or order to dispense the specific prescribed medication. Part D plans generally require pharmacies to use generics or the least expensive version of the prescribed drug. However, there are times when a prescriber intends for the beneficiary to receive the drug exactly as it is written on the prescription (e.g., to get the brand-name version of a drug). When there are specific instructions from the prescriber, it is indicated in this variable with a value of 1 or greater. Source: https://bluebutton.cms.gov/resources/variables/daw<em>prod</em>slctn_cd</p>\n</div><p>This value set includes codes from the following code systems:</p><ul><li>Include all codes defined in <a href=\"CodeSystem/daw-prod-slctn-cd.html\"><code>http://hl7.org/fhir/CodeSystem/daw-prod-slctn-cd</code></a></li></ul></div>"},"url":"http://hl7.org/fhir/ValueSet/daw-prod-slctn-cd","version":"1.1.0","name":"Dispense as Written (DAW) Product Selection Code","status":"draft","date":"2018-05-07T14:45:05+00:00","description":"This field indicates the prescriber's instruction regarding substitution of generic equivalents or order to dispense the specific prescribed medication. Part D plans generally require pharmacies to use generics or the least expensive version of the prescribed drug. However, there are times when a prescriber intends for the beneficiary to receive the drug exactly as it is written on the prescription (e.g., to get the brand-name version of a drug). When there are specific instructions from the prescriber, it is indicated in this variable with a value of 1 or greater. Source: https://bluebutton.cms.gov/resources/variables/daw_prod_slctn_cd","compose":{"include":[{"system":"http://hl7.org/fhir/CodeSystem/daw-prod-slctn-cd"}]}}