{"resourceType":"ValueSet","id":"clm-freq-cd","text":{"status":"generated","div":"<div xmlns=\"http://www.w3.org/1999/xhtml\"><h2>Claim Frequency Code</h2><div><p>The third digit of the type of bill (TOB3) submitted on an institutional claim record to indicate the sequence of a claim in the beneficiary's current episode of care. Source: https://bluebutton.cms.gov/resources/variables/clm<em>freq</em>cd</p>\n</div><p>This value set includes codes from the following code systems:</p><ul><li>Include all codes defined in <a href=\"CodeSystem/clm-freq-cd.html\"><code>http://hl7.org/fhir/CodeSystem/clm-freq-cd</code></a></li></ul></div>"},"url":"http://hl7.org/fhir/ValueSet/clm-freq-cd","version":"1.1.0","name":"Claim Frequency Code","status":"draft","date":"2018-05-07T14:45:05+00:00","description":"The third digit of the type of bill (TOB3) submitted on an institutional claim record to indicate the sequence of a claim in the beneficiary's current episode of care. Source: https://bluebutton.cms.gov/resources/variables/clm_freq_cd","compose":{"include":[{"system":"http://hl7.org/fhir/CodeSystem/clm-freq-cd"}]}}