{"resourceType":"ValueSet","id":"prcng-excptn-cd","text":{"status":"generated","div":"<div xmlns=\"http://www.w3.org/1999/xhtml\"><h2>Pricing Exception Code</h2><div><p>This variable indicates if the PDE was processed by the Part D plan using pricing rules that differ from the plan's negotiated price. Most PDEs have missing values, indicating that they were obtained from in-network pharmacies. Source: https://bluebutton.cms.gov/resources/variables/prcng<em>excptn</em>cd</p>\n</div><p>This value set includes codes from the following code systems:</p><ul><li>Include all codes defined in <a href=\"CodeSystem/prcng-excptn-cd.html\"><code>http://hl7.org/fhir/CodeSystem/prcng-excptn-cd</code></a></li></ul></div>"},"url":"http://hl7.org/fhir/ValueSet/prcng-excptn-cd","version":"1.1.0","name":"Pricing Exception Code","status":"draft","date":"2018-05-31T14:39:32+00:00","description":"This variable indicates if the PDE was processed by the Part D plan using pricing rules that differ from the plan's negotiated price. Most PDEs have missing values, indicating that they were obtained from in-network pharmacies. Source: https://bluebutton.cms.gov/resources/variables/prcng_excptn_cd","compose":{"include":[{"system":"http://hl7.org/fhir/CodeSystem/prcng-excptn-cd"}]}}