{"resourceType":"ValueSet","id":"adjudications","text":{"status":"generated","div":"<div xmlns=\"http://www.w3.org/1999/xhtml\"><h2>Blue Button Adjudications Amounts</h2><div><p>Blue Button Adjudication amounts.</p>\n</div><p>This value set includes codes from the following code systems:</p><ul><li>Include all codes defined in <code>http://hl7.org/fhir/CodeSystem/adjudications</code></li></ul></div>"},"url":"http://hl7.org/fhir/ValueSet/adjudications","version":"1.1.1","name":"Blue Button Adjudications Amounts","status":"draft","date":"2018-02-14","description":"Blue Button Adjudication amounts.","compose":{"include":[{"system":"http://hl7.org/fhir/CodeSystem/adjudications"}]}}