{"resourceType":"ValueSet","id":"line-pmt-80-100-cd","text":{"status":"generated","div":"<div xmlns=\"http://www.w3.org/1999/xhtml\"><h2>Line Payment 80% / 100% Code</h2><div><p>The code indicating that the amount shown in the payment field on the non-institutional line item represents either 80% or 100% of the allowed charges less any deductible, or 100% limitation of liability only. Source: https://bluebutton.cms.gov/resources/variables/line<em>pmt</em>80<em>100</em>cd</p>\n</div><p>This value set includes codes from the following code systems:</p><ul><li>Include all codes defined in <a href=\"CodeSystem/line-pmt-80-100-cd.html\"><code>http://hl7.org/fhir/CodeSystem/line-pmt-80-100-cd</code></a></li></ul></div>"},"url":"http://hl7.org/fhir/ValueSet/line-pmt-80-100-cd","version":"1.1.0","name":"Line Payment 80% / 100% Code","status":"draft","date":"2018-05-31T14:39:32+00:00","description":"The code indicating that the amount shown in the payment field on the non-institutional line item represents either 80% or 100% of the allowed charges less any deductible, or 100% limitation of liability only. Source: https://bluebutton.cms.gov/resources/variables/line_pmt_80_100_cd","compose":{"include":[{"system":"http://hl7.org/fhir/CodeSystem/line-pmt-80-100-cd"}]}}