{"resourceType":"ValueSet","id":"race","text":{"status":"generated","div":"<div xmlns=\"http://www.w3.org/1999/xhtml\"><h2>Blue Button Race Codes</h2><div><p>Blue Button race codes found at https://bluebutton.cms.gov/resources/variables/race/</p>\n</div><p>This value set includes codes from the following code systems:</p><ul><li>Include all codes defined in <a href=\"CodeSystem/race.html\"><code>http://hl7.org/fhir/CodeSystem/race</code></a></li></ul></div>"},"url":"http://hl7.org/fhir/ValueSet/race","version":"1.1.1","name":"Blue Button Race Codes","status":"draft","date":"2018-11-27T15:56:35+00:00","description":"Blue Button race codes found at https://bluebutton.cms.gov/resources/variables/race/","compose":{"include":[{"system":"http://hl7.org/fhir/CodeSystem/race"}]}}