{"resourceType":"ValueSet","id":"clm-poa-ind-sw1","text":{"status":"generated","div":"<div xmlns=\"http://www.w3.org/1999/xhtml\"><h2>Claim Diagnosis Code I Diagnosis Present on Admission (POA) Indicator Code</h2><div><p>The present on admission (POA) indicator code associated with the diagnosis codes (principal and secondary). In response to the Deficit Reduction Act of 2005, CMS began to distinguish between hospitalization diagnoses that occurred prior to versus during the admission. The objective was to eventually not pay hospitals more if the patient acquired a condition (e.g., infection) during the admission. This present on admission (POA) field is used to indicate whether the diagnosis was present on admission. Medicare claims did not indicate whether a diagnosis was POA until 2011. Source: https://bluebutton.cms.gov/resources/variables/clm<em>poa</em>ind_sw1</p>\n</div><p>This value set includes codes from the following code systems:</p><ul><li>Include all codes defined in <a href=\"CodeSystem/clm-poa-ind-sw1.html\"><code>http://hl7.org/fhir/CodeSystem/clm-poa-ind-sw1</code></a></li></ul></div>"},"url":"http://hl7.org/fhir/ValueSet/clm-poa-ind-sw1","version":"1.1.1","name":"Claim Diagnosis Code I Diagnosis Present on Admission (POA) Indicator Code","status":"draft","date":"2018-11-27T15:56:35+00:00","description":"The present on admission (POA) indicator code associated with the diagnosis codes (principal and secondary). In response to the Deficit Reduction Act of 2005, CMS began to distinguish between hospitalization diagnoses that occurred prior to versus during the admission. The objective was to eventually not pay hospitals more if the patient acquired a condition (e.g., infection) during the admission. This present on admission (POA) field is used to indicate whether the diagnosis was present on admission. Medicare claims did not indicate whether a diagnosis was POA until 2011. Source: https://bluebutton.cms.gov/resources/variables/clm_poa_ind_sw1","compose":{"include":[{"system":"http://hl7.org/fhir/CodeSystem/clm-poa-ind-sw1"}]}}