{"resourceType":"ValueSet","id":"a-trm-cd","text":{"status":"generated","div":"<div xmlns=\"http://www.w3.org/1999/xhtml\"><h2>Part A Termination Code</h2><div><p>This code specifies the reason Part A entitlement was terminated. Source: https://bluebutton.cms.gov/resources/variables/a<em>trm</em>cd</p>\n</div><p>This value set includes codes from the following code systems:</p><ul><li>Include all codes defined in <a href=\"CodeSystem/a-trm-cd.html\"><code>http://hl7.org/fhir/CodeSystem/a-trm-cd</code></a></li></ul></div>"},"url":"http://hl7.org/fhir/ValueSet/a-trm-cd","version":"1.1.1","name":"Part A Termination Code","status":"draft","date":"2018-11-27T15:56:35+00:00","description":"This code specifies the reason Part A entitlement was terminated. Source: https://bluebutton.cms.gov/resources/variables/a_trm_cd","compose":{"include":[{"system":"http://hl7.org/fhir/CodeSystem/a-trm-cd"}]}}