{"resourceType":"ValueSet","id":"line-bene-prmry-pyr-cd","text":{"status":"generated","div":"<div xmlns=\"http://www.w3.org/1999/xhtml\"><h2>Line Primary Payer Code (if not Medicare)</h2><div><p>The code specifying a federal non-Medicare program or other source that has primary responsibility for the payment of the Medicare beneficiary's medical bills relating to the line item service on the non-institutional claim. The presence of a primary payer code indicates that some other payer besides Medicare covered at least some portion of the charges. Source: https://bluebutton.cms.gov/resources/variables/line<em>bene</em>prmry<em>pyr</em>cd</p>\n</div><p>This value set includes codes from the following code systems:</p><ul><li>Include all codes defined in <a href=\"CodeSystem/line-bene-prmry-pyr-cd.html\"><code>http://hl7.org/fhir/CodeSystem/line-bene-prmry-pyr-cd</code></a></li></ul></div>"},"url":"http://hl7.org/fhir/ValueSet/line-bene-prmry-pyr-cd","version":"1.1.0","name":"Line Primary Payer Code (if not Medicare)","status":"draft","date":"2018-05-07T14:45:05+00:00","description":"The code specifying a federal non-Medicare program or other source that has primary responsibility for the payment of the Medicare beneficiary's medical bills relating to the line item service on the non-institutional claim. The presence of a primary payer code indicates that some other payer besides Medicare covered at least some portion of the charges. Source: https://bluebutton.cms.gov/resources/variables/line_bene_prmry_pyr_cd","compose":{"include":[{"system":"http://hl7.org/fhir/CodeSystem/line-bene-prmry-pyr-cd"}]}}