{"resourceType":"ValueSet","id":"clm-mco-pd-sw","text":{"status":"generated","div":"<div xmlns=\"http://www.w3.org/1999/xhtml\"><h2>Claim MCO Paid Switch</h2><div><p>A switch indicating whether or not a Managed Care Organization (MCO) has paid the provider for an institutional claim. Source: https://bluebutton.cms.gov/resources/variables/clm<em>mco</em>pd_sw</p>\n</div><p>This value set includes codes from the following code systems:</p><ul><li>Include all codes defined in <a href=\"CodeSystem/clm-mco-pd-sw.html\"><code>http://hl7.org/fhir/CodeSystem/clm-mco-pd-sw</code></a></li></ul></div>"},"url":"http://hl7.org/fhir/ValueSet/clm-mco-pd-sw","version":"1.1.0","name":"Claim MCO Paid Switch","status":"draft","date":"2018-05-07T14:45:05+00:00","description":"A switch indicating whether or not a Managed Care Organization (MCO) has paid the provider for an institutional claim. Source: https://bluebutton.cms.gov/resources/variables/clm_mco_pd_sw","compose":{"include":[{"system":"http://hl7.org/fhir/CodeSystem/clm-mco-pd-sw"}]}}