{"resourceType":"ValueSet","id":"rev-cntr-ddctbl-coinsrnc-cd","text":{"status":"generated","div":"<div xmlns=\"http://www.w3.org/1999/xhtml\"><h2>Revenue Center Deductible Coinsurance Code</h2><div><p>Code indicating whether the revenue center charges are subject to deductible and/or coinsurance. Source: https://bluebutton.cms.gov/resources/variables/rev<em>cntr</em>ddctbl<em>coinsrnc</em>cd</p>\n</div><p>This value set includes codes from the following code systems:</p><ul><li>Include all codes defined in <a href=\"CodeSystem/rev-cntr-ddctbl-coinsrnc-cd.html\"><code>http://hl7.org/fhir/CodeSystem/rev-cntr-ddctbl-coinsrnc-cd</code></a></li></ul></div>"},"url":"http://hl7.org/fhir/ValueSet/rev-cntr-ddctbl-coinsrnc-cd","version":"1.1.0","name":"Revenue Center Deductible Coinsurance Code","status":"draft","date":"2018-05-07T14:45:05+00:00","description":"Code indicating whether the revenue center charges are subject to deductible and/or coinsurance. Source: https://bluebutton.cms.gov/resources/variables/rev_cntr_ddctbl_coinsrnc_cd","compose":{"include":[{"system":"http://hl7.org/fhir/CodeSystem/rev-cntr-ddctbl-coinsrnc-cd"}]}}