{"resourceType":"ValueSet","id":"clm-fac-type-cd","text":{"status":"generated","div":"<div xmlns=\"http://www.w3.org/1999/xhtml\"><h2>Claim Facility Type Code</h2><div><p>The type of facility. Source: https://bluebutton.cms.gov/resources/variables/clm<em>fac</em>type_cd</p>\n</div><p>This value set includes codes from the following code systems:</p><ul><li>Include all codes defined in <a href=\"CodeSystem/clm-fac-type-cd.html\"><code>http://hl7.org/fhir/CodeSystem/clm-fac-type-cd</code></a></li></ul></div>"},"url":"http://hl7.org/fhir/ValueSet/clm-fac-type-cd","version":"1.1.0","name":"Claim Facility Type Code","status":"draft","date":"2018-05-07T14:45:05+00:00","description":"The type of facility. Source: https://bluebutton.cms.gov/resources/variables/clm_fac_type_cd","compose":{"include":[{"system":"http://hl7.org/fhir/CodeSystem/clm-fac-type-cd"}]}}