{
  "resourceType": "CodeSystem",
  "id": "nch-prmry-pyr-cd",
  "text": {
    "status": "generated",
    "div": "<div xmlns=\"http://www.w3.org/1999/xhtml\"><h2>NCH Primary Payer Code (if not Medicare)</h2><div><p>The code, on an institutional claim, specifying a federal non-Medicare program or other source that has primary responsibility for the payment of the Medicare beneficiary's health insurance bills. The presence of a primary payer code indicates that some other payer besides Medicare covered at least some portion of the charges. Source: https://bluebutton.cms.gov/resources/variables/nch<em>prmry</em>pyr_cd</p>\n</div><p>This code system http://hl7.org/fhir/CodeSystem/nch-prmry-pyr-cd defines the following codes:</p><table class=\"codes\"><tr><td><b>Code</b></td><td><b>Display</b></td><td><b>Definition</b></td></tr><tr><td>A<a name=\"nch-prmry-pyr-cd-A\"> </a></td><td>Employer group health plan (EGHP) insurance for an aged beneficiary</td><td>Employer group health plan (EGHP) insurance for an aged beneficiary</td></tr><tr><td>B<a name=\"nch-prmry-pyr-cd-B\"> </a></td><td>EGHP insurance for an end-stage renal disease (ESRD) beneficiary</td><td>EGHP insurance for an end-stage renal disease (ESRD) beneficiary</td></tr><tr><td>C<a name=\"nch-prmry-pyr-cd-C\"> </a></td><td>Conditional payment by Medicare; future reimbursement from the Public Health Service (PHS) expected</td><td>Conditional payment by Medicare; future reimbursement from the Public Health Service (PHS) expected</td></tr><tr><td>D<a name=\"nch-prmry-pyr-cd-D\"> </a></td><td>No fault automobile insurance</td><td>No fault automobile insurance</td></tr><tr><td>E<a name=\"nch-prmry-pyr-cd-E\"> </a></td><td>Worker's compensation (WC)</td><td>Worker's compensation (WC)</td></tr><tr><td>F<a name=\"nch-prmry-pyr-cd-F\"> </a></td><td>Public Health Service (PHS) or other Federal agency (other than VA)</td><td>Public Health Service (PHS) or other Federal agency (other than VA)</td></tr><tr><td>G<a name=\"nch-prmry-pyr-cd-G\"> </a></td><td>Working disabled beneficiary under age 65 with a local government health plan (LGHP)</td><td>Working disabled beneficiary under age 65 with a local government health plan (LGHP)</td></tr><tr><td>H<a name=\"nch-prmry-pyr-cd-H\"> </a></td><td>Black lung (BL) program</td><td>Black lung (BL) program</td></tr><tr><td>I<a name=\"nch-prmry-pyr-cd-I\"> </a></td><td>Department of Veteran's Affairs</td><td>Department of Veteran's Affairs</td></tr><tr><td>L<a name=\"nch-prmry-pyr-cd-L\"> </a></td><td>Any liability insurance</td><td>Any liability insurance</td></tr><tr><td>M<a name=\"nch-prmry-pyr-cd-M\"> </a></td><td>Override EGHP - Medicare is primary payer</td><td>Override EGHP - Medicare is primary payer</td></tr><tr><td>N<a name=\"nch-prmry-pyr-cd-N\"> </a></td><td>Override non-EGHP - Medicare is primary payer Blank / missing = No other primary payer</td><td>Override non-EGHP - Medicare is primary payer Blank / missing = No other primary payer</td></tr></table></div>"
  },
  "url": "http://hl7.org/fhir/CodeSystem/nch-prmry-pyr-cd",
  "identifier": {
    "value": "http://hl7.org/fhir/CodeSystem/nch-prmry-pyr-cd.html"
  },
  "version": "1.1.1",
  "name": "NCH Primary Payer Code (if not Medicare)",
  "title": "NCH Primary Payer Code (if not Medicare)",
  "status": "active",
  "date": "2018-11-27T15:56:35+00:00",
  "publisher": "CMS Blue Button 2.0 Team",
  "description": "The code, on an institutional claim, specifying a federal non-Medicare program or other source that has primary responsibility for the payment of the Medicare beneficiary's health insurance bills. The presence of a primary payer code indicates that some other payer besides Medicare covered at least some portion of the charges. Source: https://bluebutton.cms.gov/resources/variables/nch_prmry_pyr_cd",
  "caseSensitive": true,
  "valueSet": "http://hl7.org/fhir/ValueSet/nch-prmry-pyr-cd",
  "hierarchyMeaning": "is-a",
  "content": "complete",
  "concept": [
    {
      "code": "A",
      "display": "Employer group health plan (EGHP) insurance for an aged beneficiary",
      "definition": "Employer group health plan (EGHP) insurance for an aged beneficiary"
    },
    {
      "code": "B",
      "display": "EGHP insurance for an end-stage renal disease (ESRD) beneficiary",
      "definition": "EGHP insurance for an end-stage renal disease (ESRD) beneficiary"
    },
    {
      "code": "C",
      "display": "Conditional payment by Medicare; future reimbursement from the Public Health Service (PHS) expected",
      "definition": "Conditional payment by Medicare; future reimbursement from the Public Health Service (PHS) expected"
    },
    {
      "code": "D",
      "display": "No fault automobile insurance",
      "definition": "No fault automobile insurance"
    },
    {
      "code": "E",
      "display": "Worker's compensation (WC)",
      "definition": "Worker's compensation (WC)"
    },
    {
      "code": "F",
      "display": "Public Health Service (PHS) or other Federal agency (other than VA)",
      "definition": "Public Health Service (PHS) or other Federal agency (other than VA)"
    },
    {
      "code": "G",
      "display": "Working disabled beneficiary under age 65 with a local government health plan (LGHP)",
      "definition": "Working disabled beneficiary under age 65 with a local government health plan (LGHP)"
    },
    {
      "code": "H",
      "display": "Black lung (BL) program",
      "definition": "Black lung (BL) program"
    },
    {
      "code": "I",
      "display": "Department of Veteran's Affairs",
      "definition": "Department of Veteran's Affairs"
    },
    {
      "code": "L",
      "display": "Any liability insurance",
      "definition": "Any liability insurance"
    },
    {
      "code": "M",
      "display": "Override EGHP - Medicare is primary payer",
      "definition": "Override EGHP - Medicare is primary payer"
    },
    {
      "code": "N",
      "display": "Override non-EGHP - Medicare is primary payer Blank / missing = No other primary payer",
      "definition": "Override non-EGHP - Medicare is primary payer Blank / missing = No other primary payer"
    }
  ]
}