{
  "resourceType": "CodeSystem",
  "id": "nch-ptnt-stus-ind-cd",
  "text": {
    "status": "generated",
    "div": "<div xmlns=\"http://www.w3.org/1999/xhtml\"><h2>NCH Patient Status Indicator Code</h2><div><p>This variable is a recoded version of the discharge status code (variable called PTNT<em>DSCHRG</em>STUS<em>CD). Source: https://bluebutton.cms.gov/resources/variables/nch</em>ptnt<em>stus</em>ind_cd</p>\n</div><p>This code system http://hl7.org/fhir/CodeSystem/nch-ptnt-stus-ind-cd defines the following codes:</p><table class=\"codes\"><tr><td><b>Code</b></td><td><b>Display</b></td><td><b>Definition</b></td></tr><tr><td>A<a name=\"nch-ptnt-stus-ind-cd-A\"> </a></td><td>Discharged</td><td>Discharged</td></tr><tr><td>B<a name=\"nch-ptnt-stus-ind-cd-B\"> </a></td><td>Died</td><td>Died</td></tr><tr><td>C<a name=\"nch-ptnt-stus-ind-cd-C\"> </a></td><td>Still a patient</td><td>Still a patient</td></tr></table></div>"
  },
  "url": "http://hl7.org/fhir/CodeSystem/nch-ptnt-stus-ind-cd",
  "identifier": {
    "value": "http://hl7.org/fhir/CodeSystem/nch-ptnt-stus-ind-cd"
  },
  "version": "1.1.0",
  "name": "NCH Patient Status Indicator Code",
  "title": "NCH Patient Status Indicator Code",
  "status": "active",
  "date": "2018-05-07T14:45:05+00:00",
  "description": "This variable is a recoded version of the discharge status code (variable called PTNT_DSCHRG_STUS_CD). Source: https://bluebutton.cms.gov/resources/variables/nch_ptnt_stus_ind_cd",
  "caseSensitive": true,
  "valueSet": "http://hl7.org/fhir/ValueSet/nch-ptnt-stus-ind-cd",
  "hierarchyMeaning": "is-a",
  "content": "complete",
  "concept": [
    {
      "code": "A",
      "display": "Discharged",
      "definition": "Discharged"
    },
    {
      "code": "B",
      "display": "Died",
      "definition": "Died"
    },
    {
      "code": "C",
      "display": "Still a patient",
      "definition": "Still a patient"
    }
  ]
}