{
  "resourceType": "CodeSystem",
  "id": "clm-freq-cd",
  "text": {
    "status": "generated",
    "div": "<div xmlns=\"http://www.w3.org/1999/xhtml\"><h2>Claim Frequency Code</h2><div><p>The third digit of the type of bill (TOB3) submitted on an institutional claim record to indicate the sequence of a claim in the beneficiary's current episode of care. Source: https://bluebutton.cms.gov/resources/variables/clm<em>freq</em>cd</p>\n</div><p>This code system http://hl7.org/fhir/CodeSystem/clm-freq-cd defines the following codes:</p><table class=\"codes\"><tr><td><b>Code</b></td><td><b>Display</b></td><td><b>Definition</b></td></tr><tr><td>0<a name=\"clm-freq-cd-0\"> </a></td><td>Non-payment/zero claims</td><td>Non-payment/zero claims</td></tr><tr><td>1<a name=\"clm-freq-cd-1\"> </a></td><td>Admit thru discharge claim</td><td>Admit thru discharge claim</td></tr><tr><td>2<a name=\"clm-freq-cd-2\"> </a></td><td>Interim – first claim</td><td>Interim – first claim</td></tr><tr><td>3<a name=\"clm-freq-cd-3\"> </a></td><td>Interim – continuing claim</td><td>Interim – continuing claim</td></tr><tr><td>4<a name=\"clm-freq-cd-4\"> </a></td><td>Interim – last claim</td><td>Interim – last claim</td></tr><tr><td>5<a name=\"clm-freq-cd-5\"> </a></td><td>Late charge(s) only claim</td><td>Late charge(s) only claim</td></tr><tr><td>7<a name=\"clm-freq-cd-7\"> </a></td><td>Replacement of prior claim</td><td>Replacement of prior claim</td></tr><tr><td>8<a name=\"clm-freq-cd-8\"> </a></td><td>Void/cancel prior claim</td><td>Void/cancel prior claim</td></tr><tr><td>9<a name=\"clm-freq-cd-9\"> </a></td><td>Final claim (for HH PPS = process as a debit/credit to RAP claim)</td><td>Final claim (for HH PPS = process as a debit/credit to RAP claim)</td></tr><tr><td>G<a name=\"clm-freq-cd-G\"> </a></td><td>Common Working File (NCH) generated adjustment claim</td><td>Common Working File (NCH) generated adjustment claim</td></tr><tr><td>H<a name=\"clm-freq-cd-H\"> </a></td><td>CMS generated adjustment claim</td><td>CMS generated adjustment claim</td></tr><tr><td>I<a name=\"clm-freq-cd-I\"> </a></td><td>Misc. adjustment claim (e.g., initiated by intermediary or QIO)</td><td>Misc. adjustment claim (e.g., initiated by intermediary or QIO)</td></tr><tr><td>J<a name=\"clm-freq-cd-J\"> </a></td><td>Other adjustment request</td><td>Other adjustment request</td></tr><tr><td>M<a name=\"clm-freq-cd-M\"> </a></td><td>Medicare secondary payer (MSP) adjustment</td><td>Medicare secondary payer (MSP) adjustment</td></tr><tr><td>P<a name=\"clm-freq-cd-P\"> </a></td><td>Adjustment required by QIO</td><td>Adjustment required by QIO</td></tr></table></div>"
  },
  "url": "http://hl7.org/fhir/CodeSystem/clm-freq-cd",
  "identifier": {
    "value": "http://hl7.org/fhir/CodeSystem/clm-freq-cd"
  },
  "version": "1.1.0",
  "name": "Claim Frequency Code",
  "title": "Claim Frequency Code",
  "status": "active",
  "date": "2018-05-07T14:45:05+00:00",
  "description": "The third digit of the type of bill (TOB3) submitted on an institutional claim record to indicate the sequence of a claim in the beneficiary's current episode of care. Source: https://bluebutton.cms.gov/resources/variables/clm_freq_cd",
  "caseSensitive": true,
  "valueSet": "http://hl7.org/fhir/ValueSet/clm-freq-cd",
  "hierarchyMeaning": "is-a",
  "content": "complete",
  "concept": [
    {
      "code": "0",
      "display": "Non-payment/zero claims",
      "definition": "Non-payment/zero claims"
    },
    {
      "code": "1",
      "display": "Admit thru discharge claim",
      "definition": "Admit thru discharge claim"
    },
    {
      "code": "2",
      "display": "Interim – first claim",
      "definition": "Interim – first claim"
    },
    {
      "code": "3",
      "display": "Interim – continuing claim",
      "definition": "Interim – continuing claim"
    },
    {
      "code": "4",
      "display": "Interim – last claim",
      "definition": "Interim – last claim"
    },
    {
      "code": "5",
      "display": "Late charge(s) only claim",
      "definition": "Late charge(s) only claim"
    },
    {
      "code": "7",
      "display": "Replacement of prior claim",
      "definition": "Replacement of prior claim"
    },
    {
      "code": "8",
      "display": "Void/cancel prior claim",
      "definition": "Void/cancel prior claim"
    },
    {
      "code": "9",
      "display": "Final claim (for HH PPS = process as a debit/credit to RAP claim)",
      "definition": "Final claim (for HH PPS = process as a debit/credit to RAP claim)"
    },
    {
      "code": "G",
      "display": "Common Working File (NCH) generated adjustment claim",
      "definition": "Common Working File (NCH) generated adjustment claim"
    },
    {
      "code": "H",
      "display": "CMS generated adjustment claim",
      "definition": "CMS generated adjustment claim"
    },
    {
      "code": "I",
      "display": "Misc. adjustment claim (e.g., initiated by intermediary or QIO)",
      "definition": "Misc. adjustment claim (e.g., initiated by intermediary or QIO)"
    },
    {
      "code": "J",
      "display": "Other adjustment request",
      "definition": "Other adjustment request"
    },
    {
      "code": "M",
      "display": "Medicare secondary payer (MSP) adjustment",
      "definition": "Medicare secondary payer (MSP) adjustment"
    },
    {
      "code": "P",
      "display": "Adjustment required by QIO",
      "definition": "Adjustment required by QIO"
    }
  ]
}