{
  "resourceType": "CodeSystem",
  "id": "rx-orgn-cd",
  "text": {
    "status": "generated",
    "div": "<div xmlns=\"http://www.w3.org/1999/xhtml\"><h2>Prescription Origination Code</h2><div><p>This variable indicates whether the prescription was transmitted as an electronic prescription, by phone, by fax, or as a written paper copy. Source: https://bluebutton.cms.gov/resources/variables/rx<em>orgn</em>cd</p>\n</div><p>This code system http://hl7.org/fhir/CodeSystem/rx-orgn-cd defines the following codes:</p><table class=\"codes\"><tr><td><b>Code</b></td><td><b>Display</b></td><td><b>Definition</b></td></tr><tr><td>Null<a name=\"rx-orgn-cd-Null\"> </a></td><td>Unknown</td><td>Unknown</td></tr><tr><td>0<a name=\"rx-orgn-cd-0\"> </a></td><td>Not specified</td><td>Not specified</td></tr><tr><td>1<a name=\"rx-orgn-cd-1\"> </a></td><td>Written</td><td>Written</td></tr><tr><td>2<a name=\"rx-orgn-cd-2\"> </a></td><td>Telephone</td><td>Telephone</td></tr><tr><td>3<a name=\"rx-orgn-cd-3\"> </a></td><td>Electronic</td><td>Electronic</td></tr><tr><td>4<a name=\"rx-orgn-cd-4\"> </a></td><td>Facsimile</td><td>Facsimile</td></tr><tr><td>5<a name=\"rx-orgn-cd-5\"> </a></td><td>Pharmacy</td><td>Pharmacy</td></tr></table></div>"
  },
  "url": "http://hl7.org/fhir/CodeSystem/rx-orgn-cd",
  "identifier": {
    "value": "http://hl7.org/fhir/CodeSystem/rx-orgn-cd"
  },
  "version": "1.1.0",
  "name": "Prescription Origination Code",
  "title": "Prescription Origination Code",
  "status": "active",
  "date": "2018-05-07T14:45:05+00:00",
  "description": "This variable indicates whether the prescription was transmitted as an electronic prescription, by phone, by fax, or as a written paper copy. Source: https://bluebutton.cms.gov/resources/variables/rx_orgn_cd",
  "caseSensitive": true,
  "valueSet": "http://hl7.org/fhir/ValueSet/rx-orgn-cd",
  "hierarchyMeaning": "is-a",
  "content": "complete",
  "concept": [
    {
      "code": "Null",
      "display": "Unknown",
      "definition": "Unknown"
    },
    {
      "code": "0",
      "display": "Not specified",
      "definition": "Not specified"
    },
    {
      "code": "1",
      "display": "Written",
      "definition": "Written"
    },
    {
      "code": "2",
      "display": "Telephone",
      "definition": "Telephone"
    },
    {
      "code": "3",
      "display": "Electronic",
      "definition": "Electronic"
    },
    {
      "code": "4",
      "display": "Facsimile",
      "definition": "Facsimile"
    },
    {
      "code": "5",
      "display": "Pharmacy",
      "definition": "Pharmacy"
    }
  ]
}