{
  "resourceType": "CodeSystem",
  "id": "adjudication-categories",
  "text": {
    "status": "generated",
    "div": "<div xmlns=\"http://www.w3.org/1999/xhtml\"><h2>Adjudication Categories</h2><div><p>Blue Button Adjudication Categories.</p>\n</div><p>This code system http://hl7.org/fhir/CodeSystem/adjudication-categories defines the following codes:</p><table class=\"codes\"><tr><td><b>Code</b></td><td><b>Display</b></td><td><b>Definition</b></td></tr><tr><td>Part D Covered<a name=\"adjudication-categories-PartDCovered\"> </a></td><td>Problem List Item</td><td>This is the net amount that the Part D plan paid for a        PDE that was covered by the Medicare Part D benefit.</td></tr><tr><td>Gross Drug Cost Below Out-of-Pocket Threshold (GDCB)<a name=\"adjudication-categories-GrossDrugCostBelowOut-of-PocketThreshold.40GDCB.41\"> </a></td><td>Encounter Diagnosis</td><td>This variable is the portion of the gross drug cost        for the prescription drug fill that was not covered by Part        D’s catastrophic coverage.</td></tr><tr><td>Gross Drug Cost Above Out-of-Pocket Threshold (GDCA)<a name=\"adjudication-categories-GrossDrugCostAboveOut-of-PocketThreshold.40GDCA.41\"> </a></td><td>Problem</td><td>This variable is the portion of the gross drug cost        for the prescription drug fill that was covered by Part D’s        catastrophic coverage.</td></tr><tr><td>Patient Pay Amount<a name=\"adjudication-categories-PatientPayAmount\"> </a></td><td>Health Concern</td><td>This variable is the dollar amount that the        beneficiary paid for the PDE without being reimbursed by a        third party.</td></tr><tr><td>Other True Out-of-Pocket (TrOOP) Amount<a name=\"adjudication-categories-OtherTrueOut-of-Pocket.40TrOOP.41Amount\"> </a></td><td>Cell</td><td>This is the amount of any payment made by other        third-party payers that reduces the beneficiary’s liability        for the PDE and counts towards Part D’s true out-of-pocket        (TrOOP) requirement.</td></tr><tr><td>Part D Low Income Subsidy (LICS) Amount<a name=\"adjudication-categories-PartDLowIncomeSubsidy.40LICS.41Amount\"> </a></td><td>Cell</td><td>This is the amount of cost sharing for the drug that was paid        by the Part D low-income subsidy (LICS).</td></tr><tr><td>Reduction in patient liability due to payments by other payers (PLRO) Amount<a name=\"adjudication-categories-Reductioninpatientliabilityduetopaymentsbyotherpayers.40PLRO.41Amount\"> </a></td><td>Cell</td><td>This is the amount of any payment by other third-party payers        that reduces the beneficiary’s liability for the PDE but         does not count towards Part D’s true out-of-pocket (TrOOP)        requirement.</td></tr><tr><td>Total Prescription Cost<a name=\"adjudication-categories-TotalPrescriptionCost\"> </a></td><td>Cell</td><td>This is the price paid for the drug at the point of sale        (i.e., the pharmacy counter), and it does not include any        rebates or discounts that the drug manufacturer provides        directly to the Part D plan sponsor.</td></tr><tr><td>Medicare Coverage Gap Discount Amount<a name=\"adjudication-categories-MedicareCoverageGapDiscountAmount\"> </a></td><td>Cell</td><td>This variable indicates the amount of the discount provided        by the drug’s manufacturer under the Medicare Coverage Gap        Discount Program, as calculated by CMS based on data reported        in the PDE.</td></tr></table></div>"
  },
  "url": "http://hl7.org/fhir/CodeSystem/adjudication-categories",
  "identifier": {
    "value": "http://hl7.org/fhir/CodeSystem/adjudication-categories.html"
  },
  "version": "1.1.1",
  "name": "Adjudication Categories",
  "title": "Adjudication Categories",
  "status": "active",
  "date": "2018-11-27T15:56:35+00:00",
  "publisher": "CMS Blue Button 2.0 Team",
  "description": "Blue Button Adjudication Categories.",
  "caseSensitive": true,
  "valueSet": "http://hl7.org/fhir/us/core/ValueSet/adjudications.html",
  "hierarchyMeaning": "is-a",
  "content": "complete",
  "concept": [
    {
      "code": "Part D Covered",
      "display": "Problem List Item",
      "definition": "This is the net amount that the Part D plan paid for a        PDE that was covered by the Medicare Part D benefit."
    },
    {
      "code": "Gross Drug Cost Below Out-of-Pocket Threshold (GDCB)",
      "display": "Encounter Diagnosis",
      "definition": "This variable is the portion of the gross drug cost        for the prescription drug fill that was not covered by Part        D’s catastrophic coverage."
    },
    {
      "code": "Gross Drug Cost Above Out-of-Pocket Threshold (GDCA)",
      "display": "Problem",
      "definition": "This variable is the portion of the gross drug cost        for the prescription drug fill that was covered by Part D’s        catastrophic coverage."
    },
    {
      "code": "Patient Pay Amount",
      "display": "Health Concern",
      "definition": "This variable is the dollar amount that the        beneficiary paid for the PDE without being reimbursed by a        third party."
    },
    {
      "code": "Other True Out-of-Pocket (TrOOP) Amount",
      "display": "Cell",
      "definition": "This is the amount of any payment made by other        third-party payers that reduces the beneficiary’s liability        for the PDE and counts towards Part D’s true out-of-pocket        (TrOOP) requirement."
    },
    {
      "code": "Part D Low Income Subsidy (LICS) Amount",
      "display": "Cell",
      "definition": "This is the amount of cost sharing for the drug that was paid        by the Part D low-income subsidy (LICS)."
    },
    {
      "code": "Reduction in patient liability due to payments by other payers (PLRO) Amount",
      "display": "Cell",
      "definition": "This is the amount of any payment by other third-party payers        that reduces the beneficiary’s liability for the PDE but         does not count towards Part D’s true out-of-pocket (TrOOP)        requirement."
    },
    {
      "code": "Total Prescription Cost",
      "display": "Cell",
      "definition": "This is the price paid for the drug at the point of sale        (i.e., the pharmacy counter), and it does not include any        rebates or discounts that the drug manufacturer provides        directly to the Part D plan sponsor."
    },
    {
      "code": "Medicare Coverage Gap Discount Amount",
      "display": "Cell",
      "definition": "This variable indicates the amount of the discount provided        by the drug’s manufacturer under the Medicare Coverage Gap        Discount Program, as calculated by CMS based on data reported        in the PDE."
    }
  ]
}