{
  "resourceType": "CodeSystem",
  "id": "clm-fac-type-cd",
  "text": {
    "status": "generated",
    "div": "<div xmlns=\"http://www.w3.org/1999/xhtml\"><h2>Claim Facility Type Code</h2><div><p>The type of facility. Source: https://bluebutton.cms.gov/resources/variables/clm<em>fac</em>type_cd</p>\n</div><p>This code system http://hl7.org/fhir/CodeSystem/clm-fac-type-cd defines the following codes:</p><table class=\"codes\"><tr><td><b>Code</b></td><td><b>Display</b></td><td><b>Definition</b></td></tr><tr><td>1<a name=\"clm-fac-type-cd-1\"> </a></td><td>Hospital</td><td>Hospital</td></tr><tr><td>2<a name=\"clm-fac-type-cd-2\"> </a></td><td>Skilled Nursing Facility (SNF)</td><td>Skilled Nursing Facility (SNF)</td></tr><tr><td>3<a name=\"clm-fac-type-cd-3\"> </a></td><td>Home Health Agency (HHA)</td><td>Home Health Agency (HHA)</td></tr><tr><td>4<a name=\"clm-fac-type-cd-4\"> </a></td><td>Religious Non-medical (hospital)</td><td>Religious Non-medical (hospital)</td></tr><tr><td>6<a name=\"clm-fac-type-cd-6\"> </a></td><td>Intermediate Care (IMC)</td><td>Intermediate Care (IMC)</td></tr><tr><td>7<a name=\"clm-fac-type-cd-7\"> </a></td><td>Clinic services or hospital-based renal dialysis facility</td><td>Clinic services or hospital-based renal dialysis facility</td></tr><tr><td>8<a name=\"clm-fac-type-cd-8\"> </a></td><td>Ambulatory Surgery Center (ASC) or other special facility (e.g. hospice)</td><td>Ambulatory Surgery Center (ASC) or other special facility (e.g. hospice)</td></tr></table></div>"
  },
  "url": "http://hl7.org/fhir/CodeSystem/clm-fac-type-cd",
  "identifier": {
    "value": "http://hl7.org/fhir/CodeSystem/clm-fac-type-cd"
  },
  "version": "1.1.0",
  "name": "Claim Facility Type Code",
  "title": "Claim Facility Type Code",
  "status": "active",
  "date": "2018-05-31T14:39:32+00:00",
  "description": "The type of facility. Source: https://bluebutton.cms.gov/resources/variables/clm_fac_type_cd",
  "caseSensitive": true,
  "valueSet": "http://hl7.org/fhir/ValueSet/clm-fac-type-cd",
  "hierarchyMeaning": "is-a",
  "content": "complete",
  "concept": [
    {
      "code": "1",
      "display": "Hospital",
      "definition": "Hospital"
    },
    {
      "code": "2",
      "display": "Skilled Nursing Facility (SNF)",
      "definition": "Skilled Nursing Facility (SNF)"
    },
    {
      "code": "3",
      "display": "Home Health Agency (HHA)",
      "definition": "Home Health Agency (HHA)"
    },
    {
      "code": "4",
      "display": "Religious Non-medical (hospital)",
      "definition": "Religious Non-medical (hospital)"
    },
    {
      "code": "6",
      "display": "Intermediate Care (IMC)",
      "definition": "Intermediate Care (IMC)"
    },
    {
      "code": "7",
      "display": "Clinic services or hospital-based renal dialysis facility",
      "definition": "Clinic services or hospital-based renal dialysis facility"
    },
    {
      "code": "8",
      "display": "Ambulatory Surgery Center (ASC) or other special facility (e.g. hospice)",
      "definition": "Ambulatory Surgery Center (ASC) or other special facility (e.g. hospice)"
    }
  ]
}