{
  "resourceType": "CodeSystem",
  "id": "ptnt-dschrg-stus-cd",
  "text": {
    "status": "generated",
    "div": "<div xmlns=\"http://www.w3.org/1999/xhtml\"><h2>Patient Discharge Status Code</h2><div><p>The code used to identify the status of the patient as of the CLM<em>THRU</em>DT. Source: https://bluebutton.cms.gov/resources/variables/ptnt<em>dschrg</em>stus_cd</p>\n</div><p>This code system http://hl7.org/fhir/CodeSystem/ptnt-dschrg-stus-cd defines the following codes:</p><table class=\"codes\"><tr><td><b>Code</b></td><td><b>Display</b></td><td><b>Definition</b></td></tr><tr><td>0<a name=\"ptnt-dschrg-stus-cd-0\"> </a></td><td>Unknown Value (but present in data)</td><td>Unknown Value (but present in data)</td></tr><tr><td>01<a name=\"ptnt-dschrg-stus-cd-01\"> </a></td><td>Discharged to home/self-care (routine charge).</td><td>Discharged to home/self-care (routine charge).</td></tr><tr><td>02<a name=\"ptnt-dschrg-stus-cd-02\"> </a></td><td>Discharged/transferred to other short term general hospital for inpatient care.</td><td>Discharged/transferred to other short term general hospital for inpatient care.</td></tr><tr><td>03<a name=\"ptnt-dschrg-stus-cd-03\"> </a></td><td>Discharged/transferred to skilled nursing facility (SNF) with Medicare certification in anticipation of covered skilled care -- (For hospitals with an approved swing bed arrangement, use Code 61 - swing bed. For reporting discharges/transfers to a non-certified SNF, the hospital must use Code 04 - ICF.</td><td>Discharged/transferred to skilled nursing facility (SNF) with Medicare certification in anticipation of covered skilled care -- (For hospitals with an approved swing bed arrangement, use Code 61 - swing bed. For reporting discharges/transfers to a non-certified SNF, the hospital must use Code 04 - ICF.</td></tr><tr><td>04<a name=\"ptnt-dschrg-stus-cd-04\"> </a></td><td>Discharged/transferred to intermediate care facility (ICF).</td><td>Discharged/transferred to intermediate care facility (ICF).</td></tr><tr><td>05<a name=\"ptnt-dschrg-stus-cd-05\"> </a></td><td>Discharged/transferred to another type of institution for inpatient care (including distinct parts). NOTE: Effective 1/2005, psychiatric hospital or psychiatric distinct part unit of a hospital will no longer be identified by this code. New code is '65'.</td><td>Discharged/transferred to another type of institution for inpatient care (including distinct parts). NOTE: Effective 1/2005, psychiatric hospital or psychiatric distinct part unit of a hospital will no longer be identified by this code. New code is '65'.</td></tr><tr><td>06<a name=\"ptnt-dschrg-stus-cd-06\"> </a></td><td>Discharged/transferred to home care of organized home health service organization.</td><td>Discharged/transferred to home care of organized home health service organization.</td></tr><tr><td>07<a name=\"ptnt-dschrg-stus-cd-07\"> </a></td><td>Left against medical advice or discontinued care.</td><td>Left against medical advice or discontinued care.</td></tr><tr><td>08<a name=\"ptnt-dschrg-stus-cd-08\"> </a></td><td>Discharged/transferred to home under care of a home IV drug therapy provider. (discontinued effective 10/1/05)</td><td>Discharged/transferred to home under care of a home IV drug therapy provider. (discontinued effective 10/1/05)</td></tr><tr><td>09<a name=\"ptnt-dschrg-stus-cd-09\"> </a></td><td>Admitted as an inpatient to this hospital (effective 3/1/91). In situations where a patient is admitted before midnight of the third day following the day of an outpatient service, the outpatient services are considered inpatient.</td><td>Admitted as an inpatient to this hospital (effective 3/1/91). In situations where a patient is admitted before midnight of the third day following the day of an outpatient service, the outpatient services are considered inpatient.</td></tr><tr><td>20<a name=\"ptnt-dschrg-stus-cd-20\"> </a></td><td>Expired (patient did not recover).</td><td>Expired (patient did not recover).</td></tr><tr><td>21<a name=\"ptnt-dschrg-stus-cd-21\"> </a></td><td>Discharged/transferred to court/law enforcement.</td><td>Discharged/transferred to court/law enforcement.</td></tr><tr><td>30<a name=\"ptnt-dschrg-stus-cd-30\"> </a></td><td>Still patient.</td><td>Still patient.</td></tr><tr><td>40<a name=\"ptnt-dschrg-stus-cd-40\"> </a></td><td>Expired at home (hospice claims only)</td><td>Expired at home (hospice claims only)</td></tr><tr><td>41<a name=\"ptnt-dschrg-stus-cd-41\"> </a></td><td>Expired in a medical facility such as hospital, SNF, ICF, or freestanding hospice. (Hospice claims only)</td><td>Expired in a medical facility such as hospital, SNF, ICF, or freestanding hospice. (Hospice claims only)</td></tr><tr><td>42<a name=\"ptnt-dschrg-stus-cd-42\"> </a></td><td>Expired - place unknown (Hospice claims only)</td><td>Expired - place unknown (Hospice claims only)</td></tr><tr><td>43<a name=\"ptnt-dschrg-stus-cd-43\"> </a></td><td>Discharged/transferred to a federal hospital (eff. 10/1/03)</td><td>Discharged/transferred to a federal hospital (eff. 10/1/03)</td></tr><tr><td>50<a name=\"ptnt-dschrg-stus-cd-50\"> </a></td><td>Discharged/transferred to a Hospice – home.</td><td>Discharged/transferred to a Hospice – home.</td></tr><tr><td>51<a name=\"ptnt-dschrg-stus-cd-51\"> </a></td><td>Discharged/transferred to a Hospice – medical facility.</td><td>Discharged/transferred to a Hospice – medical facility.</td></tr><tr><td>61<a name=\"ptnt-dschrg-stus-cd-61\"> </a></td><td>Discharged/transferred within this institution to a hospital-based Medicare approved swing bed (eff. 9/01)</td><td>Discharged/transferred within this institution to a hospital-based Medicare approved swing bed (eff. 9/01)</td></tr><tr><td>62<a name=\"ptnt-dschrg-stus-cd-62\"> </a></td><td>Discharged/transferred to an inpatient rehabilitation facility including distinct parts units of a hospital. (eff. 1/2002)</td><td>Discharged/transferred to an inpatient rehabilitation facility including distinct parts units of a hospital. (eff. 1/2002)</td></tr><tr><td>63<a name=\"ptnt-dschrg-stus-cd-63\"> </a></td><td>Discharged/transferred to a long term care hospitals. (eff. 1/2002)</td><td>Discharged/transferred to a long term care hospitals. (eff. 1/2002)</td></tr><tr><td>64<a name=\"ptnt-dschrg-stus-cd-64\"> </a></td><td>Discharged/transferred to a nursing facility certified under Medicaid but not under Medicare (eff. 10/2002)</td><td>Discharged/transferred to a nursing facility certified under Medicaid but not under Medicare (eff. 10/2002)</td></tr><tr><td>65<a name=\"ptnt-dschrg-stus-cd-65\"> </a></td><td>Discharged/Transferred to a psychiatric hospital or psychiatric distinct unit of a hospital (these types of hospitals were pulled from patient/discharge status code '05' and given their own code). (eff. 1/2005).</td><td>Discharged/Transferred to a psychiatric hospital or psychiatric distinct unit of a hospital (these types of hospitals were pulled from patient/discharge status code '05' and given their own code). (eff. 1/2005).</td></tr><tr><td>66<a name=\"ptnt-dschrg-stus-cd-66\"> </a></td><td>Discharged/transferred to a Critical Access Hospital (CAH) (eff. 1/1/06)</td><td>Discharged/transferred to a Critical Access Hospital (CAH) (eff. 1/1/06)</td></tr><tr><td>69<a name=\"ptnt-dschrg-stus-cd-69\"> </a></td><td>Discharged/transferred to a designated disaster alternative care site (starting 10/2013; applies only to particular MS-DRGs*)</td><td>Discharged/transferred to a designated disaster alternative care site (starting 10/2013; applies only to particular MS-DRGs*)</td></tr><tr><td>70<a name=\"ptnt-dschrg-stus-cd-70\"> </a></td><td>Discharged/transferred to another type of health care institution not defined elsewhere in code list.</td><td>Discharged/transferred to another type of health care institution not defined elsewhere in code list.</td></tr><tr><td>71<a name=\"ptnt-dschrg-stus-cd-71\"> </a></td><td>Discharged/transferred/referred to another institution for outpatient services as specified by the discharge plan of care (eff. 9/01) (discontinued effective 10/1/05)</td><td>Discharged/transferred/referred to another institution for outpatient services as specified by the discharge plan of care (eff. 9/01) (discontinued effective 10/1/05)</td></tr><tr><td>72<a name=\"ptnt-dschrg-stus-cd-72\"> </a></td><td>Discharged/transferred/referred to this institution for outpatient services as specified by the discharge plan of care (eff. 9/01) (discontinued effective 10/1/05) The following codes apply only to particular MS-DRGs*, and were new in 10/2013:</td><td>Discharged/transferred/referred to this institution for outpatient services as specified by the discharge plan of care (eff. 9/01) (discontinued effective 10/1/05) The following codes apply only to particular MS-DRGs*, and were new in 10/2013:</td></tr><tr><td>81<a name=\"ptnt-dschrg-stus-cd-81\"> </a></td><td>Discharged to home or self-care with a planned acute care hospital inpatient readmission.</td><td>Discharged to home or self-care with a planned acute care hospital inpatient readmission.</td></tr><tr><td>82<a name=\"ptnt-dschrg-stus-cd-82\"> </a></td><td>Discharged/transferred to a short term general hospital for inpatient care with a planned acute care hospital inpatient readmission.</td><td>Discharged/transferred to a short term general hospital for inpatient care with a planned acute care hospital inpatient readmission.</td></tr><tr><td>83<a name=\"ptnt-dschrg-stus-cd-83\"> </a></td><td>Discharged/transferred to a skilled nursing facility (SNF) with Medicare certification with a planned acute care hospital inpatient readmission.</td><td>Discharged/transferred to a skilled nursing facility (SNF) with Medicare certification with a planned acute care hospital inpatient readmission.</td></tr><tr><td>84<a name=\"ptnt-dschrg-stus-cd-84\"> </a></td><td>Discharged/transferred to a facility that provides custodial or supportive care with a planned acute care hospital inpatient readmission.</td><td>Discharged/transferred to a facility that provides custodial or supportive care with a planned acute care hospital inpatient readmission.</td></tr><tr><td>85<a name=\"ptnt-dschrg-stus-cd-85\"> </a></td><td>Discharged/transferred to a designated cancer center or children’s hospital with a planned acute care hospital inpatient readmission.</td><td>Discharged/transferred to a designated cancer center or children’s hospital with a planned acute care hospital inpatient readmission.</td></tr><tr><td>86<a name=\"ptnt-dschrg-stus-cd-86\"> </a></td><td>Discharged/transferred to home under care of organized home health service organization with a planned acute care hospital inpatient readmission.</td><td>Discharged/transferred to home under care of organized home health service organization with a planned acute care hospital inpatient readmission.</td></tr><tr><td>87<a name=\"ptnt-dschrg-stus-cd-87\"> </a></td><td>Discharged/transferred to court/law enforcement with a planned acute care hospital inpatient readmission.</td><td>Discharged/transferred to court/law enforcement with a planned acute care hospital inpatient readmission.</td></tr><tr><td>88<a name=\"ptnt-dschrg-stus-cd-88\"> </a></td><td>Discharged/transferred to a federal health care facility with a planned acute care hospital inpatient readmission.</td><td>Discharged/transferred to a federal health care facility with a planned acute care hospital inpatient readmission.</td></tr><tr><td>89<a name=\"ptnt-dschrg-stus-cd-89\"> </a></td><td>Discharged/transferred to a hospital-based Medicare approved swing bed with a planned acute care hospital inpatient readmission.</td><td>Discharged/transferred to a hospital-based Medicare approved swing bed with a planned acute care hospital inpatient readmission.</td></tr><tr><td>90<a name=\"ptnt-dschrg-stus-cd-90\"> </a></td><td>Discharged/transferred to an inpatient rehabilitation facility (IRF) including rehabilitation distinct part units of a hospital with a planned acute care hospital inpatient readmission.</td><td>Discharged/transferred to an inpatient rehabilitation facility (IRF) including rehabilitation distinct part units of a hospital with a planned acute care hospital inpatient readmission.</td></tr><tr><td>91<a name=\"ptnt-dschrg-stus-cd-91\"> </a></td><td>Discharged/transferred to a Medicare certified long term care hospital (LTCH) with a planned acute care hospital inpatient readmission.</td><td>Discharged/transferred to a Medicare certified long term care hospital (LTCH) with a planned acute care hospital inpatient readmission.</td></tr><tr><td>92<a name=\"ptnt-dschrg-stus-cd-92\"> </a></td><td>Discharged/transferred to a nursing facility certified under Medicaid but not certified under Medicare with a planned acute care hospital inpatient readmission.</td><td>Discharged/transferred to a nursing facility certified under Medicaid but not certified under Medicare with a planned acute care hospital inpatient readmission.</td></tr><tr><td>93<a name=\"ptnt-dschrg-stus-cd-93\"> </a></td><td>Discharged/transferred to a psychiatric distinct part unit of a hospital with a planned acute care hospital inpatient readmission.</td><td>Discharged/transferred to a psychiatric distinct part unit of a hospital with a planned acute care hospital inpatient readmission.</td></tr><tr><td>94<a name=\"ptnt-dschrg-stus-cd-94\"> </a></td><td>Discharged/transferred to a critical access hospital (CAH) with a planned acute care hospital inpatient readmission.</td><td>Discharged/transferred to a critical access hospital (CAH) with a planned acute care hospital inpatient readmission.</td></tr><tr><td>95<a name=\"ptnt-dschrg-stus-cd-95\"> </a></td><td>Discharged/transferred to another type of health care institution not defined elsewhere in this code list with a planned acute care hospital inpatient readmission.</td><td>Discharged/transferred to another type of health care institution not defined elsewhere in this code list with a planned acute care hospital inpatient readmission.</td></tr></table></div>"
  },
  "url": "http://hl7.org/fhir/CodeSystem/ptnt-dschrg-stus-cd",
  "identifier": {
    "value": "http://hl7.org/fhir/CodeSystem/ptnt-dschrg-stus-cd.html"
  },
  "version": "1.1.1",
  "name": "Patient Discharge Status Code",
  "title": "Patient Discharge Status Code",
  "status": "active",
  "date": "2018-11-27T15:56:35+00:00",
  "publisher": "CMS Blue Button 2.0 Team",
  "description": "The code used to identify the status of the patient as of the CLM_THRU_DT. Source: https://bluebutton.cms.gov/resources/variables/ptnt_dschrg_stus_cd",
  "caseSensitive": true,
  "valueSet": "http://hl7.org/fhir/ValueSet/ptnt-dschrg-stus-cd",
  "hierarchyMeaning": "is-a",
  "content": "complete",
  "concept": [
    {
      "code": "0",
      "display": "Unknown Value (but present in data)",
      "definition": "Unknown Value (but present in data)"
    },
    {
      "code": "01",
      "display": "Discharged to home/self-care (routine charge).",
      "definition": "Discharged to home/self-care (routine charge)."
    },
    {
      "code": "02",
      "display": "Discharged/transferred to other short term general hospital for inpatient care.",
      "definition": "Discharged/transferred to other short term general hospital for inpatient care."
    },
    {
      "code": "03",
      "display": "Discharged/transferred to skilled nursing facility (SNF) with Medicare certification in anticipation of covered skilled care -- (For hospitals with an approved swing bed arrangement, use Code 61 - swing bed. For reporting discharges/transfers to a non-certified SNF, the hospital must use Code 04 - ICF.",
      "definition": "Discharged/transferred to skilled nursing facility (SNF) with Medicare certification in anticipation of covered skilled care -- (For hospitals with an approved swing bed arrangement, use Code 61 - swing bed. For reporting discharges/transfers to a non-certified SNF, the hospital must use Code 04 - ICF."
    },
    {
      "code": "04",
      "display": "Discharged/transferred to intermediate care facility (ICF).",
      "definition": "Discharged/transferred to intermediate care facility (ICF)."
    },
    {
      "code": "05",
      "display": "Discharged/transferred to another type of institution for inpatient care (including distinct parts). NOTE: Effective 1/2005, psychiatric hospital or psychiatric distinct part unit of a hospital will no longer be identified by this code. New code is '65'.",
      "definition": "Discharged/transferred to another type of institution for inpatient care (including distinct parts). NOTE: Effective 1/2005, psychiatric hospital or psychiatric distinct part unit of a hospital will no longer be identified by this code. New code is '65'."
    },
    {
      "code": "06",
      "display": "Discharged/transferred to home care of organized home health service organization.",
      "definition": "Discharged/transferred to home care of organized home health service organization."
    },
    {
      "code": "07",
      "display": "Left against medical advice or discontinued care.",
      "definition": "Left against medical advice or discontinued care."
    },
    {
      "code": "08",
      "display": "Discharged/transferred to home under care of a home IV drug therapy provider. (discontinued effective 10/1/05)",
      "definition": "Discharged/transferred to home under care of a home IV drug therapy provider. (discontinued effective 10/1/05)"
    },
    {
      "code": "09",
      "display": "Admitted as an inpatient to this hospital (effective 3/1/91). In situations where a patient is admitted before midnight of the third day following the day of an outpatient service, the outpatient services are considered inpatient.",
      "definition": "Admitted as an inpatient to this hospital (effective 3/1/91). In situations where a patient is admitted before midnight of the third day following the day of an outpatient service, the outpatient services are considered inpatient."
    },
    {
      "code": "20",
      "display": "Expired (patient did not recover).",
      "definition": "Expired (patient did not recover)."
    },
    {
      "code": "21",
      "display": "Discharged/transferred to court/law enforcement.",
      "definition": "Discharged/transferred to court/law enforcement."
    },
    {
      "code": "30",
      "display": "Still patient.",
      "definition": "Still patient."
    },
    {
      "code": "40",
      "display": "Expired at home (hospice claims only)",
      "definition": "Expired at home (hospice claims only)"
    },
    {
      "code": "41",
      "display": "Expired in a medical facility such as hospital, SNF, ICF, or freestanding hospice. (Hospice claims only)",
      "definition": "Expired in a medical facility such as hospital, SNF, ICF, or freestanding hospice. (Hospice claims only)"
    },
    {
      "code": "42",
      "display": "Expired - place unknown (Hospice claims only)",
      "definition": "Expired - place unknown (Hospice claims only)"
    },
    {
      "code": "43",
      "display": "Discharged/transferred to a federal hospital (eff. 10/1/03)",
      "definition": "Discharged/transferred to a federal hospital (eff. 10/1/03)"
    },
    {
      "code": "50",
      "display": "Discharged/transferred to a Hospice – home.",
      "definition": "Discharged/transferred to a Hospice – home."
    },
    {
      "code": "51",
      "display": "Discharged/transferred to a Hospice – medical facility.",
      "definition": "Discharged/transferred to a Hospice – medical facility."
    },
    {
      "code": "61",
      "display": "Discharged/transferred within this institution to a hospital-based Medicare approved swing bed (eff. 9/01)",
      "definition": "Discharged/transferred within this institution to a hospital-based Medicare approved swing bed (eff. 9/01)"
    },
    {
      "code": "62",
      "display": "Discharged/transferred to an inpatient rehabilitation facility including distinct parts units of a hospital. (eff. 1/2002)",
      "definition": "Discharged/transferred to an inpatient rehabilitation facility including distinct parts units of a hospital. (eff. 1/2002)"
    },
    {
      "code": "63",
      "display": "Discharged/transferred to a long term care hospitals. (eff. 1/2002)",
      "definition": "Discharged/transferred to a long term care hospitals. (eff. 1/2002)"
    },
    {
      "code": "64",
      "display": "Discharged/transferred to a nursing facility certified under Medicaid but not under Medicare (eff. 10/2002)",
      "definition": "Discharged/transferred to a nursing facility certified under Medicaid but not under Medicare (eff. 10/2002)"
    },
    {
      "code": "65",
      "display": "Discharged/Transferred to a psychiatric hospital or psychiatric distinct unit of a hospital (these types of hospitals were pulled from patient/discharge status code '05' and given their own code). (eff. 1/2005).",
      "definition": "Discharged/Transferred to a psychiatric hospital or psychiatric distinct unit of a hospital (these types of hospitals were pulled from patient/discharge status code '05' and given their own code). (eff. 1/2005)."
    },
    {
      "code": "66",
      "display": "Discharged/transferred to a Critical Access Hospital (CAH) (eff. 1/1/06)",
      "definition": "Discharged/transferred to a Critical Access Hospital (CAH) (eff. 1/1/06)"
    },
    {
      "code": "69",
      "display": "Discharged/transferred to a designated disaster alternative care site (starting 10/2013; applies only to particular MS-DRGs*)",
      "definition": "Discharged/transferred to a designated disaster alternative care site (starting 10/2013; applies only to particular MS-DRGs*)"
    },
    {
      "code": "70",
      "display": "Discharged/transferred to another type of health care institution not defined elsewhere in code list.",
      "definition": "Discharged/transferred to another type of health care institution not defined elsewhere in code list."
    },
    {
      "code": "71",
      "display": "Discharged/transferred/referred to another institution for outpatient services as specified by the discharge plan of care (eff. 9/01) (discontinued effective 10/1/05)",
      "definition": "Discharged/transferred/referred to another institution for outpatient services as specified by the discharge plan of care (eff. 9/01) (discontinued effective 10/1/05)"
    },
    {
      "code": "72",
      "display": "Discharged/transferred/referred to this institution for outpatient services as specified by the discharge plan of care (eff. 9/01) (discontinued effective 10/1/05) The following codes apply only to particular MS-DRGs*, and were new in 10/2013:",
      "definition": "Discharged/transferred/referred to this institution for outpatient services as specified by the discharge plan of care (eff. 9/01) (discontinued effective 10/1/05) The following codes apply only to particular MS-DRGs*, and were new in 10/2013:"
    },
    {
      "code": "81",
      "display": "Discharged to home or self-care with a planned acute care hospital inpatient readmission.",
      "definition": "Discharged to home or self-care with a planned acute care hospital inpatient readmission."
    },
    {
      "code": "82",
      "display": "Discharged/transferred to a short term general hospital for inpatient care with a planned acute care hospital inpatient readmission.",
      "definition": "Discharged/transferred to a short term general hospital for inpatient care with a planned acute care hospital inpatient readmission."
    },
    {
      "code": "83",
      "display": "Discharged/transferred to a skilled nursing facility (SNF) with Medicare certification with a planned acute care hospital inpatient readmission.",
      "definition": "Discharged/transferred to a skilled nursing facility (SNF) with Medicare certification with a planned acute care hospital inpatient readmission."
    },
    {
      "code": "84",
      "display": "Discharged/transferred to a facility that provides custodial or supportive care with a planned acute care hospital inpatient readmission.",
      "definition": "Discharged/transferred to a facility that provides custodial or supportive care with a planned acute care hospital inpatient readmission."
    },
    {
      "code": "85",
      "display": "Discharged/transferred to a designated cancer center or children’s hospital with a planned acute care hospital inpatient readmission.",
      "definition": "Discharged/transferred to a designated cancer center or children’s hospital with a planned acute care hospital inpatient readmission."
    },
    {
      "code": "86",
      "display": "Discharged/transferred to home under care of organized home health service organization with a planned acute care hospital inpatient readmission.",
      "definition": "Discharged/transferred to home under care of organized home health service organization with a planned acute care hospital inpatient readmission."
    },
    {
      "code": "87",
      "display": "Discharged/transferred to court/law enforcement with a planned acute care hospital inpatient readmission.",
      "definition": "Discharged/transferred to court/law enforcement with a planned acute care hospital inpatient readmission."
    },
    {
      "code": "88",
      "display": "Discharged/transferred to a federal health care facility with a planned acute care hospital inpatient readmission.",
      "definition": "Discharged/transferred to a federal health care facility with a planned acute care hospital inpatient readmission."
    },
    {
      "code": "89",
      "display": "Discharged/transferred to a hospital-based Medicare approved swing bed with a planned acute care hospital inpatient readmission.",
      "definition": "Discharged/transferred to a hospital-based Medicare approved swing bed with a planned acute care hospital inpatient readmission."
    },
    {
      "code": "90",
      "display": "Discharged/transferred to an inpatient rehabilitation facility (IRF) including rehabilitation distinct part units of a hospital with a planned acute care hospital inpatient readmission.",
      "definition": "Discharged/transferred to an inpatient rehabilitation facility (IRF) including rehabilitation distinct part units of a hospital with a planned acute care hospital inpatient readmission."
    },
    {
      "code": "91",
      "display": "Discharged/transferred to a Medicare certified long term care hospital (LTCH) with a planned acute care hospital inpatient readmission.",
      "definition": "Discharged/transferred to a Medicare certified long term care hospital (LTCH) with a planned acute care hospital inpatient readmission."
    },
    {
      "code": "92",
      "display": "Discharged/transferred to a nursing facility certified under Medicaid but not certified under Medicare with a planned acute care hospital inpatient readmission.",
      "definition": "Discharged/transferred to a nursing facility certified under Medicaid but not certified under Medicare with a planned acute care hospital inpatient readmission."
    },
    {
      "code": "93",
      "display": "Discharged/transferred to a psychiatric distinct part unit of a hospital with a planned acute care hospital inpatient readmission.",
      "definition": "Discharged/transferred to a psychiatric distinct part unit of a hospital with a planned acute care hospital inpatient readmission."
    },
    {
      "code": "94",
      "display": "Discharged/transferred to a critical access hospital (CAH) with a planned acute care hospital inpatient readmission.",
      "definition": "Discharged/transferred to a critical access hospital (CAH) with a planned acute care hospital inpatient readmission."
    },
    {
      "code": "95",
      "display": "Discharged/transferred to another type of health care institution not defined elsewhere in this code list with a planned acute care hospital inpatient readmission.",
      "definition": "Discharged/transferred to another type of health care institution not defined elsewhere in this code list with a planned acute care hospital inpatient readmission."
    }
  ]
}