{
  "resourceType": "CodeSystem",
  "id": "clm-ip-admsn-type-cd",
  "text": {
    "status": "generated",
    "div": "<div xmlns=\"http://www.w3.org/1999/xhtml\"><h2>Claim Inpatient Admission Type Code</h2><div><p>The code indicating the type and priority of an inpatient admission associated with the service on an intermediary submitted claim. Source: https://bluebutton.cms.gov/resources/variables/clm<em>ip</em>admsn<em>type</em>cd</p>\n</div><p>This code system http://hl7.org/fhir/CodeSystem/clm-ip-admsn-type-cd defines the following codes:</p><table class=\"codes\"><tr><td><b>Code</b></td><td><b>Display</b></td><td><b>Definition</b></td></tr><tr><td>0<a name=\"clm-ip-admsn-type-cd-0\"> </a></td><td>Unknown Value (but present in data)</td><td>Unknown Value (but present in data)</td></tr><tr><td>1<a name=\"clm-ip-admsn-type-cd-1\"> </a></td><td>Emergency - The patient required immediate medical intervention as a result of severe, life threatening, or potentially disabling conditions. Generally, the patient was admitted through the emergency room.</td><td>Emergency - The patient required immediate medical intervention as a result of severe, life threatening, or potentially disabling conditions. Generally, the patient was admitted through the emergency room.</td></tr><tr><td>2<a name=\"clm-ip-admsn-type-cd-2\"> </a></td><td>Urgent - The patient required immediate attention for the care and treatment of a physical or mental disorder. Generally, the patient was admitted to the first available and suitable accommodation.</td><td>Urgent - The patient required immediate attention for the care and treatment of a physical or mental disorder. Generally, the patient was admitted to the first available and suitable accommodation.</td></tr><tr><td>3<a name=\"clm-ip-admsn-type-cd-3\"> </a></td><td>Elective - The patient's condition permitted adequate time to schedule the availability of suitable accommodations.</td><td>Elective - The patient's condition permitted adequate time to schedule the availability of suitable accommodations.</td></tr><tr><td>4<a name=\"clm-ip-admsn-type-cd-4\"> </a></td><td>Newborn - Necessitates the use of special source of admission codes.</td><td>Newborn - Necessitates the use of special source of admission codes.</td></tr><tr><td>5<a name=\"clm-ip-admsn-type-cd-5\"> </a></td><td>Trauma Center - visits to a trauma center/hospital as licensed or designated by the State or local government authority authorized to do so, or as verified by the American College of Surgeons and involving a trauma activation.</td><td>Trauma Center - visits to a trauma center/hospital as licensed or designated by the State or local government authority authorized to do so, or as verified by the American College of Surgeons and involving a trauma activation.</td></tr><tr><td>6<a name=\"clm-ip-admsn-type-cd-6\"> </a></td><td>Reserved</td><td>Reserved</td></tr><tr><td>7<a name=\"clm-ip-admsn-type-cd-7\"> </a></td><td>Reserved</td><td>Reserved</td></tr><tr><td>8<a name=\"clm-ip-admsn-type-cd-8\"> </a></td><td>Reserved</td><td>Reserved</td></tr><tr><td>9<a name=\"clm-ip-admsn-type-cd-9\"> </a></td><td>Unknown - Information not available.</td><td>Unknown - Information not available.</td></tr></table></div>"
  },
  "url": "http://hl7.org/fhir/CodeSystem/clm-ip-admsn-type-cd",
  "identifier": {
    "value": "http://hl7.org/fhir/CodeSystem/clm-ip-admsn-type-cd.html"
  },
  "version": "1.1.1",
  "name": "Claim Inpatient Admission Type Code",
  "title": "Claim Inpatient Admission Type Code",
  "status": "active",
  "date": "2018-11-27T15:56:35+00:00",
  "publisher": "CMS Blue Button 2.0 Team",
  "description": "The code indicating the type and priority of an inpatient admission associated with the service on an intermediary submitted claim. Source: https://bluebutton.cms.gov/resources/variables/clm_ip_admsn_type_cd",
  "caseSensitive": true,
  "valueSet": "http://hl7.org/fhir/ValueSet/clm-ip-admsn-type-cd",
  "hierarchyMeaning": "is-a",
  "content": "complete",
  "concept": [
    {
      "code": "0",
      "display": "Unknown Value (but present in data)",
      "definition": "Unknown Value (but present in data)"
    },
    {
      "code": "1",
      "display": "Emergency - The patient required immediate medical intervention as a result of severe, life threatening, or potentially disabling conditions. Generally, the patient was admitted through the emergency room.",
      "definition": "Emergency - The patient required immediate medical intervention as a result of severe, life threatening, or potentially disabling conditions. Generally, the patient was admitted through the emergency room."
    },
    {
      "code": "2",
      "display": "Urgent - The patient required immediate attention for the care and treatment of a physical or mental disorder. Generally, the patient was admitted to the first available and suitable accommodation.",
      "definition": "Urgent - The patient required immediate attention for the care and treatment of a physical or mental disorder. Generally, the patient was admitted to the first available and suitable accommodation."
    },
    {
      "code": "3",
      "display": "Elective - The patient's condition permitted adequate time to schedule the availability of suitable accommodations.",
      "definition": "Elective - The patient's condition permitted adequate time to schedule the availability of suitable accommodations."
    },
    {
      "code": "4",
      "display": "Newborn - Necessitates the use of special source of admission codes.",
      "definition": "Newborn - Necessitates the use of special source of admission codes."
    },
    {
      "code": "5",
      "display": "Trauma Center - visits to a trauma center/hospital as licensed or designated by the State or local government authority authorized to do so, or as verified by the American College of Surgeons and involving a trauma activation.",
      "definition": "Trauma Center - visits to a trauma center/hospital as licensed or designated by the State or local government authority authorized to do so, or as verified by the American College of Surgeons and involving a trauma activation."
    },
    {
      "code": "6",
      "display": "Reserved",
      "definition": "Reserved"
    },
    {
      "code": "7",
      "display": "Reserved",
      "definition": "Reserved"
    },
    {
      "code": "8",
      "display": "Reserved",
      "definition": "Reserved"
    },
    {
      "code": "9",
      "display": "Unknown - Information not available.",
      "definition": "Unknown - Information not available."
    }
  ]
}