{
  "resourceType": "CodeSystem",
  "id": "prvdr-state-cd",
  "text": {
    "status": "generated",
    "div": "<div xmlns=\"http://www.w3.org/1999/xhtml\"><h2>NCH Provider SSA State Code</h2><div><p>The two -digit numeric social security administration (SSA) state code where provider or facility is located. Source: https://bluebutton.cms.gov/resources/variables/prvdr<em>state</em>cd</p>\n</div><p>This code system http://hl7.org/fhir/CodeSystem/prvdr-state-cd defines the following codes:</p><table class=\"codes\"><tr><td><b>Code</b></td><td><b>Display</b></td><td><b>Definition</b></td></tr><tr><td>00<a name=\"prvdr-state-cd-00\"> </a></td><td>Unknown/other</td><td>Unknown/other</td></tr><tr><td>01<a name=\"prvdr-state-cd-01\"> </a></td><td>Alabama</td><td>Alabama</td></tr><tr><td>02<a name=\"prvdr-state-cd-02\"> </a></td><td>Alaska</td><td>Alaska</td></tr><tr><td>03<a name=\"prvdr-state-cd-03\"> </a></td><td>Arizona</td><td>Arizona</td></tr><tr><td>04<a name=\"prvdr-state-cd-04\"> </a></td><td>Arkansas</td><td>Arkansas</td></tr><tr><td>05<a name=\"prvdr-state-cd-05\"> </a></td><td>California</td><td>California</td></tr><tr><td>06<a name=\"prvdr-state-cd-06\"> </a></td><td>Colorado</td><td>Colorado</td></tr><tr><td>07<a name=\"prvdr-state-cd-07\"> </a></td><td>Connecticut</td><td>Connecticut</td></tr><tr><td>08<a name=\"prvdr-state-cd-08\"> </a></td><td>Delaware</td><td>Delaware</td></tr><tr><td>09<a name=\"prvdr-state-cd-09\"> </a></td><td>District of Columbia</td><td>District of Columbia</td></tr><tr><td>10<a name=\"prvdr-state-cd-10\"> </a></td><td>Florida</td><td>Florida</td></tr><tr><td>11<a name=\"prvdr-state-cd-11\"> </a></td><td>Georgia</td><td>Georgia</td></tr><tr><td>12<a name=\"prvdr-state-cd-12\"> </a></td><td>Hawaii</td><td>Hawaii</td></tr><tr><td>13<a name=\"prvdr-state-cd-13\"> </a></td><td>Idaho</td><td>Idaho</td></tr><tr><td>14<a name=\"prvdr-state-cd-14\"> </a></td><td>Illinois</td><td>Illinois</td></tr><tr><td>15<a name=\"prvdr-state-cd-15\"> </a></td><td>Indiana</td><td>Indiana</td></tr><tr><td>16<a name=\"prvdr-state-cd-16\"> </a></td><td>Iowa</td><td>Iowa</td></tr><tr><td>17<a name=\"prvdr-state-cd-17\"> </a></td><td>Kansas</td><td>Kansas</td></tr><tr><td>18<a name=\"prvdr-state-cd-18\"> </a></td><td>Kentucky</td><td>Kentucky</td></tr><tr><td>19<a name=\"prvdr-state-cd-19\"> </a></td><td>Louisiana</td><td>Louisiana</td></tr><tr><td>20<a name=\"prvdr-state-cd-20\"> </a></td><td>Maine</td><td>Maine</td></tr><tr><td>21<a name=\"prvdr-state-cd-21\"> </a></td><td>Maryland</td><td>Maryland</td></tr><tr><td>22<a name=\"prvdr-state-cd-22\"> </a></td><td>Massachusetts</td><td>Massachusetts</td></tr><tr><td>23<a name=\"prvdr-state-cd-23\"> </a></td><td>Michigan</td><td>Michigan</td></tr><tr><td>24<a name=\"prvdr-state-cd-24\"> </a></td><td>Minnesota</td><td>Minnesota</td></tr><tr><td>25<a name=\"prvdr-state-cd-25\"> </a></td><td>Mississippi</td><td>Mississippi</td></tr><tr><td>26<a name=\"prvdr-state-cd-26\"> </a></td><td>Missouri</td><td>Missouri</td></tr><tr><td>27<a name=\"prvdr-state-cd-27\"> </a></td><td>Montana</td><td>Montana</td></tr><tr><td>28<a name=\"prvdr-state-cd-28\"> </a></td><td>Nebraska</td><td>Nebraska</td></tr><tr><td>29<a name=\"prvdr-state-cd-29\"> </a></td><td>Nevada</td><td>Nevada</td></tr><tr><td>30<a name=\"prvdr-state-cd-30\"> </a></td><td>New Hampshire</td><td>New Hampshire</td></tr><tr><td>31<a name=\"prvdr-state-cd-31\"> </a></td><td>New Jersey</td><td>New Jersey</td></tr><tr><td>32<a name=\"prvdr-state-cd-32\"> </a></td><td>New Mexico</td><td>New Mexico</td></tr><tr><td>33<a name=\"prvdr-state-cd-33\"> </a></td><td>New York</td><td>New York</td></tr><tr><td>34<a name=\"prvdr-state-cd-34\"> </a></td><td>North Carolina</td><td>North Carolina</td></tr><tr><td>35<a name=\"prvdr-state-cd-35\"> </a></td><td>North Dakota</td><td>North Dakota</td></tr><tr><td>36<a name=\"prvdr-state-cd-36\"> </a></td><td>Ohio</td><td>Ohio</td></tr><tr><td>37<a name=\"prvdr-state-cd-37\"> </a></td><td>Oklahoma</td><td>Oklahoma</td></tr><tr><td>38<a name=\"prvdr-state-cd-38\"> </a></td><td>Oregon</td><td>Oregon</td></tr><tr><td>39<a name=\"prvdr-state-cd-39\"> </a></td><td>Pennsylvania</td><td>Pennsylvania</td></tr><tr><td>40<a name=\"prvdr-state-cd-40\"> </a></td><td>Puerto Rico</td><td>Puerto Rico</td></tr><tr><td>41<a name=\"prvdr-state-cd-41\"> </a></td><td>Rhode Island</td><td>Rhode Island</td></tr><tr><td>42<a name=\"prvdr-state-cd-42\"> </a></td><td>South Carolina</td><td>South Carolina</td></tr><tr><td>43<a name=\"prvdr-state-cd-43\"> </a></td><td>South Dakota</td><td>South Dakota</td></tr><tr><td>44<a name=\"prvdr-state-cd-44\"> </a></td><td>Tennessee</td><td>Tennessee</td></tr><tr><td>45<a name=\"prvdr-state-cd-45\"> </a></td><td>Texas</td><td>Texas</td></tr><tr><td>46<a name=\"prvdr-state-cd-46\"> </a></td><td>Utah</td><td>Utah</td></tr><tr><td>47<a name=\"prvdr-state-cd-47\"> </a></td><td>Vermont</td><td>Vermont</td></tr><tr><td>48<a name=\"prvdr-state-cd-48\"> </a></td><td>Virgin Islands</td><td>Virgin Islands</td></tr><tr><td>49<a name=\"prvdr-state-cd-49\"> </a></td><td>Virginia</td><td>Virginia</td></tr><tr><td>50<a name=\"prvdr-state-cd-50\"> </a></td><td>Washington</td><td>Washington</td></tr><tr><td>51<a name=\"prvdr-state-cd-51\"> </a></td><td>West Virginia</td><td>West Virginia</td></tr><tr><td>52<a name=\"prvdr-state-cd-52\"> </a></td><td>Wisconsin</td><td>Wisconsin</td></tr><tr><td>53<a name=\"prvdr-state-cd-53\"> </a></td><td>Wyoming</td><td>Wyoming</td></tr><tr><td>54<a name=\"prvdr-state-cd-54\"> </a></td><td>Africa</td><td>Africa</td></tr><tr><td>55<a name=\"prvdr-state-cd-55\"> </a></td><td>California</td><td>California</td></tr><tr><td>56<a name=\"prvdr-state-cd-56\"> </a></td><td>Canada &amp; Islands</td><td>Canada &amp; Islands</td></tr><tr><td>57<a name=\"prvdr-state-cd-57\"> </a></td><td>Central America and West Indies</td><td>Central America and West Indies</td></tr><tr><td>58<a name=\"prvdr-state-cd-58\"> </a></td><td>Europe</td><td>Europe</td></tr><tr><td>59<a name=\"prvdr-state-cd-59\"> </a></td><td>Mexico</td><td>Mexico</td></tr><tr><td>60<a name=\"prvdr-state-cd-60\"> </a></td><td>Oceania</td><td>Oceania</td></tr><tr><td>61<a name=\"prvdr-state-cd-61\"> </a></td><td>Philippines</td><td>Philippines</td></tr><tr><td>62<a name=\"prvdr-state-cd-62\"> </a></td><td>South America</td><td>South America</td></tr><tr><td>63<a name=\"prvdr-state-cd-63\"> </a></td><td>U.S. Possessions</td><td>U.S. Possessions</td></tr><tr><td>64<a name=\"prvdr-state-cd-64\"> </a></td><td>American Samoa</td><td>American Samoa</td></tr><tr><td>65<a name=\"prvdr-state-cd-65\"> </a></td><td>Guam</td><td>Guam</td></tr><tr><td>66<a name=\"prvdr-state-cd-66\"> </a></td><td>Commonwealth of the Northern Marianas Islands</td><td>Commonwealth of the Northern Marianas Islands</td></tr><tr><td>67<a name=\"prvdr-state-cd-67\"> </a></td><td>Texas</td><td>Texas</td></tr><tr><td>68<a name=\"prvdr-state-cd-68\"> </a></td><td>Florida (eff. 10/2005)</td><td>Florida (eff. 10/2005)</td></tr><tr><td>69<a name=\"prvdr-state-cd-69\"> </a></td><td>Florida (eff. 10/2005)</td><td>Florida (eff. 10/2005)</td></tr><tr><td>70<a name=\"prvdr-state-cd-70\"> </a></td><td>Kansas (eff. 10/2005)</td><td>Kansas (eff. 10/2005)</td></tr><tr><td>71<a name=\"prvdr-state-cd-71\"> </a></td><td>Louisiana (eff. 10/2005)</td><td>Louisiana (eff. 10/2005)</td></tr><tr><td>72<a name=\"prvdr-state-cd-72\"> </a></td><td>Ohio (eff. 10/2005)</td><td>Ohio (eff. 10/2005)</td></tr><tr><td>73<a name=\"prvdr-state-cd-73\"> </a></td><td>Pennsylvania (eff. 10/2005)</td><td>Pennsylvania (eff. 10/2005)</td></tr><tr><td>74<a name=\"prvdr-state-cd-74\"> </a></td><td>Texas (eff. 10/2005)</td><td>Texas (eff. 10/2005)</td></tr><tr><td>80<a name=\"prvdr-state-cd-80\"> </a></td><td>Maryland (eff. 8/2000)</td><td>Maryland (eff. 8/2000)</td></tr><tr><td>97<a name=\"prvdr-state-cd-97\"> </a></td><td>Northern Marianas</td><td>Northern Marianas</td></tr><tr><td>98<a name=\"prvdr-state-cd-98\"> </a></td><td>Guam</td><td>Guam</td></tr><tr><td>99<a name=\"prvdr-state-cd-99\"> </a></td><td>With 000 county code is American Samoa; otherwise unknown</td><td>With 000 county code is American Samoa; otherwise unknown</td></tr></table></div>"
  },
  "url": "http://hl7.org/fhir/CodeSystem/prvdr-state-cd",
  "identifier": {
    "value": "http://hl7.org/fhir/CodeSystem/prvdr-state-cd.html"
  },
  "version": "1.1.1",
  "name": "NCH Provider SSA State Code",
  "title": "NCH Provider SSA State Code",
  "status": "active",
  "date": "2018-11-27T15:56:35+00:00",
  "publisher": "CMS Blue Button 2.0 Team",
  "description": "The two -digit numeric social security administration (SSA) state code where provider or facility is located. Source: https://bluebutton.cms.gov/resources/variables/prvdr_state_cd",
  "caseSensitive": true,
  "valueSet": "http://hl7.org/fhir/ValueSet/prvdr-state-cd",
  "hierarchyMeaning": "is-a",
  "content": "complete",
  "concept": [
    {
      "code": "00",
      "display": "Unknown/other",
      "definition": "Unknown/other"
    },
    {
      "code": "01",
      "display": "Alabama",
      "definition": "Alabama"
    },
    {
      "code": "02",
      "display": "Alaska",
      "definition": "Alaska"
    },
    {
      "code": "03",
      "display": "Arizona",
      "definition": "Arizona"
    },
    {
      "code": "04",
      "display": "Arkansas",
      "definition": "Arkansas"
    },
    {
      "code": "05",
      "display": "California",
      "definition": "California"
    },
    {
      "code": "06",
      "display": "Colorado",
      "definition": "Colorado"
    },
    {
      "code": "07",
      "display": "Connecticut",
      "definition": "Connecticut"
    },
    {
      "code": "08",
      "display": "Delaware",
      "definition": "Delaware"
    },
    {
      "code": "09",
      "display": "District of Columbia",
      "definition": "District of Columbia"
    },
    {
      "code": "10",
      "display": "Florida",
      "definition": "Florida"
    },
    {
      "code": "11",
      "display": "Georgia",
      "definition": "Georgia"
    },
    {
      "code": "12",
      "display": "Hawaii",
      "definition": "Hawaii"
    },
    {
      "code": "13",
      "display": "Idaho",
      "definition": "Idaho"
    },
    {
      "code": "14",
      "display": "Illinois",
      "definition": "Illinois"
    },
    {
      "code": "15",
      "display": "Indiana",
      "definition": "Indiana"
    },
    {
      "code": "16",
      "display": "Iowa",
      "definition": "Iowa"
    },
    {
      "code": "17",
      "display": "Kansas",
      "definition": "Kansas"
    },
    {
      "code": "18",
      "display": "Kentucky",
      "definition": "Kentucky"
    },
    {
      "code": "19",
      "display": "Louisiana",
      "definition": "Louisiana"
    },
    {
      "code": "20",
      "display": "Maine",
      "definition": "Maine"
    },
    {
      "code": "21",
      "display": "Maryland",
      "definition": "Maryland"
    },
    {
      "code": "22",
      "display": "Massachusetts",
      "definition": "Massachusetts"
    },
    {
      "code": "23",
      "display": "Michigan",
      "definition": "Michigan"
    },
    {
      "code": "24",
      "display": "Minnesota",
      "definition": "Minnesota"
    },
    {
      "code": "25",
      "display": "Mississippi",
      "definition": "Mississippi"
    },
    {
      "code": "26",
      "display": "Missouri",
      "definition": "Missouri"
    },
    {
      "code": "27",
      "display": "Montana",
      "definition": "Montana"
    },
    {
      "code": "28",
      "display": "Nebraska",
      "definition": "Nebraska"
    },
    {
      "code": "29",
      "display": "Nevada",
      "definition": "Nevada"
    },
    {
      "code": "30",
      "display": "New Hampshire",
      "definition": "New Hampshire"
    },
    {
      "code": "31",
      "display": "New Jersey",
      "definition": "New Jersey"
    },
    {
      "code": "32",
      "display": "New Mexico",
      "definition": "New Mexico"
    },
    {
      "code": "33",
      "display": "New York",
      "definition": "New York"
    },
    {
      "code": "34",
      "display": "North Carolina",
      "definition": "North Carolina"
    },
    {
      "code": "35",
      "display": "North Dakota",
      "definition": "North Dakota"
    },
    {
      "code": "36",
      "display": "Ohio",
      "definition": "Ohio"
    },
    {
      "code": "37",
      "display": "Oklahoma",
      "definition": "Oklahoma"
    },
    {
      "code": "38",
      "display": "Oregon",
      "definition": "Oregon"
    },
    {
      "code": "39",
      "display": "Pennsylvania",
      "definition": "Pennsylvania"
    },
    {
      "code": "40",
      "display": "Puerto Rico",
      "definition": "Puerto Rico"
    },
    {
      "code": "41",
      "display": "Rhode Island",
      "definition": "Rhode Island"
    },
    {
      "code": "42",
      "display": "South Carolina",
      "definition": "South Carolina"
    },
    {
      "code": "43",
      "display": "South Dakota",
      "definition": "South Dakota"
    },
    {
      "code": "44",
      "display": "Tennessee",
      "definition": "Tennessee"
    },
    {
      "code": "45",
      "display": "Texas",
      "definition": "Texas"
    },
    {
      "code": "46",
      "display": "Utah",
      "definition": "Utah"
    },
    {
      "code": "47",
      "display": "Vermont",
      "definition": "Vermont"
    },
    {
      "code": "48",
      "display": "Virgin Islands",
      "definition": "Virgin Islands"
    },
    {
      "code": "49",
      "display": "Virginia",
      "definition": "Virginia"
    },
    {
      "code": "50",
      "display": "Washington",
      "definition": "Washington"
    },
    {
      "code": "51",
      "display": "West Virginia",
      "definition": "West Virginia"
    },
    {
      "code": "52",
      "display": "Wisconsin",
      "definition": "Wisconsin"
    },
    {
      "code": "53",
      "display": "Wyoming",
      "definition": "Wyoming"
    },
    {
      "code": "54",
      "display": "Africa",
      "definition": "Africa"
    },
    {
      "code": "55",
      "display": "California",
      "definition": "California"
    },
    {
      "code": "56",
      "display": "Canada & Islands",
      "definition": "Canada & Islands"
    },
    {
      "code": "57",
      "display": "Central America and West Indies",
      "definition": "Central America and West Indies"
    },
    {
      "code": "58",
      "display": "Europe",
      "definition": "Europe"
    },
    {
      "code": "59",
      "display": "Mexico",
      "definition": "Mexico"
    },
    {
      "code": "60",
      "display": "Oceania",
      "definition": "Oceania"
    },
    {
      "code": "61",
      "display": "Philippines",
      "definition": "Philippines"
    },
    {
      "code": "62",
      "display": "South America",
      "definition": "South America"
    },
    {
      "code": "63",
      "display": "U.S. Possessions",
      "definition": "U.S. Possessions"
    },
    {
      "code": "64",
      "display": "American Samoa",
      "definition": "American Samoa"
    },
    {
      "code": "65",
      "display": "Guam",
      "definition": "Guam"
    },
    {
      "code": "66",
      "display": "Commonwealth of the Northern Marianas Islands",
      "definition": "Commonwealth of the Northern Marianas Islands"
    },
    {
      "code": "67",
      "display": "Texas",
      "definition": "Texas"
    },
    {
      "code": "68",
      "display": "Florida (eff. 10/2005)",
      "definition": "Florida (eff. 10/2005)"
    },
    {
      "code": "69",
      "display": "Florida (eff. 10/2005)",
      "definition": "Florida (eff. 10/2005)"
    },
    {
      "code": "70",
      "display": "Kansas (eff. 10/2005)",
      "definition": "Kansas (eff. 10/2005)"
    },
    {
      "code": "71",
      "display": "Louisiana (eff. 10/2005)",
      "definition": "Louisiana (eff. 10/2005)"
    },
    {
      "code": "72",
      "display": "Ohio (eff. 10/2005)",
      "definition": "Ohio (eff. 10/2005)"
    },
    {
      "code": "73",
      "display": "Pennsylvania (eff. 10/2005)",
      "definition": "Pennsylvania (eff. 10/2005)"
    },
    {
      "code": "74",
      "display": "Texas (eff. 10/2005)",
      "definition": "Texas (eff. 10/2005)"
    },
    {
      "code": "80",
      "display": "Maryland (eff. 8/2000)",
      "definition": "Maryland (eff. 8/2000)"
    },
    {
      "code": "97",
      "display": "Northern Marianas",
      "definition": "Northern Marianas"
    },
    {
      "code": "98",
      "display": "Guam",
      "definition": "Guam"
    },
    {
      "code": "99",
      "display": "With 000 county code is American Samoa; otherwise unknown",
      "definition": "With 000 county code is American Samoa; otherwise unknown"
    }
  ]
}