{
  "resourceType": "CodeSystem",
  "id": "clm-src-ip-admsn-cd",
  "text": {
    "status": "generated",
    "div": "<div xmlns=\"http://www.w3.org/1999/xhtml\"><h2>Claim Source Inpatient Admission Code</h2><div><p>The code indicating the source of the referral for the admission or visit. Source: https://bluebutton.cms.gov/resources/variables/clm<em>src</em>ip<em>admsn</em>cd</p>\n</div><p>This code system http://hl7.org/fhir/CodeSystem/clm-src-ip-admsn-cd defines the following codes:</p><table class=\"codes\"><tr><td><b>Code</b></td><td><b>Display</b></td><td><b>Definition</b></td></tr><tr><td>0<a name=\"clm-src-ip-admsn-cd-0\"> </a></td><td>ANOMALY: invalid value, if present, translate to '9'</td><td>ANOMALY: invalid value, if present, translate to '9'</td></tr><tr><td>1<a name=\"clm-src-ip-admsn-cd-1\"> </a></td><td>Non-Health Care Facility Point of Origin (Physician Referral) – The patient was admitted to this facility upon an order of a physician.</td><td>Non-Health Care Facility Point of Origin (Physician Referral) – The patient was admitted to this facility upon an order of a physician.</td></tr><tr><td>2<a name=\"clm-src-ip-admsn-cd-2\"> </a></td><td>Clinic referral – The patient was admitted upon the recommendation of this facility's clinic physician.</td><td>Clinic referral – The patient was admitted upon the recommendation of this facility's clinic physician.</td></tr><tr><td>3<a name=\"clm-src-ip-admsn-cd-3\"> </a></td><td>HMO referral - Reserved for national Prior to 3/08, HMO referral – The patient was admitted upon the recommendation of an health maintenance organization (HMO) physician.</td><td>HMO referral - Reserved for national Prior to 3/08, HMO referral – The patient was admitted upon the recommendation of an health maintenance organization (HMO) physician.</td></tr><tr><td>4<a name=\"clm-src-ip-admsn-cd-4\"> </a></td><td>Transfer from hospital (Different Facility) – The patient was admitted to this facility as a hospital transfer from an acute care facility where he or she was an inpatient.</td><td>Transfer from hospital (Different Facility) – The patient was admitted to this facility as a hospital transfer from an acute care facility where he or she was an inpatient.</td></tr><tr><td>5<a name=\"clm-src-ip-admsn-cd-5\"> </a></td><td>Transfer from a skilled nursing facility (SNF) or Intermediate Care Facility (ICF) – The patient was admitted to this facility as a transfer from a SNF or ICF where he or she was a resident.</td><td>Transfer from a skilled nursing facility (SNF) or Intermediate Care Facility (ICF) – The patient was admitted to this facility as a transfer from a SNF or ICF where he or she was a resident.</td></tr><tr><td>6<a name=\"clm-src-ip-admsn-cd-6\"> </a></td><td>Transfer from another health care facility – The patient was admitted to this facility as a transfer from another type of health care facility not defined elsewhere in this code list where he or she was an inpatient.</td><td>Transfer from another health care facility – The patient was admitted to this facility as a transfer from another type of health care facility not defined elsewhere in this code list where he or she was an inpatient.</td></tr><tr><td>7<a name=\"clm-src-ip-admsn-cd-7\"> </a></td><td>Emergency room – The patient was admitted to this facility after receiving services in this facility's emergency room department (CMS discontinued this code 07/2010, although a small number of claims with this code appear after that time).</td><td>Emergency room – The patient was admitted to this facility after receiving services in this facility's emergency room department (CMS discontinued this code 07/2010, although a small number of claims with this code appear after that time).</td></tr><tr><td>8<a name=\"clm-src-ip-admsn-cd-8\"> </a></td><td>Court/law enforcement – The patient was admitted upon the direction of a court of law or upon the request of a law enforcement agency's representative.</td><td>Court/law enforcement – The patient was admitted upon the direction of a court of law or upon the request of a law enforcement agency's representative.</td></tr><tr><td>9<a name=\"clm-src-ip-admsn-cd-9\"> </a></td><td>Information not available – The means by which the patient was admitted is not known.</td><td>Information not available – The means by which the patient was admitted is not known.</td></tr><tr><td>A<a name=\"clm-src-ip-admsn-cd-A\"> </a></td><td>Reserved for National Assignment. (eff. 3/08) Prior to 3/08 defined as: Transfer from a Critical Access Hospital - patient was admitted/referred to this facility as a transfer from a Critical Access Hospital.</td><td>Reserved for National Assignment. (eff. 3/08) Prior to 3/08 defined as: Transfer from a Critical Access Hospital - patient was admitted/referred to this facility as a transfer from a Critical Access Hospital.</td></tr><tr><td>B<a name=\"clm-src-ip-admsn-cd-B\"> </a></td><td>Transfer from Another Home Health Agency – The patient was admitted to this home health agency as a transfer from another home health agency. (Discontinued July 1, 2010- See Condition Code 47)</td><td>Transfer from Another Home Health Agency – The patient was admitted to this home health agency as a transfer from another home health agency. (Discontinued July 1, 2010- See Condition Code 47)</td></tr><tr><td>C<a name=\"clm-src-ip-admsn-cd-C\"> </a></td><td>Readmission to Same Home Health Agency – The patient was readmitted to this home health agency within the same home health episode period. (Discontinued July 1, 2010)</td><td>Readmission to Same Home Health Agency – The patient was readmitted to this home health agency within the same home health episode period. (Discontinued July 1, 2010)</td></tr><tr><td>D<a name=\"clm-src-ip-admsn-cd-D\"> </a></td><td>Transfer from hospital inpatient in the same facility resulting in a separate claim to the payer – The patient was admitted to this facility as a transfer from hospital inpatient within this facility resulting in a separate claim to the payer.</td><td>Transfer from hospital inpatient in the same facility resulting in a separate claim to the payer – The patient was admitted to this facility as a transfer from hospital inpatient within this facility resulting in a separate claim to the payer.</td></tr><tr><td>E<a name=\"clm-src-ip-admsn-cd-E\"> </a></td><td>Transfer from Ambulatory Surgical Center</td><td>Transfer from Ambulatory Surgical Center</td></tr><tr><td>F<a name=\"clm-src-ip-admsn-cd-F\"> </a></td><td>Transfer from hospice and is under a hospice plan of care or enrolled in hospice program For Newborn Type of Admission</td><td>Transfer from hospice and is under a hospice plan of care or enrolled in hospice program For Newborn Type of Admission</td></tr><tr><td>1<a name=\"clm-src-ip-admsn-cd-1\"> </a></td><td>Normal delivery – A baby delivered without complications.</td><td>Normal delivery – A baby delivered without complications.</td></tr><tr><td>2<a name=\"clm-src-ip-admsn-cd-2\"> </a></td><td>Premature delivery – A baby delivered with time and/or weight factors qualifying it for premature status.</td><td>Premature delivery – A baby delivered with time and/or weight factors qualifying it for premature status.</td></tr><tr><td>3<a name=\"clm-src-ip-admsn-cd-3\"> </a></td><td>Sick baby – A baby delivered with medical complications, other than those relating to premature status.</td><td>Sick baby – A baby delivered with medical complications, other than those relating to premature status.</td></tr><tr><td>4<a name=\"clm-src-ip-admsn-cd-4\"> </a></td><td>Extramural birth – A baby delivered in a nonsterile environment.</td><td>Extramural birth – A baby delivered in a nonsterile environment.</td></tr><tr><td>5<a name=\"clm-src-ip-admsn-cd-5\"> </a></td><td>Reserved for national assignment.</td><td>Reserved for national assignment.</td></tr><tr><td>6<a name=\"clm-src-ip-admsn-cd-6\"> </a></td><td>Reserved for national assignment.</td><td>Reserved for national assignment.</td></tr><tr><td>7<a name=\"clm-src-ip-admsn-cd-7\"> </a></td><td>Reserved for national assignment.</td><td>Reserved for national assignment.</td></tr><tr><td>8<a name=\"clm-src-ip-admsn-cd-8\"> </a></td><td>Reserved for national assignment.</td><td>Reserved for national assignment.</td></tr><tr><td>9<a name=\"clm-src-ip-admsn-cd-9\"> </a></td><td>Information not available.</td><td>Information not available.</td></tr></table></div>"
  },
  "url": "http://hl7.org/fhir/CodeSystem/clm-src-ip-admsn-cd",
  "identifier": {
    "value": "http://hl7.org/fhir/CodeSystem/clm-src-ip-admsn-cd.html"
  },
  "version": "1.1.1",
  "name": "Claim Source Inpatient Admission Code",
  "title": "Claim Source Inpatient Admission Code",
  "status": "active",
  "date": "2018-11-27T15:56:35+00:00",
  "publisher": "CMS Blue Button 2.0 Team",
  "description": "The code indicating the source of the referral for the admission or visit. Source: https://bluebutton.cms.gov/resources/variables/clm_src_ip_admsn_cd",
  "caseSensitive": true,
  "valueSet": "http://hl7.org/fhir/ValueSet/clm-src-ip-admsn-cd",
  "hierarchyMeaning": "is-a",
  "content": "complete",
  "concept": [
    {
      "code": "0",
      "display": "ANOMALY: invalid value, if present, translate to '9'",
      "definition": "ANOMALY: invalid value, if present, translate to '9'"
    },
    {
      "code": "1",
      "display": "Non-Health Care Facility Point of Origin (Physician Referral) – The patient was admitted to this facility upon an order of a physician.",
      "definition": "Non-Health Care Facility Point of Origin (Physician Referral) – The patient was admitted to this facility upon an order of a physician."
    },
    {
      "code": "2",
      "display": "Clinic referral – The patient was admitted upon the recommendation of this facility's clinic physician.",
      "definition": "Clinic referral – The patient was admitted upon the recommendation of this facility's clinic physician."
    },
    {
      "code": "3",
      "display": "HMO referral - Reserved for national Prior to 3/08, HMO referral – The patient was admitted upon the recommendation of an health maintenance organization (HMO) physician.",
      "definition": "HMO referral - Reserved for national Prior to 3/08, HMO referral – The patient was admitted upon the recommendation of an health maintenance organization (HMO) physician."
    },
    {
      "code": "4",
      "display": "Transfer from hospital (Different Facility) – The patient was admitted to this facility as a hospital transfer from an acute care facility where he or she was an inpatient.",
      "definition": "Transfer from hospital (Different Facility) – The patient was admitted to this facility as a hospital transfer from an acute care facility where he or she was an inpatient."
    },
    {
      "code": "5",
      "display": "Transfer from a skilled nursing facility (SNF) or Intermediate Care Facility (ICF) – The patient was admitted to this facility as a transfer from a SNF or ICF where he or she was a resident.",
      "definition": "Transfer from a skilled nursing facility (SNF) or Intermediate Care Facility (ICF) – The patient was admitted to this facility as a transfer from a SNF or ICF where he or she was a resident."
    },
    {
      "code": "6",
      "display": "Transfer from another health care facility – The patient was admitted to this facility as a transfer from another type of health care facility not defined elsewhere in this code list where he or she was an inpatient.",
      "definition": "Transfer from another health care facility – The patient was admitted to this facility as a transfer from another type of health care facility not defined elsewhere in this code list where he or she was an inpatient."
    },
    {
      "code": "7",
      "display": "Emergency room – The patient was admitted to this facility after receiving services in this facility's emergency room department (CMS discontinued this code 07/2010, although a small number of claims with this code appear after that time).",
      "definition": "Emergency room – The patient was admitted to this facility after receiving services in this facility's emergency room department (CMS discontinued this code 07/2010, although a small number of claims with this code appear after that time)."
    },
    {
      "code": "8",
      "display": "Court/law enforcement – The patient was admitted upon the direction of a court of law or upon the request of a law enforcement agency's representative.",
      "definition": "Court/law enforcement – The patient was admitted upon the direction of a court of law or upon the request of a law enforcement agency's representative."
    },
    {
      "code": "9",
      "display": "Information not available – The means by which the patient was admitted is not known.",
      "definition": "Information not available – The means by which the patient was admitted is not known."
    },
    {
      "code": "A",
      "display": "Reserved for National Assignment. (eff. 3/08) Prior to 3/08 defined as: Transfer from a Critical Access Hospital - patient was admitted/referred to this facility as a transfer from a Critical Access Hospital.",
      "definition": "Reserved for National Assignment. (eff. 3/08) Prior to 3/08 defined as: Transfer from a Critical Access Hospital - patient was admitted/referred to this facility as a transfer from a Critical Access Hospital."
    },
    {
      "code": "B",
      "display": "Transfer from Another Home Health Agency – The patient was admitted to this home health agency as a transfer from another home health agency. (Discontinued July 1, 2010- See Condition Code 47)",
      "definition": "Transfer from Another Home Health Agency – The patient was admitted to this home health agency as a transfer from another home health agency. (Discontinued July 1, 2010- See Condition Code 47)"
    },
    {
      "code": "C",
      "display": "Readmission to Same Home Health Agency – The patient was readmitted to this home health agency within the same home health episode period. (Discontinued July 1, 2010)",
      "definition": "Readmission to Same Home Health Agency – The patient was readmitted to this home health agency within the same home health episode period. (Discontinued July 1, 2010)"
    },
    {
      "code": "D",
      "display": "Transfer from hospital inpatient in the same facility resulting in a separate claim to the payer – The patient was admitted to this facility as a transfer from hospital inpatient within this facility resulting in a separate claim to the payer.",
      "definition": "Transfer from hospital inpatient in the same facility resulting in a separate claim to the payer – The patient was admitted to this facility as a transfer from hospital inpatient within this facility resulting in a separate claim to the payer."
    },
    {
      "code": "E",
      "display": "Transfer from Ambulatory Surgical Center",
      "definition": "Transfer from Ambulatory Surgical Center"
    },
    {
      "code": "F",
      "display": "Transfer from hospice and is under a hospice plan of care or enrolled in hospice program For Newborn Type of Admission",
      "definition": "Transfer from hospice and is under a hospice plan of care or enrolled in hospice program For Newborn Type of Admission"
    },
    {
      "code": "1",
      "display": "Normal delivery – A baby delivered without complications.",
      "definition": "Normal delivery – A baby delivered without complications."
    },
    {
      "code": "2",
      "display": "Premature delivery – A baby delivered with time and/or weight factors qualifying it for premature status.",
      "definition": "Premature delivery – A baby delivered with time and/or weight factors qualifying it for premature status."
    },
    {
      "code": "3",
      "display": "Sick baby – A baby delivered with medical complications, other than those relating to premature status.",
      "definition": "Sick baby – A baby delivered with medical complications, other than those relating to premature status."
    },
    {
      "code": "4",
      "display": "Extramural birth – A baby delivered in a nonsterile environment.",
      "definition": "Extramural birth – A baby delivered in a nonsterile environment."
    },
    {
      "code": "5",
      "display": "Reserved for national assignment.",
      "definition": "Reserved for national assignment."
    },
    {
      "code": "6",
      "display": "Reserved for national assignment.",
      "definition": "Reserved for national assignment."
    },
    {
      "code": "7",
      "display": "Reserved for national assignment.",
      "definition": "Reserved for national assignment."
    },
    {
      "code": "8",
      "display": "Reserved for national assignment.",
      "definition": "Reserved for national assignment."
    },
    {
      "code": "9",
      "display": "Information not available.",
      "definition": "Information not available."
    }
  ]
}