{
  "resourceType": "CodeSystem",
  "id": "dspnsng-stus-cd",
  "text": {
    "status": "generated",
    "div": "<div xmlns=\"http://www.w3.org/1999/xhtml\"><h2>Dispensing Status Code</h2><div><p>This field indicates how the pharmacy dispensed the complete quantity of the prescription. When the pharmacy partially fills a prescription, this field indicates a partial fill. When the full quantity is dispensed at one time, this field is blank. Source: https://bluebutton.cms.gov/resources/variables/dspnsng<em>stus</em>cd</p>\n</div><p>This code system http://hl7.org/fhir/CodeSystem/dspnsng-stus-cd defines the following codes:</p><table class=\"codes\"><tr><td><b>Code</b></td><td><b>Display</b></td><td><b>Definition</b></td></tr><tr><td>Blank<a name=\"dspnsng-stus-cd-Blank\"> </a></td><td>Not specified or presumably full quantity of prescription</td><td>Not specified or presumably full quantity of prescription</td></tr><tr><td>P<a name=\"dspnsng-stus-cd-P\"> </a></td><td>Partial fill</td><td>Partial fill</td></tr><tr><td>C<a name=\"dspnsng-stus-cd-C\"> </a></td><td>Completion of partial fill</td><td>Completion of partial fill</td></tr></table></div>"
  },
  "url": "http://hl7.org/fhir/CodeSystem/dspnsng-stus-cd",
  "identifier": {
    "value": "http://hl7.org/fhir/CodeSystem/dspnsng-stus-cd"
  },
  "version": "1.1.0",
  "name": "Dispensing Status Code",
  "title": "Dispensing Status Code",
  "status": "active",
  "date": "2018-05-07T14:45:05+00:00",
  "description": "This field indicates how the pharmacy dispensed the complete quantity of the prescription. When the pharmacy partially fills a prescription, this field indicates a partial fill. When the full quantity is dispensed at one time, this field is blank. Source: https://bluebutton.cms.gov/resources/variables/dspnsng_stus_cd",
  "caseSensitive": true,
  "valueSet": "http://hl7.org/fhir/ValueSet/dspnsng-stus-cd",
  "hierarchyMeaning": "is-a",
  "content": "complete",
  "concept": [
    {
      "code": "Blank",
      "display": "Not specified or presumably full quantity of prescription",
      "definition": "Not specified or presumably full quantity of prescription"
    },
    {
      "code": "P",
      "display": "Partial fill",
      "definition": "Partial fill"
    },
    {
      "code": "C",
      "display": "Completion of partial fill",
      "definition": "Completion of partial fill"
    }
  ]
}