{
  "resourceType": "CodeSystem",
  "id": "clm-mco-pd-sw",
  "text": {
    "status": "generated",
    "div": "<div xmlns=\"http://www.w3.org/1999/xhtml\"><h2>Claim MCO Paid Switch</h2><div><p>A switch indicating whether or not a Managed Care Organization (MCO) has paid the provider for an institutional claim. Source: https://bluebutton.cms.gov/resources/variables/clm<em>mco</em>pd_sw</p>\n</div><p>This code system http://hl7.org/fhir/CodeSystem/clm-mco-pd-sw defines the following codes:</p><table class=\"codes\"><tr><td><b>Code</b></td><td><b>Display</b></td><td><b>Definition</b></td></tr><tr><td>Blank<a name=\"clm-mco-pd-sw-Blank\"> </a></td><td>No managed care organization (MCO) payment</td><td>No managed care organization (MCO) payment</td></tr><tr><td>0<a name=\"clm-mco-pd-sw-0\"> </a></td><td>No managed care organization (MCO) payment</td><td>No managed care organization (MCO) payment</td></tr><tr><td>1<a name=\"clm-mco-pd-sw-1\"> </a></td><td>MCO paid provider for the claim</td><td>MCO paid provider for the claim</td></tr></table></div>"
  },
  "url": "http://hl7.org/fhir/CodeSystem/clm-mco-pd-sw",
  "identifier": {
    "value": "http://hl7.org/fhir/CodeSystem/clm-mco-pd-sw.html"
  },
  "version": "1.1.1",
  "name": "Claim MCO Paid Switch",
  "title": "Claim MCO Paid Switch",
  "status": "active",
  "date": "2018-11-27T15:56:35+00:00",
  "publisher": "CMS Blue Button 2.0 Team",
  "description": "A switch indicating whether or not a Managed Care Organization (MCO) has paid the provider for an institutional claim. Source: https://bluebutton.cms.gov/resources/variables/clm_mco_pd_sw",
  "caseSensitive": true,
  "valueSet": "http://hl7.org/fhir/ValueSet/clm-mco-pd-sw",
  "hierarchyMeaning": "is-a",
  "content": "complete",
  "concept": [
    {
      "code": "Blank",
      "display": "No managed care organization (MCO) payment",
      "definition": "No managed care organization (MCO) payment"
    },
    {
      "code": "0",
      "display": "No managed care organization (MCO) payment",
      "definition": "No managed care organization (MCO) payment"
    },
    {
      "code": "1",
      "display": "MCO paid provider for the claim",
      "definition": "MCO paid provider for the claim"
    }
  ]
}