{
  "resourceType": "CodeSystem",
  "id": "prcng-excptn-cd",
  "text": {
    "status": "generated",
    "div": "<div xmlns=\"http://www.w3.org/1999/xhtml\"><h2>Pricing Exception Code</h2><div><p>This variable indicates if the PDE was processed by the Part D plan using pricing rules that differ from the plan's negotiated price. Most PDEs have missing values, indicating that they were obtained from in-network pharmacies. Source: https://bluebutton.cms.gov/resources/variables/prcng<em>excptn</em>cd</p>\n</div><p>This code system http://hl7.org/fhir/CodeSystem/prcng-excptn-cd defines the following codes:</p><table class=\"codes\"><tr><td><b>Code</b></td><td><b>Display</b></td><td><b>Definition</b></td></tr><tr><td>M<a name=\"prcng-excptn-cd-M\"> </a></td><td>Medicare is a secondary payer (MSP)</td><td>Medicare is a secondary payer (MSP)</td></tr><tr><td>O<a name=\"prcng-excptn-cd-O\"> </a></td><td>Out of network pharmacy</td><td>Out of network pharmacy</td></tr><tr><td>Blank<a name=\"prcng-excptn-cd-Blank\"> </a></td><td>In-network pharmacy</td><td>In-network pharmacy</td></tr></table></div>"
  },
  "url": "http://hl7.org/fhir/CodeSystem/prcng-excptn-cd",
  "identifier": {
    "value": "http://hl7.org/fhir/CodeSystem/prcng-excptn-cd"
  },
  "version": "1.1.0",
  "name": "Pricing Exception Code",
  "title": "Pricing Exception Code",
  "status": "active",
  "date": "2018-05-31T14:39:32+00:00",
  "description": "This variable indicates if the PDE was processed by the Part D plan using pricing rules that differ from the plan's negotiated price. Most PDEs have missing values, indicating that they were obtained from in-network pharmacies. Source: https://bluebutton.cms.gov/resources/variables/prcng_excptn_cd",
  "caseSensitive": true,
  "valueSet": "http://hl7.org/fhir/ValueSet/prcng-excptn-cd",
  "hierarchyMeaning": "is-a",
  "content": "complete",
  "concept": [
    {
      "code": "M",
      "display": "Medicare is a secondary payer (MSP)",
      "definition": "Medicare is a secondary payer (MSP)"
    },
    {
      "code": "O",
      "display": "Out of network pharmacy",
      "definition": "Out of network pharmacy"
    },
    {
      "code": "Blank",
      "display": "In-network pharmacy",
      "definition": "In-network pharmacy"
    }
  ]
}