{
  "resourceType": "ImplementationGuide",
  "id": "ig",
  "text": {
    "status": "generated",
    "div": "<div xmlns=\"http://www.w3.org/1999/xhtml\"><h2>Blue Button 2.0</h2><p>The official URL for this implementation guide is: </p><pre>http://hl7.org/fhir/ImplementationGuide/ig</pre></div>"
  },
  "url": "http://hl7.org/fhir/ImplementationGuide/ig",
  "name": "Blue Button 2.0",
  "status": "draft",
  "experimental": true,
  "package": [
    {
      "name": "base",
      "resource": [
        {
          "example": false,
          "sourceReference": {
            "reference": "StructureDefinition/bluebutton-profile-pde-claim"
          }
        },
        {
          "example": false,
          "sourceReference": {
            "reference": "StructureDefinition/bluebutton-profile-carrier-claim"
          }
        },
        {
          "example": false,
          "sourceReference": {
            "reference": "StructureDefinition/bluebutton-profile-inpatient-claim"
          }
        },
        {
          "example": false,
          "sourceReference": {
            "reference": "StructureDefinition/bluebutton-profile-outpatient-claim"
          }
        },
        {
          "example": false,
          "sourceReference": {
            "reference": "StructureDefinition/bluebutton-profile-snf-claim"
          }
        },
        {
          "example": false,
          "sourceReference": {
            "reference": "StructureDefinition/bluebutton-profile-patient-claim"
          }
        },
        {
          "example": false,
          "sourceReference": {
            "reference": "StructureDefinition/bluebutton-profile-dme-claim"
          }
        },
        {
          "example": false,
          "sourceReference": {
            "reference": "StructureDefinition/bluebutton-profile-hha-claim"
          }
        },
        {
          "example": false,
          "sourceReference": {
            "reference": "StructureDefinition/bluebutton-profile-hospice-claim"
          }
        },
        {
          "extension": [
            {
              "url": "http://hl7.org/fhir/StructureDefinition/implementationguide-page",
              "valueUri": "StructureDefinition-bluebutton-pde-benefit-package-id-extension.html"
            }
          ],
          "example": false,
          "sourceReference": {
            "reference": "StructureDefinition/bluebutton-pde-benefit-package-id-extension"
          }
        },
        {
          "extension": [
            {
              "url": "http://hl7.org/fhir/StructureDefinition/implementationguide-page",
              "valueUri": "StructureDefinition-bluebutton-pde-days-supply-num-extension.html"
            }
          ],
          "example": false,
          "sourceReference": {
            "reference": "StructureDefinition/bluebutton-pde-days-supply-num-extension"
          }
        },
        {
          "extension": [
            {
              "url": "http://hl7.org/fhir/StructureDefinition/implementationguide-page",
              "valueUri": "StructureDefinition-bluebutton-pde-fill-num-extension.html"
            }
          ],
          "example": false,
          "sourceReference": {
            "reference": "StructureDefinition/bluebutton-pde-fill-num-extension"
          }
        },
        {
          "extension": [
            {
              "url": "http://hl7.org/fhir/StructureDefinition/implementationguide-page",
              "valueUri": "StructureDefinition-bluebutton-pde-plan-cntrct-rec-id-extension.html"
            }
          ],
          "example": false,
          "sourceReference": {
            "reference": "StructureDefinition/bluebutton-pde-plan-cntrct-rec-id-extension"
          }
        },
        {
          "extension": [
            {
              "url": "http://hl7.org/fhir/StructureDefinition/implementationguide-page",
              "valueUri": "StructureDefinition-bluebutton-pde-phrmcy-srvc-type-cd-extension.html"
            }
          ],
          "example": false,
          "sourceReference": {
            "reference": "StructureDefinition/bluebutton-pde-phrmcy-srvc-type-cd-extension"
          }
        },
        {
          "extension": [
            {
              "url": "http://hl7.org/fhir/StructureDefinition/implementationguide-page",
              "valueUri": "StructureDefinition-bluebutton-patient-race-extension.html"
            }
          ],
          "example": false,
          "sourceReference": {
            "reference": "StructureDefinition/bluebutton-patient-race-extension"
          }
        },
        {
          "extension": [
            {
              "url": "http://hl7.org/fhir/StructureDefinition/implementationguide-page",
              "valueUri": "StructureDefinition-bluebutton-carrier-prpayamt-extension.html"
            }
          ],
          "example": false,
          "sourceReference": {
            "reference": "StructureDefinition/bluebutton-carrier-prpayamt-extension"
          }
        },
        {
          "extension": [
            {
              "url": "http://hl7.org/fhir/StructureDefinition/implementationguide-page",
              "valueUri": "StructureDefinition-bluebutton-carrier-carr-num-extension.html"
            }
          ],
          "example": false,
          "sourceReference": {
            "reference": "StructureDefinition/bluebutton-carrier-carr-num-extension"
          }
        },
        {
          "extension": [
            {
              "url": "http://hl7.org/fhir/StructureDefinition/implementationguide-page",
              "valueUri": "StructureDefinition-bluebutton-carrier-asgmntcd-extension.html"
            }
          ],
          "example": false,
          "sourceReference": {
            "reference": "StructureDefinition/bluebutton-carrier-asgmntcd-extension"
          }
        },
        {
          "extension": [
            {
              "url": "http://hl7.org/fhir/StructureDefinition/implementationguide-page",
              "valueUri": "StructureDefinition-bluebutton-carrier-clm-clncl-tril-num-extension.html"
            }
          ],
          "example": false,
          "sourceReference": {
            "reference": "StructureDefinition/bluebutton-carrier-clm-clncl-tril-num-extension"
          }
        },
        {
          "extension": [
            {
              "url": "http://hl7.org/fhir/StructureDefinition/implementationguide-page",
              "valueUri": "StructureDefinition-bluebutton-carrier-carr-clm-cash-ddctbl-apld-amt-extension.html"
            }
          ],
          "example": false,
          "sourceReference": {
            "reference": "StructureDefinition/bluebutton-carrier-carr-clm-cash-ddctbl-apld-amt-extension"
          }
        },
        {
          "extension": [
            {
              "url": "http://hl7.org/fhir/StructureDefinition/implementationguide-page",
              "valueUri": "StructureDefinition-bluebutton-carrier-carr-clm-pmt-dnl-cd-extension.html"
            }
          ],
          "example": false,
          "sourceReference": {
            "reference": "StructureDefinition/bluebutton-carrier-carr-clm-pmt-dnl-cd-extension"
          }
        },
        {
          "extension": [
            {
              "url": "http://hl7.org/fhir/StructureDefinition/implementationguide-page",
              "valueUri": "StructureDefinition-bluebutton-carrier-nch-carr-clm-alowd-amt-extension.html"
            }
          ],
          "example": false,
          "sourceReference": {
            "reference": "StructureDefinition/bluebutton-carrier-nch-carr-clm-alowd-amt-extension"
          }
        },
        {
          "extension": [
            {
              "url": "http://hl7.org/fhir/StructureDefinition/implementationguide-page",
              "valueUri": "StructureDefinition-bluebutton-carrier-nch-carr-clm-sbmtd-chrg-amt-extension.html"
            }
          ],
          "example": false,
          "sourceReference": {
            "reference": "StructureDefinition/bluebutton-carrier-nch-carr-clm-sbmtd-chrg-amt-extension"
          }
        },
        {
          "extension": [
            {
              "url": "http://hl7.org/fhir/StructureDefinition/implementationguide-page",
              "valueUri": "StructureDefinition-bluebutton-carrier-nch-clm-bene-pmt-amt-extension.html"
            }
          ],
          "example": false,
          "sourceReference": {
            "reference": "StructureDefinition/bluebutton-carrier-nch-clm-bene-pmt-amt-extension"
          }
        },
        {
          "extension": [
            {
              "url": "http://hl7.org/fhir/StructureDefinition/implementationguide-page",
              "valueUri": "StructureDefinition-bluebutton-carrier-nch-clm-prvdr-pmt-amt-extension.html"
            }
          ],
          "example": false,
          "sourceReference": {
            "reference": "StructureDefinition/bluebutton-carrier-nch-clm-prvdr-pmt-amt-extension"
          }
        },
        {
          "extension": [
            {
              "url": "http://hl7.org/fhir/StructureDefinition/implementationguide-page",
              "valueUri": "StructureDefinition-bluebutton-carrier-carr-line-prvdr-type-cd-extension.html"
            }
          ],
          "example": false,
          "sourceReference": {
            "reference": "StructureDefinition/bluebutton-carrier-carr-line-prvdr-type-cd-extension"
          }
        },
        {
          "extension": [
            {
              "url": "http://hl7.org/fhir/StructureDefinition/implementationguide-page",
              "valueUri": "StructureDefinition-bluebutton-carrier-prtcptng-ind-cd-extension.html"
            }
          ],
          "example": false,
          "sourceReference": {
            "reference": "StructureDefinition/bluebutton-carrier-prtcptng-ind-cd-extension"
          }
        },
        {
          "extension": [
            {
              "url": "http://hl7.org/fhir/StructureDefinition/implementationguide-page",
              "valueUri": "StructureDefinition-bluebutton-carrier-us-npi-extension.html"
            }
          ],
          "example": false,
          "sourceReference": {
            "reference": "StructureDefinition/bluebutton-carrier-us-npi-extension"
          }
        },
        {
          "extension": [
            {
              "url": "http://hl7.org/fhir/StructureDefinition/implementationguide-page",
              "valueUri": "StructureDefinition-bluebutton-carrier-carr-line-mtus-cd-extension.html"
            }
          ],
          "example": false,
          "sourceReference": {
            "reference": "StructureDefinition/bluebutton-carrier-carr-line-mtus-cd-extension"
          }
        },
        {
          "extension": [
            {
              "url": "http://hl7.org/fhir/StructureDefinition/implementationguide-page",
              "valueUri": "StructureDefinition-bluebutton-carrier-carr-line-mtus-cnt-extension.html"
            }
          ],
          "example": false,
          "sourceReference": {
            "reference": "StructureDefinition/bluebutton-carrier-carr-line-mtus-cnt-extension"
          }
        },
        {
          "extension": [
            {
              "url": "http://hl7.org/fhir/StructureDefinition/implementationguide-page",
              "valueUri": "StructureDefinition-bluebutton-carrier-betos-cd-extension.html"
            }
          ],
          "example": false,
          "sourceReference": {
            "reference": "StructureDefinition/bluebutton-carrier-betos-cd-extension"
          }
        },
        {
          "extension": [
            {
              "url": "http://hl7.org/fhir/StructureDefinition/implementationguide-page",
              "valueUri": "StructureDefinition-bluebutton-carrier-line-bene-prmry-pyr-cd-extension.html"
            }
          ],
          "example": false,
          "sourceReference": {
            "reference": "StructureDefinition/bluebutton-carrier-line-bene-prmry-pyr-cd-extension"
          }
        },
        {
          "extension": [
            {
              "url": "http://hl7.org/fhir/StructureDefinition/implementationguide-page",
              "valueUri": "StructureDefinition-bluebutton-carrier-line-service-deductible-extension.html"
            }
          ],
          "example": false,
          "sourceReference": {
            "reference": "StructureDefinition/bluebutton-carrier-line-service-deductible-extension"
          }
        },
        {
          "extension": [
            {
              "url": "http://hl7.org/fhir/StructureDefinition/implementationguide-page",
              "valueUri": "StructureDefinition-bluebutton-carrier-line-hct-hgb-rslt-num-extension.html"
            }
          ],
          "example": false,
          "sourceReference": {
            "reference": "StructureDefinition/bluebutton-carrier-line-hct-hgb-rslt-num-extension"
          }
        },
        {
          "extension": [
            {
              "url": "http://hl7.org/fhir/StructureDefinition/implementationguide-page",
              "valueUri": "StructureDefinition-bluebutton-carrier-ndc-extension.html"
            }
          ],
          "example": false,
          "sourceReference": {
            "reference": "StructureDefinition/bluebutton-carrier-ndc-extension"
          }
        },
        {
          "extension": [
            {
              "url": "http://hl7.org/fhir/StructureDefinition/implementationguide-page",
              "valueUri": "StructureDefinition-bluebutton-carrier-carr-line-ansthsa-unit-cnt-extension.html"
            }
          ],
          "example": false,
          "sourceReference": {
            "reference": "StructureDefinition/bluebutton-carrier-carr-line-ansthsa-unit-cnt-extension"
          }
        },
        {
          "extension": [
            {
              "url": "http://hl7.org/fhir/StructureDefinition/implementationguide-page",
              "valueUri": "StructureDefinition-bluebutton-carrier-prvdr-state-cd-extension.html"
            }
          ],
          "example": false,
          "sourceReference": {
            "reference": "StructureDefinition/bluebutton-carrier-prvdr-state-cd-extension"
          }
        },
        {
          "extension": [
            {
              "url": "http://hl7.org/fhir/StructureDefinition/implementationguide-page",
              "valueUri": "StructureDefinition-bluebutton-carrier-prvdr-zip-extension.html"
            }
          ],
          "example": false,
          "sourceReference": {
            "reference": "StructureDefinition/bluebutton-carrier-prvdr-zip-extension"
          }
        },
        {
          "extension": [
            {
              "url": "http://hl7.org/fhir/StructureDefinition/implementationguide-page",
              "valueUri": "StructureDefinition-bluebutton-carrier-carr-line-prcng-lclty-cd-extension.html"
            }
          ],
          "example": false,
          "sourceReference": {
            "reference": "StructureDefinition/bluebutton-carrier-carr-line-prcng-lclty-cd-extension"
          }
        },
        {
          "extension": [
            {
              "url": "http://hl7.org/fhir/StructureDefinition/implementationguide-page",
              "valueUri": "StructureDefinition-bluebutton-carrier-carr-line-clia-lab-num-extension.html"
            }
          ],
          "example": false,
          "sourceReference": {
            "reference": "StructureDefinition/bluebutton-carrier-carr-line-clia-lab-num-extension"
          }
        },
        {
          "extension": [
            {
              "url": "http://hl7.org/fhir/StructureDefinition/implementationguide-page",
              "valueUri": "StructureDefinition-bluebutton-carrier-line-pmt-80-100-cd-extension.html"
            }
          ],
          "example": false,
          "sourceReference": {
            "reference": "StructureDefinition/bluebutton-carrier-line-pmt-80-100-cd-extension"
          }
        },
        {
          "extension": [
            {
              "url": "http://hl7.org/fhir/StructureDefinition/implementationguide-page",
              "valueUri": "StructureDefinition-bluebutton-inpatient-ime-op-clm-val-amt-extension.html"
            }
          ],
          "example": false,
          "sourceReference": {
            "reference": "StructureDefinition/bluebutton-inpatient-ime-op-clm-val-amt-extension"
          }
        },
        {
          "extension": [
            {
              "url": "http://hl7.org/fhir/StructureDefinition/implementationguide-page",
              "valueUri": "StructureDefinition-bluebutton-inpatient-dsh-op-clm-val-amt-extension.html"
            }
          ],
          "example": false,
          "sourceReference": {
            "reference": "StructureDefinition/bluebutton-inpatient-dsh-op-clm-val-amt-extension"
          }
        },
        {
          "extension": [
            {
              "url": "http://hl7.org/fhir/StructureDefinition/implementationguide-page",
              "valueUri": "StructureDefinition-bluebutton-inpatient-clm-pass-thru-per-diem-amt-extension.html"
            }
          ],
          "example": false,
          "sourceReference": {
            "reference": "StructureDefinition/bluebutton-inpatient-clm-pass-thru-per-diem-amt-extension"
          }
        },
        {
          "extension": [
            {
              "url": "http://hl7.org/fhir/StructureDefinition/implementationguide-page",
              "valueUri": "StructureDefinition-bluebutton-inpatient-nch-profnl-cmpnt-chrg-amt-extension.html"
            }
          ],
          "example": false,
          "sourceReference": {
            "reference": "StructureDefinition/bluebutton-inpatient-nch-profnl-cmpnt-chrg-amt-extension"
          }
        },
        {
          "extension": [
            {
              "url": "http://hl7.org/fhir/StructureDefinition/implementationguide-page",
              "valueUri": "StructureDefinition-bluebutton-inpatient-clm-tot-pps-cptl-amt-extension.html"
            }
          ],
          "example": false,
          "sourceReference": {
            "reference": "StructureDefinition/bluebutton-inpatient-clm-tot-pps-cptl-amt-extension"
          }
        },
        {
          "extension": [
            {
              "url": "http://hl7.org/fhir/StructureDefinition/implementationguide-page",
              "valueUri": "StructureDefinition-bluebutton-inpatient-nch-bene-ip-ddctbl-amt-extension.html"
            }
          ],
          "example": false,
          "sourceReference": {
            "reference": "StructureDefinition/bluebutton-inpatient-nch-bene-ip-ddctbl-amt-extension"
          }
        },
        {
          "extension": [
            {
              "url": "http://hl7.org/fhir/StructureDefinition/implementationguide-page",
              "valueUri": "StructureDefinition-bluebutton-inpatient-nch-bene-pta-coinsrnc-lblty-amt-extension.html"
            }
          ],
          "example": false,
          "sourceReference": {
            "reference": "StructureDefinition/bluebutton-inpatient-nch-bene-pta-coinsrnc-lblty-amt-extension"
          }
        },
        {
          "extension": [
            {
              "url": "http://hl7.org/fhir/StructureDefinition/implementationguide-page",
              "valueUri": "StructureDefinition-bluebutton-inpatient-nch-ip-ncvrd-chrg-amt-extension.html"
            }
          ],
          "example": false,
          "sourceReference": {
            "reference": "StructureDefinition/bluebutton-inpatient-nch-ip-ncvrd-chrg-amt-extension"
          }
        },
        {
          "extension": [
            {
              "url": "http://hl7.org/fhir/StructureDefinition/implementationguide-page",
              "valueUri": "StructureDefinition-bluebutton-inpatient-nch-ip-tot-ddctn-amt-extension.html"
            }
          ],
          "example": false,
          "sourceReference": {
            "reference": "StructureDefinition/bluebutton-inpatient-nch-ip-tot-ddctn-amt-extension"
          }
        },
        {
          "extension": [
            {
              "url": "http://hl7.org/fhir/StructureDefinition/implementationguide-page",
              "valueUri": "StructureDefinition-bluebutton-inpatient-clm-pps-cptl-dsprprtnt-shr-amt-extension.html"
            }
          ],
          "example": false,
          "sourceReference": {
            "reference": "StructureDefinition/bluebutton-inpatient-clm-pps-cptl-dsprprtnt-shr-amt-extension"
          }
        },
        {
          "extension": [
            {
              "url": "http://hl7.org/fhir/StructureDefinition/implementationguide-page",
              "valueUri": "StructureDefinition-bluebutton-inpatient-clm-pps-cptl-excptn-amt-extension.html"
            }
          ],
          "example": false,
          "sourceReference": {
            "reference": "StructureDefinition/bluebutton-inpatient-clm-pps-cptl-excptn-amt-extension"
          }
        },
        {
          "extension": [
            {
              "url": "http://hl7.org/fhir/StructureDefinition/implementationguide-page",
              "valueUri": "StructureDefinition-bluebutton-inpatient-clm-pps-cptl-fsp-amt-extension.html"
            }
          ],
          "example": false,
          "sourceReference": {
            "reference": "StructureDefinition/bluebutton-inpatient-clm-pps-cptl-fsp-amt-extension"
          }
        },
        {
          "extension": [
            {
              "url": "http://hl7.org/fhir/StructureDefinition/implementationguide-page",
              "valueUri": "StructureDefinition-bluebutton-inpatient-clm-pps-cptl-ime-amt-extension.html"
            }
          ],
          "example": false,
          "sourceReference": {
            "reference": "StructureDefinition/bluebutton-inpatient-clm-pps-cptl-ime-amt-extension"
          }
        },
        {
          "extension": [
            {
              "url": "http://hl7.org/fhir/StructureDefinition/implementationguide-page",
              "valueUri": "StructureDefinition-bluebutton-inpatient-clm-pps-cptl-outlier-amt-extension.html"
            }
          ],
          "example": false,
          "sourceReference": {
            "reference": "StructureDefinition/bluebutton-inpatient-clm-pps-cptl-outlier-amt-extension"
          }
        },
        {
          "extension": [
            {
              "url": "http://hl7.org/fhir/StructureDefinition/implementationguide-page",
              "valueUri": "StructureDefinition-bluebutton-inpatient-clm-pps-old-cptl-hld-hrmls-amt-extension.html"
            }
          ],
          "example": false,
          "sourceReference": {
            "reference": "StructureDefinition/bluebutton-inpatient-clm-pps-old-cptl-hld-hrmls-amt-extension"
          }
        },
        {
          "extension": [
            {
              "url": "http://hl7.org/fhir/StructureDefinition/implementationguide-page",
              "valueUri": "StructureDefinition-bluebutton-inpatient-nch-drg-outlier-aprvd-pmt-amt-extension.html"
            }
          ],
          "example": false,
          "sourceReference": {
            "reference": "StructureDefinition/bluebutton-inpatient-nch-drg-outlier-aprvd-pmt-amt-extension"
          }
        },
        {
          "extension": [
            {
              "url": "http://hl7.org/fhir/StructureDefinition/implementationguide-page",
              "valueUri": "StructureDefinition-bluebutton-inpatient-nch-bene-blood-ddctbl-lblty-am-extension.html"
            }
          ],
          "example": false,
          "sourceReference": {
            "reference": "StructureDefinition/bluebutton-inpatient-nch-bene-blood-ddctbl-lblty-am-extension"
          }
        },
        {
          "extension": [
            {
              "url": "http://hl7.org/fhir/StructureDefinition/implementationguide-page",
              "valueUri": "StructureDefinition-bluebutton-inpatient-clm-mdcr-non-pmt-rsn-cd-extension.html"
            }
          ],
          "example": false,
          "sourceReference": {
            "reference": "StructureDefinition/bluebutton-inpatient-clm-mdcr-non-pmt-rsn-cd-extension"
          }
        },
        {
          "extension": [
            {
              "url": "http://hl7.org/fhir/StructureDefinition/implementationguide-page",
              "valueUri": "StructureDefinition-bluebutton-inpatient-prpayamt-extension.html"
            }
          ],
          "example": false,
          "sourceReference": {
            "reference": "StructureDefinition/bluebutton-inpatient-prpayamt-extension"
          }
        },
        {
          "extension": [
            {
              "url": "http://hl7.org/fhir/StructureDefinition/implementationguide-page",
              "valueUri": "StructureDefinition-bluebutton-inpatient-fi-num-extension.html"
            }
          ],
          "example": false,
          "sourceReference": {
            "reference": "StructureDefinition/bluebutton-inpatient-fi-num-extension"
          }
        },
        {
          "extension": [
            {
              "url": "http://hl7.org/fhir/StructureDefinition/implementationguide-page",
              "valueUri": "StructureDefinition-bluebutton-inpatient-claim-query-cd-extension.html"
            }
          ],
          "example": false,
          "sourceReference": {
            "reference": "StructureDefinition/bluebutton-inpatient-claim-query-cd-extension"
          }
        },
        {
          "extension": [
            {
              "url": "http://hl7.org/fhir/StructureDefinition/implementationguide-page",
              "valueUri": "StructureDefinition-bluebutton-inpatient-clm-fac-type-cd-extension.html"
            }
          ],
          "example": false,
          "sourceReference": {
            "reference": "StructureDefinition/bluebutton-inpatient-clm-fac-type-cd-extension"
          }
        },
        {
          "extension": [
            {
              "url": "http://hl7.org/fhir/StructureDefinition/implementationguide-page",
              "valueUri": "StructureDefinition-bluebutton-inpatient-clm-poa-ind-sw1-extension.html"
            }
          ],
          "example": false,
          "sourceReference": {
            "reference": "StructureDefinition/bluebutton-inpatient-clm-poa-ind-sw1-extension"
          }
        },
        {
          "extension": [
            {
              "url": "http://hl7.org/fhir/StructureDefinition/implementationguide-page",
              "valueUri": "StructureDefinition-bluebutton-inpatient-rev-cntr-ndc-qty-extension.html"
            }
          ],
          "example": false,
          "sourceReference": {
            "reference": "StructureDefinition/bluebutton-inpatient-rev-cntr-ndc-qty-extension"
          }
        },
        {
          "extension": [
            {
              "url": "http://hl7.org/fhir/StructureDefinition/implementationguide-page",
              "valueUri": "StructureDefinition-bluebutton-inpatient-rev-cntr-ddctbl-coinsrnc-cd-extension.html"
            }
          ],
          "example": false,
          "sourceReference": {
            "reference": "StructureDefinition/bluebutton-inpatient-rev-cntr-ddctbl-coinsrnc-cd-extension"
          }
        },
        {
          "extension": [
            {
              "url": "http://hl7.org/fhir/StructureDefinition/implementationguide-page",
              "valueUri": "StructureDefinition-bluebutton-outpatient-nch-profnl-cmpnt-chrg-amt-extension.html"
            }
          ],
          "example": false,
          "sourceReference": {
            "reference": "StructureDefinition/bluebutton-outpatient-nch-profnl-cmpnt-chrg-amt-extension"
          }
        },
        {
          "extension": [
            {
              "url": "http://hl7.org/fhir/StructureDefinition/implementationguide-page",
              "valueUri": "StructureDefinition-bluebutton-outpatient-nch-bene-ptb-ddctbl-amt-extension.html"
            }
          ],
          "example": false,
          "sourceReference": {
            "reference": "StructureDefinition/bluebutton-outpatient-nch-bene-ptb-ddctbl-amt-extension"
          }
        },
        {
          "extension": [
            {
              "url": "http://hl7.org/fhir/StructureDefinition/implementationguide-page",
              "valueUri": "StructureDefinition-bluebutton-outpatient-nch-bene-ptb-coinsrnc-amt-extension.html"
            }
          ],
          "example": false,
          "sourceReference": {
            "reference": "StructureDefinition/bluebutton-outpatient-nch-bene-ptb-coinsrnc-amt-extension"
          }
        },
        {
          "extension": [
            {
              "url": "http://hl7.org/fhir/StructureDefinition/implementationguide-page",
              "valueUri": "StructureDefinition-bluebutton-outpatient-clm-op-prvdr-pmt-amt-extension.html"
            }
          ],
          "example": false,
          "sourceReference": {
            "reference": "StructureDefinition/bluebutton-outpatient-clm-op-prvdr-pmt-amt-extension"
          }
        },
        {
          "extension": [
            {
              "url": "http://hl7.org/fhir/StructureDefinition/implementationguide-page",
              "valueUri": "StructureDefinition-bluebutton-outpatient-clm-op-bene-pmt-amt-extension.html"
            }
          ],
          "example": false,
          "sourceReference": {
            "reference": "StructureDefinition/bluebutton-outpatient-clm-op-bene-pmt-amt-extension"
          }
        },
        {
          "extension": [
            {
              "url": "http://hl7.org/fhir/StructureDefinition/implementationguide-page",
              "valueUri": "StructureDefinition-bluebutton-outpatient-nch-bene-blood-ddctbl-lblty-am-extension.html"
            }
          ],
          "example": false,
          "sourceReference": {
            "reference": "StructureDefinition/bluebutton-outpatient-nch-bene-blood-ddctbl-lblty-am-extension"
          }
        },
        {
          "extension": [
            {
              "url": "http://hl7.org/fhir/StructureDefinition/implementationguide-page",
              "valueUri": "StructureDefinition-bluebutton-outpatient-clm-mdcr-non-pmt-rsn-cd-extension.html"
            }
          ],
          "example": false,
          "sourceReference": {
            "reference": "StructureDefinition/bluebutton-outpatient-clm-mdcr-non-pmt-rsn-cd-extension"
          }
        },
        {
          "extension": [
            {
              "url": "http://hl7.org/fhir/StructureDefinition/implementationguide-page",
              "valueUri": "StructureDefinition-bluebutton-outpatient-prpayamt-extension.html"
            }
          ],
          "example": false,
          "sourceReference": {
            "reference": "StructureDefinition/bluebutton-outpatient-prpayamt-extension"
          }
        },
        {
          "extension": [
            {
              "url": "http://hl7.org/fhir/StructureDefinition/implementationguide-page",
              "valueUri": "StructureDefinition-bluebutton-outpatient-fi-num-extension.html"
            }
          ],
          "example": false,
          "sourceReference": {
            "reference": "StructureDefinition/bluebutton-outpatient-fi-num-extension"
          }
        },
        {
          "extension": [
            {
              "url": "http://hl7.org/fhir/StructureDefinition/implementationguide-page",
              "valueUri": "StructureDefinition-bluebutton-outpatient-claim-query-cd-extension.html"
            }
          ],
          "example": false,
          "sourceReference": {
            "reference": "StructureDefinition/bluebutton-outpatient-claim-query-cd-extension"
          }
        },
        {
          "extension": [
            {
              "url": "http://hl7.org/fhir/StructureDefinition/implementationguide-page",
              "valueUri": "StructureDefinition-bluebutton-outpatient-clm-fac-type-cd-extension.html"
            }
          ],
          "example": false,
          "sourceReference": {
            "reference": "StructureDefinition/bluebutton-outpatient-clm-fac-type-cd-extension"
          }
        },
        {
          "extension": [
            {
              "url": "http://hl7.org/fhir/StructureDefinition/implementationguide-page",
              "valueUri": "StructureDefinition-bluebutton-outpatient-rev-cntr-ndc-qty-extension.html"
            }
          ],
          "example": false,
          "sourceReference": {
            "reference": "StructureDefinition/bluebutton-outpatient-rev-cntr-ndc-qty-extension"
          }
        },
        {
          "extension": [
            {
              "url": "http://hl7.org/fhir/StructureDefinition/implementationguide-page",
              "valueUri": "StructureDefinition-bluebutton-outpatient-rev-cntr-stus-ind-cd-extension.html"
            }
          ],
          "example": false,
          "sourceReference": {
            "reference": "StructureDefinition/bluebutton-outpatient-rev-cntr-stus-ind-cd-extension"
          }
        },
        {
          "extension": [
            {
              "url": "http://hl7.org/fhir/StructureDefinition/implementationguide-page",
              "valueUri": "StructureDefinition-bluebutton-outpatient-rev-cntr-ide-ndc-upc-num-extension.html"
            }
          ],
          "example": false,
          "sourceReference": {
            "reference": "StructureDefinition/bluebutton-outpatient-rev-cntr-ide-ndc-upc-num-extension"
          }
        },
        {
          "extension": [
            {
              "url": "http://hl7.org/fhir/StructureDefinition/implementationguide-page",
              "valueUri": "StructureDefinition-bluebutton-snf-nch-bene-ip-ddctbl-amt-extension.html"
            }
          ],
          "example": false,
          "sourceReference": {
            "reference": "StructureDefinition/bluebutton-snf-nch-bene-ip-ddctbl-amt-extension"
          }
        },
        {
          "extension": [
            {
              "url": "http://hl7.org/fhir/StructureDefinition/implementationguide-page",
              "valueUri": "StructureDefinition-bluebutton-snf-nch-bene-pta-coinsrnc-lblty-amt-extension.html"
            }
          ],
          "example": false,
          "sourceReference": {
            "reference": "StructureDefinition/bluebutton-snf-nch-bene-pta-coinsrnc-lblty-amt-extension"
          }
        },
        {
          "extension": [
            {
              "url": "http://hl7.org/fhir/StructureDefinition/implementationguide-page",
              "valueUri": "StructureDefinition-bluebutton-snf-nch-ip-ncvrd-chrg-amt-extension.html"
            }
          ],
          "example": false,
          "sourceReference": {
            "reference": "StructureDefinition/bluebutton-snf-nch-ip-ncvrd-chrg-amt-extension"
          }
        },
        {
          "extension": [
            {
              "url": "http://hl7.org/fhir/StructureDefinition/implementationguide-page",
              "valueUri": "StructureDefinition-bluebutton-snf-nch-ip-tot-ddctn-amt-extension.html"
            }
          ],
          "example": false,
          "sourceReference": {
            "reference": "StructureDefinition/bluebutton-snf-nch-ip-tot-ddctn-amt-extension"
          }
        },
        {
          "extension": [
            {
              "url": "http://hl7.org/fhir/StructureDefinition/implementationguide-page",
              "valueUri": "StructureDefinition-bluebutton-snf-clm-pps-cptl-dsprprtnt-shr-amt-extension.html"
            }
          ],
          "example": false,
          "sourceReference": {
            "reference": "StructureDefinition/bluebutton-snf-clm-pps-cptl-dsprprtnt-shr-amt-extension"
          }
        },
        {
          "extension": [
            {
              "url": "http://hl7.org/fhir/StructureDefinition/implementationguide-page",
              "valueUri": "StructureDefinition-bluebutton-snf-clm-pps-cptl-excptn-amt-extension.html"
            }
          ],
          "example": false,
          "sourceReference": {
            "reference": "StructureDefinition/bluebutton-snf-clm-pps-cptl-excptn-amt-extension"
          }
        },
        {
          "extension": [
            {
              "url": "http://hl7.org/fhir/StructureDefinition/implementationguide-page",
              "valueUri": "StructureDefinition-bluebutton-snf-clm-pps-cptl-fsp-amt-extension.html"
            }
          ],
          "example": false,
          "sourceReference": {
            "reference": "StructureDefinition/bluebutton-snf-clm-pps-cptl-fsp-amt-extension"
          }
        },
        {
          "extension": [
            {
              "url": "http://hl7.org/fhir/StructureDefinition/implementationguide-page",
              "valueUri": "StructureDefinition-bluebutton-snf-clm-pps-cptl-ime-amt-extension.html"
            }
          ],
          "example": false,
          "sourceReference": {
            "reference": "StructureDefinition/bluebutton-snf-clm-pps-cptl-ime-amt-extension"
          }
        },
        {
          "extension": [
            {
              "url": "http://hl7.org/fhir/StructureDefinition/implementationguide-page",
              "valueUri": "StructureDefinition-bluebutton-snf-clm-pps-cptl-outlier-amt-extension.html"
            }
          ],
          "example": false,
          "sourceReference": {
            "reference": "StructureDefinition/bluebutton-snf-clm-pps-cptl-outlier-amt-extension"
          }
        },
        {
          "extension": [
            {
              "url": "http://hl7.org/fhir/StructureDefinition/implementationguide-page",
              "valueUri": "StructureDefinition-bluebutton-snf-clm-pps-old-cptl-hld-hrmls-amt-extension.html"
            }
          ],
          "example": false,
          "sourceReference": {
            "reference": "StructureDefinition/bluebutton-snf-clm-pps-old-cptl-hld-hrmls-amt-extension"
          }
        },
        {
          "extension": [
            {
              "url": "http://hl7.org/fhir/StructureDefinition/implementationguide-page",
              "valueUri": "StructureDefinition-bluebutton-snf-nch-bene-blood-ddctbl-lblty-am-extension.html"
            }
          ],
          "example": false,
          "sourceReference": {
            "reference": "StructureDefinition/bluebutton-snf-nch-bene-blood-ddctbl-lblty-am-extension"
          }
        },
        {
          "extension": [
            {
              "url": "http://hl7.org/fhir/StructureDefinition/implementationguide-page",
              "valueUri": "StructureDefinition-bluebutton-snf-clm-mdcr-non-pmt-rsn-cd-extension.html"
            }
          ],
          "example": false,
          "sourceReference": {
            "reference": "StructureDefinition/bluebutton-snf-clm-mdcr-non-pmt-rsn-cd-extension"
          }
        },
        {
          "extension": [
            {
              "url": "http://hl7.org/fhir/StructureDefinition/implementationguide-page",
              "valueUri": "StructureDefinition-bluebutton-snf-prpayamt-extension.html"
            }
          ],
          "example": false,
          "sourceReference": {
            "reference": "StructureDefinition/bluebutton-snf-prpayamt-extension"
          }
        },
        {
          "extension": [
            {
              "url": "http://hl7.org/fhir/StructureDefinition/implementationguide-page",
              "valueUri": "StructureDefinition-bluebutton-snf-fi-num-extension.html"
            }
          ],
          "example": false,
          "sourceReference": {
            "reference": "StructureDefinition/bluebutton-snf-fi-num-extension"
          }
        },
        {
          "extension": [
            {
              "url": "http://hl7.org/fhir/StructureDefinition/implementationguide-page",
              "valueUri": "StructureDefinition-bluebutton-snf-claim-query-cd-extension.html"
            }
          ],
          "example": false,
          "sourceReference": {
            "reference": "StructureDefinition/bluebutton-snf-claim-query-cd-extension"
          }
        },
        {
          "extension": [
            {
              "url": "http://hl7.org/fhir/StructureDefinition/implementationguide-page",
              "valueUri": "StructureDefinition-bluebutton-snf-clm-fac-type-cd-extension.html"
            }
          ],
          "example": false,
          "sourceReference": {
            "reference": "StructureDefinition/bluebutton-snf-clm-fac-type-cd-extension"
          }
        },
        {
          "extension": [
            {
              "url": "http://hl7.org/fhir/StructureDefinition/implementationguide-page",
              "valueUri": "StructureDefinition-bluebutton-snf-rev-cntr-ddctbl-coinsrnc-cd-extension.html"
            }
          ],
          "example": false,
          "sourceReference": {
            "reference": "StructureDefinition/bluebutton-snf-rev-cntr-ddctbl-coinsrnc-cd-extension"
          }
        },
        {
          "extension": [
            {
              "url": "http://hl7.org/fhir/StructureDefinition/implementationguide-page",
              "valueUri": "ValueSet-race.html"
            }
          ],
          "example": false,
          "sourceReference": {
            "reference": "ValueSet/race"
          }
        },
        {
          "extension": [
            {
              "url": "http://hl7.org/fhir/StructureDefinition/implementationguide-page",
              "valueUri": "ValueSet-gndr-cd.html"
            }
          ],
          "example": false,
          "sourceReference": {
            "reference": "ValueSet/gndr-cd"
          }
        },
        {
          "extension": [
            {
              "url": "http://hl7.org/fhir/StructureDefinition/implementationguide-page",
              "valueUri": "ValueSet-adjudications.html"
            }
          ],
          "example": false,
          "sourceReference": {
            "reference": "ValueSet/adjudications"
          }
        },
        {
          "extension": [
            {
              "url": "http://hl7.org/fhir/StructureDefinition/implementationguide-page",
              "valueUri": "ValueSet-plan-cntrct-rec-id.html"
            }
          ],
          "example": false,
          "sourceReference": {
            "reference": "ValueSet/plan-cntrct-rec-id"
          }
        },
        {
          "extension": [
            {
              "url": "http://hl7.org/fhir/StructureDefinition/implementationguide-page",
              "valueUri": "ValueSet-information-categories.html"
            }
          ],
          "example": false,
          "sourceReference": {
            "reference": "ValueSet/information-categories"
          }
        },
        {
          "extension": [
            {
              "url": "http://hl7.org/fhir/StructureDefinition/implementationguide-page",
              "valueUri": "ValueSet-clm-mdcr-non-pmt-rsn-cd.html"
            }
          ],
          "example": false,
          "sourceReference": {
            "reference": "ValueSet/clm-mdcr-non-pmt-rsn-cd"
          }
        },
        {
          "extension": [
            {
              "url": "http://hl7.org/fhir/StructureDefinition/implementationguide-page",
              "valueUri": "ValueSet-claim-query-cd.html"
            }
          ],
          "example": false,
          "sourceReference": {
            "reference": "ValueSet/claim-query-cd"
          }
        },
        {
          "extension": [
            {
              "url": "http://hl7.org/fhir/StructureDefinition/implementationguide-page",
              "valueUri": "ValueSet-clm-fac-type-cd.html"
            }
          ],
          "example": false,
          "sourceReference": {
            "reference": "ValueSet/clm-fac-type-cd"
          }
        },
        {
          "extension": [
            {
              "url": "http://hl7.org/fhir/StructureDefinition/implementationguide-page",
              "valueUri": "ValueSet-rev-cntr-stus-ind-cd.html"
            }
          ],
          "example": false,
          "sourceReference": {
            "reference": "ValueSet/rev-cntr-stus-ind-cd"
          }
        },
        {
          "extension": [
            {
              "url": "http://hl7.org/fhir/StructureDefinition/implementationguide-page",
              "valueUri": "ValueSet-clm-poa-ind-sw1.html"
            }
          ],
          "example": false,
          "sourceReference": {
            "reference": "ValueSet/clm-poa-ind-sw1"
          }
        },
        {
          "extension": [
            {
              "url": "http://hl7.org/fhir/StructureDefinition/implementationguide-page",
              "valueUri": "ValueSet-rev-cntr-ddctbl-coinsrnc-cd.html"
            }
          ],
          "example": false,
          "sourceReference": {
            "reference": "ValueSet/rev-cntr-ddctbl-coinsrnc-cd"
          }
        },
        {
          "extension": [
            {
              "url": "http://hl7.org/fhir/StructureDefinition/implementationguide-page",
              "valueUri": "ValueSet-carr-num.html"
            }
          ],
          "example": false,
          "sourceReference": {
            "reference": "ValueSet/carr-num"
          }
        },
        {
          "extension": [
            {
              "url": "http://hl7.org/fhir/StructureDefinition/implementationguide-page",
              "valueUri": "ValueSet-carr-clm-pmt-dnl-cd.html"
            }
          ],
          "example": false,
          "sourceReference": {
            "reference": "ValueSet/carr-clm-pmt-dnl-cd"
          }
        },
        {
          "extension": [
            {
              "url": "http://hl7.org/fhir/StructureDefinition/implementationguide-page",
              "valueUri": "ValueSet-asgmntcd.html"
            }
          ],
          "example": false,
          "sourceReference": {
            "reference": "ValueSet/asgmntcd"
          }
        },
        {
          "extension": [
            {
              "url": "http://hl7.org/fhir/StructureDefinition/implementationguide-page",
              "valueUri": "ValueSet-carr-line-prvdr-type-cd.html"
            }
          ],
          "example": false,
          "sourceReference": {
            "reference": "ValueSet/carr-line-prvdr-type-cd"
          }
        },
        {
          "extension": [
            {
              "url": "http://hl7.org/fhir/StructureDefinition/implementationguide-page",
              "valueUri": "ValueSet-prtcptng-ind-cd.html"
            }
          ],
          "example": false,
          "sourceReference": {
            "reference": "ValueSet/prtcptng-ind-cd"
          }
        },
        {
          "extension": [
            {
              "url": "http://hl7.org/fhir/StructureDefinition/implementationguide-page",
              "valueUri": "ValueSet-carr-line-mtus-cd.html"
            }
          ],
          "example": false,
          "sourceReference": {
            "reference": "ValueSet/carr-line-mtus-cd"
          }
        },
        {
          "extension": [
            {
              "url": "http://hl7.org/fhir/StructureDefinition/implementationguide-page",
              "valueUri": "ValueSet-betos-cd.html"
            }
          ],
          "example": false,
          "sourceReference": {
            "reference": "ValueSet/betos-cd"
          }
        },
        {
          "extension": [
            {
              "url": "http://hl7.org/fhir/StructureDefinition/implementationguide-page",
              "valueUri": "ValueSet-line-bene-prmry-pyr-cd.html"
            }
          ],
          "example": false,
          "sourceReference": {
            "reference": "ValueSet/line-bene-prmry-pyr-cd"
          }
        },
        {
          "extension": [
            {
              "url": "http://hl7.org/fhir/StructureDefinition/implementationguide-page",
              "valueUri": "ValueSet-line-service-deductible.html"
            }
          ],
          "example": false,
          "sourceReference": {
            "reference": "ValueSet/line-service-deductible"
          }
        },
        {
          "extension": [
            {
              "url": "http://hl7.org/fhir/StructureDefinition/implementationguide-page",
              "valueUri": "ValueSet-prvdr-state-cd.html"
            }
          ],
          "example": false,
          "sourceReference": {
            "reference": "ValueSet/prvdr-state-cd"
          }
        },
        {
          "extension": [
            {
              "url": "http://hl7.org/fhir/StructureDefinition/implementationguide-page",
              "valueUri": "ValueSet-carr-line-prcng-lclty-cd.html"
            }
          ],
          "example": false,
          "sourceReference": {
            "reference": "ValueSet/carr-line-prcng-lclty-cd"
          }
        },
        {
          "extension": [
            {
              "url": "http://hl7.org/fhir/StructureDefinition/implementationguide-page",
              "valueUri": "ValueSet-line-pmt-80-100-cd.html"
            }
          ],
          "example": false,
          "sourceReference": {
            "reference": "ValueSet/line-pmt-80-100-cd"
          }
        },
        {
          "extension": [
            {
              "url": "http://hl7.org/fhir/StructureDefinition/implementationguide-page",
              "valueUri": "ValueSet-dmerc-line-prcng-state-cd.html"
            }
          ],
          "example": false,
          "sourceReference": {
            "reference": "ValueSet/dmerc-line-prcng-state-cd"
          }
        },
        {
          "extension": [
            {
              "url": "http://hl7.org/fhir/StructureDefinition/implementationguide-page",
              "valueUri": "ValueSet-dmerc-line-supplr-type-cd.html"
            }
          ],
          "example": false,
          "sourceReference": {
            "reference": "ValueSet/dmerc-line-supplr-type-cd"
          }
        },
        {
          "extension": [
            {
              "url": "http://hl7.org/fhir/StructureDefinition/implementationguide-page",
              "valueUri": "ValueSet-phrmcy-srvc-type-cd.html"
            }
          ],
          "example": false,
          "sourceReference": {
            "reference": "ValueSet/phrmcy-srvc-type-cd"
          }
        },
        {
          "extension": [
            {
              "url": "http://hl7.org/fhir/StructureDefinition/implementationguide-page",
              "valueUri": "ValueSet-adjstmt-dltn-cd.html"
            }
          ],
          "example": false,
          "sourceReference": {
            "reference": "ValueSet/adjstmt-dltn-cd"
          }
        },
        {
          "extension": [
            {
              "url": "http://hl7.org/fhir/StructureDefinition/implementationguide-page",
              "valueUri": "ValueSet-daw-prod-slctn-cd.html"
            }
          ],
          "example": false,
          "sourceReference": {
            "reference": "ValueSet/daw-prod-slctn-cd"
          }
        },
        {
          "extension": [
            {
              "url": "http://hl7.org/fhir/StructureDefinition/implementationguide-page",
              "valueUri": "ValueSet-dspnsng-stus-cd.html"
            }
          ],
          "example": false,
          "sourceReference": {
            "reference": "ValueSet/dspnsng-stus-cd"
          }
        },
        {
          "extension": [
            {
              "url": "http://hl7.org/fhir/StructureDefinition/implementationguide-page",
              "valueUri": "ValueSet-drug-cvrg-stus-cd.html"
            }
          ],
          "example": false,
          "sourceReference": {
            "reference": "ValueSet/drug-cvrg-stus-cd"
          }
        },
        {
          "extension": [
            {
              "url": "http://hl7.org/fhir/StructureDefinition/implementationguide-page",
              "valueUri": "ValueSet-nstd-frmt-cd.html"
            }
          ],
          "example": false,
          "sourceReference": {
            "reference": "ValueSet/nstd-frmt-cd"
          }
        },
        {
          "extension": [
            {
              "url": "http://hl7.org/fhir/StructureDefinition/implementationguide-page",
              "valueUri": "ValueSet-prcng-excptn-cd.html"
            }
          ],
          "example": false,
          "sourceReference": {
            "reference": "ValueSet/prcng-excptn-cd"
          }
        },
        {
          "extension": [
            {
              "url": "http://hl7.org/fhir/StructureDefinition/implementationguide-page",
              "valueUri": "ValueSet-ctstrphc-cvrg-cd.html"
            }
          ],
          "example": false,
          "sourceReference": {
            "reference": "ValueSet/ctstrphc-cvrg-cd"
          }
        },
        {
          "extension": [
            {
              "url": "http://hl7.org/fhir/StructureDefinition/implementationguide-page",
              "valueUri": "ValueSet-rx-orgn-cd.html"
            }
          ],
          "example": false,
          "sourceReference": {
            "reference": "ValueSet/rx-orgn-cd"
          }
        },
        {
          "extension": [
            {
              "url": "http://hl7.org/fhir/StructureDefinition/implementationguide-page",
              "valueUri": "ValueSet-brnd-gnrc-cd.html"
            }
          ],
          "example": false,
          "sourceReference": {
            "reference": "ValueSet/brnd-gnrc-cd"
          }
        },
        {
          "extension": [
            {
              "url": "http://hl7.org/fhir/StructureDefinition/implementationguide-page",
              "valueUri": "ValueSet-ptnt-rsdnc-cd.html"
            }
          ],
          "example": false,
          "sourceReference": {
            "reference": "ValueSet/ptnt-rsdnc-cd"
          }
        },
        {
          "extension": [
            {
              "url": "http://hl7.org/fhir/StructureDefinition/implementationguide-page",
              "valueUri": "ValueSet-submsn-clr-cd.html"
            }
          ],
          "example": false,
          "sourceReference": {
            "reference": "ValueSet/submsn-clr-cd"
          }
        },
        {
          "extension": [
            {
              "url": "http://hl7.org/fhir/StructureDefinition/implementationguide-page",
              "valueUri": "ValueSet-rev-cntr-ndc-qty-qlfr-cd.html"
            }
          ],
          "example": false,
          "sourceReference": {
            "reference": "ValueSet/rev-cntr-ndc-qty-qlfr-cd"
          }
        },
        {
          "extension": [
            {
              "url": "http://hl7.org/fhir/StructureDefinition/implementationguide-page",
              "valueUri": "ValueSet-nch-ptnt-stus-ind-cd.html"
            }
          ],
          "example": false,
          "sourceReference": {
            "reference": "ValueSet/nch-ptnt-stus-ind-cd"
          }
        },
        {
          "extension": [
            {
              "url": "http://hl7.org/fhir/StructureDefinition/implementationguide-page",
              "valueUri": "ValueSet-clm-ip-admsn-type-cd.html"
            }
          ],
          "example": false,
          "sourceReference": {
            "reference": "ValueSet/clm-ip-admsn-type-cd"
          }
        },
        {
          "extension": [
            {
              "url": "http://hl7.org/fhir/StructureDefinition/implementationguide-page",
              "valueUri": "ValueSet-clm-src-ip-admsn-cd.html"
            }
          ],
          "example": false,
          "sourceReference": {
            "reference": "ValueSet/clm-src-ip-admsn-cd"
          }
        },
        {
          "extension": [
            {
              "url": "http://hl7.org/fhir/StructureDefinition/implementationguide-page",
              "valueUri": "ValueSet-clm-mco-pd-sw.html"
            }
          ],
          "example": false,
          "sourceReference": {
            "reference": "ValueSet/clm-mco-pd-sw"
          }
        },
        {
          "extension": [
            {
              "url": "http://hl7.org/fhir/StructureDefinition/implementationguide-page",
              "valueUri": "ValueSet-clm-freq-cd.html"
            }
          ],
          "example": false,
          "sourceReference": {
            "reference": "ValueSet/clm-freq-cd"
          }
        },
        {
          "extension": [
            {
              "url": "http://hl7.org/fhir/StructureDefinition/implementationguide-page",
              "valueUri": "ValueSet-ptnt-dschrg-stus-cd.html"
            }
          ],
          "example": false,
          "sourceReference": {
            "reference": "ValueSet/ptnt-dschrg-stus-cd"
          }
        },
        {
          "extension": [
            {
              "url": "http://hl7.org/fhir/StructureDefinition/implementationguide-page",
              "valueUri": "ValueSet-nch-prmry-pyr-cd.html"
            }
          ],
          "example": false,
          "sourceReference": {
            "reference": "ValueSet/nch-prmry-pyr-cd"
          }
        },
        {
          "extension": [
            {
              "url": "http://hl7.org/fhir/StructureDefinition/implementationguide-page",
              "valueUri": "CodeSystem-nch-prmry-pyr-cd.html"
            }
          ],
          "example": false,
          "sourceReference": {
            "reference": "CodeSystem/nch-prmry-pyr-cd"
          }
        },
        {
          "extension": [
            {
              "url": "http://hl7.org/fhir/StructureDefinition/implementationguide-page",
              "valueUri": "ValueSet-clm-hha-lupa-ind-cd.html"
            }
          ],
          "example": false,
          "sourceReference": {
            "reference": "ValueSet/clm-hha-lupa-ind-cd"
          }
        },
        {
          "extension": [
            {
              "url": "http://hl7.org/fhir/StructureDefinition/implementationguide-page",
              "valueUri": "ValueSet-clm-hha-rfrl-cd.html"
            }
          ],
          "example": false,
          "sourceReference": {
            "reference": "ValueSet/clm-hha-rfrl-cd"
          }
        },
        {
          "example": false,
          "sourceReference": {
            "reference": "CodeSystem/adjudications"
          }
        },
        {
          "extension": [
            {
              "url": "http://hl7.org/fhir/StructureDefinition/implementationguide-page",
              "valueUri": "CodeSystem-clm-hha-rfrl-cd.html"
            }
          ],
          "example": false,
          "sourceReference": {
            "reference": "CodeSystem/clm-hha-rfrl-cd"
          }
        },
        {
          "extension": [
            {
              "url": "http://hl7.org/fhir/StructureDefinition/implementationguide-page",
              "valueUri": "CodeSystem-clm-hha-lupa-ind-cd.html"
            }
          ],
          "example": false,
          "sourceReference": {
            "reference": "CodeSystem/clm-hha-lupa-ind-cd"
          }
        },
        {
          "extension": [
            {
              "url": "http://hl7.org/fhir/StructureDefinition/implementationguide-page",
              "valueUri": "CodeSystem-ptnt-dschrg-stus-cd.html"
            }
          ],
          "example": false,
          "sourceReference": {
            "reference": "CodeSystem/ptnt-dschrg-stus-cd"
          }
        },
        {
          "extension": [
            {
              "url": "http://hl7.org/fhir/StructureDefinition/implementationguide-page",
              "valueUri": "CodeSystem-clm-freq-cd.html"
            }
          ],
          "example": false,
          "sourceReference": {
            "reference": "CodeSystem/clm-freq-cd"
          }
        },
        {
          "extension": [
            {
              "url": "http://hl7.org/fhir/StructureDefinition/implementationguide-page",
              "valueUri": "CodeSystem-clm-mco-pd-sw.html"
            }
          ],
          "example": false,
          "sourceReference": {
            "reference": "CodeSystem/clm-mco-pd-sw"
          }
        },
        {
          "extension": [
            {
              "url": "http://hl7.org/fhir/StructureDefinition/implementationguide-page",
              "valueUri": "CodeSystem-clm-src-ip-admsn-cd.html"
            }
          ],
          "example": false,
          "sourceReference": {
            "reference": "CodeSystem/clm-src-ip-admsn-cd"
          }
        },
        {
          "extension": [
            {
              "url": "http://hl7.org/fhir/StructureDefinition/implementationguide-page",
              "valueUri": "CodeSystem-clm-ip-admsn-type-cd.html"
            }
          ],
          "example": false,
          "sourceReference": {
            "reference": "CodeSystem/clm-ip-admsn-type-cd"
          }
        },
        {
          "extension": [
            {
              "url": "http://hl7.org/fhir/StructureDefinition/implementationguide-page",
              "valueUri": "CodeSystem-nch-ptnt-stus-ind-cd.html"
            }
          ],
          "example": false,
          "sourceReference": {
            "reference": "CodeSystem/nch-ptnt-stus-ind-cd"
          }
        },
        {
          "extension": [
            {
              "url": "http://hl7.org/fhir/StructureDefinition/implementationguide-page",
              "valueUri": "CodeSystem-rev-cntr-ndc-qty-qlfr-cd.html"
            }
          ],
          "example": false,
          "sourceReference": {
            "reference": "CodeSystem/rev-cntr-ndc-qty-qlfr-cd"
          }
        },
        {
          "extension": [
            {
              "url": "http://hl7.org/fhir/StructureDefinition/implementationguide-page",
              "valueUri": "CodeSystem-submsn-clr-cd.html"
            }
          ],
          "example": false,
          "sourceReference": {
            "reference": "CodeSystem/submsn-clr-cd"
          }
        },
        {
          "extension": [
            {
              "url": "http://hl7.org/fhir/StructureDefinition/implementationguide-page",
              "valueUri": "CodeSystem-ptnt-rsdnc-cd.html"
            }
          ],
          "example": false,
          "sourceReference": {
            "reference": "CodeSystem/ptnt-rsdnc-cd"
          }
        },
        {
          "extension": [
            {
              "url": "http://hl7.org/fhir/StructureDefinition/implementationguide-page",
              "valueUri": "CodeSystem-brnd-gnrc-cd.html"
            }
          ],
          "example": false,
          "sourceReference": {
            "reference": "CodeSystem/brnd-gnrc-cd"
          }
        },
        {
          "extension": [
            {
              "url": "http://hl7.org/fhir/StructureDefinition/implementationguide-page",
              "valueUri": "CodeSystem-rx-orgn-cd.html"
            }
          ],
          "example": false,
          "sourceReference": {
            "reference": "CodeSystem/rx-orgn-cd"
          }
        },
        {
          "extension": [
            {
              "url": "http://hl7.org/fhir/StructureDefinition/implementationguide-page",
              "valueUri": "CodeSystem-ctstrphc-cvrg-cd.html"
            }
          ],
          "example": false,
          "sourceReference": {
            "reference": "CodeSystem/ctstrphc-cvrg-cd"
          }
        },
        {
          "extension": [
            {
              "url": "http://hl7.org/fhir/StructureDefinition/implementationguide-page",
              "valueUri": "CodeSystem-prcng-excptn-cd.html"
            }
          ],
          "example": false,
          "sourceReference": {
            "reference": "CodeSystem/prcng-excptn-cd"
          }
        },
        {
          "extension": [
            {
              "url": "http://hl7.org/fhir/StructureDefinition/implementationguide-page",
              "valueUri": "CodeSystem-nstd-frmt-cd.html"
            }
          ],
          "example": false,
          "sourceReference": {
            "reference": "CodeSystem/nstd-frmt-cd"
          }
        },
        {
          "extension": [
            {
              "url": "http://hl7.org/fhir/StructureDefinition/implementationguide-page",
              "valueUri": "CodeSystem-drug-cvrg-stus-cd.html"
            }
          ],
          "example": false,
          "sourceReference": {
            "reference": "CodeSystem/drug-cvrg-stus-cd"
          }
        },
        {
          "extension": [
            {
              "url": "http://hl7.org/fhir/StructureDefinition/implementationguide-page",
              "valueUri": "CodeSystem-dspnsng-stus-cd.html"
            }
          ],
          "example": false,
          "sourceReference": {
            "reference": "CodeSystem/dspnsng-stus-cd"
          }
        },
        {
          "extension": [
            {
              "url": "http://hl7.org/fhir/StructureDefinition/implementationguide-page",
              "valueUri": "CodeSystem-daw-prod-slctn-cd.html"
            }
          ],
          "example": false,
          "sourceReference": {
            "reference": "CodeSystem/daw-prod-slctn-cd"
          }
        },
        {
          "extension": [
            {
              "url": "http://hl7.org/fhir/StructureDefinition/implementationguide-page",
              "valueUri": "CodeSystem-adjstmt-dltn-cd.html"
            }
          ],
          "example": false,
          "sourceReference": {
            "reference": "CodeSystem/adjstmt-dltn-cd"
          }
        },
        {
          "extension": [
            {
              "url": "http://hl7.org/fhir/StructureDefinition/implementationguide-page",
              "valueUri": "CodeSystem-phrmcy-srvc-type-cd.html"
            }
          ],
          "example": false,
          "sourceReference": {
            "reference": "CodeSystem/phrmcy-srvc-type-cd"
          }
        },
        {
          "extension": [
            {
              "url": "http://hl7.org/fhir/StructureDefinition/implementationguide-page",
              "valueUri": "CodeSystem-dmerc-line-supplr-type-cd.html"
            }
          ],
          "example": false,
          "sourceReference": {
            "reference": "CodeSystem/dmerc-line-supplr-type-cd"
          }
        },
        {
          "extension": [
            {
              "url": "http://hl7.org/fhir/StructureDefinition/implementationguide-page",
              "valueUri": "CodeSystem-dmerc-line-prcng-state-cd.html"
            }
          ],
          "example": false,
          "sourceReference": {
            "reference": "CodeSystem/dmerc-line-prcng-state-cd"
          }
        },
        {
          "extension": [
            {
              "url": "http://hl7.org/fhir/StructureDefinition/implementationguide-page",
              "valueUri": "CodeSystem-line-pmt-80-100-cd.html"
            }
          ],
          "example": false,
          "sourceReference": {
            "reference": "CodeSystem/line-pmt-80-100-cd"
          }
        },
        {
          "extension": [
            {
              "url": "http://hl7.org/fhir/StructureDefinition/implementationguide-page",
              "valueUri": "CodeSystem-carr-line-prcng-lclty-cd.html"
            }
          ],
          "example": false,
          "sourceReference": {
            "reference": "CodeSystem/carr-line-prcng-lclty-cd"
          }
        },
        {
          "extension": [
            {
              "url": "http://hl7.org/fhir/StructureDefinition/implementationguide-page",
              "valueUri": "CodeSystem-prvdr-state-cd.html"
            }
          ],
          "example": false,
          "sourceReference": {
            "reference": "CodeSystem/prvdr-state-cd"
          }
        },
        {
          "extension": [
            {
              "url": "http://hl7.org/fhir/StructureDefinition/implementationguide-page",
              "valueUri": "CodeSystem-line-service-deductible.html"
            }
          ],
          "example": false,
          "sourceReference": {
            "reference": "CodeSystem/line-service-deductible"
          }
        },
        {
          "extension": [
            {
              "url": "http://hl7.org/fhir/StructureDefinition/implementationguide-page",
              "valueUri": "CodeSystem-line-bene-prmry-pyr-cd.html"
            }
          ],
          "example": false,
          "sourceReference": {
            "reference": "CodeSystem/line-bene-prmry-pyr-cd"
          }
        },
        {
          "extension": [
            {
              "url": "http://hl7.org/fhir/StructureDefinition/implementationguide-page",
              "valueUri": "CodeSystem-betos-cd.html"
            }
          ],
          "example": false,
          "sourceReference": {
            "reference": "CodeSystem/betos-cd"
          }
        },
        {
          "extension": [
            {
              "url": "http://hl7.org/fhir/StructureDefinition/implementationguide-page",
              "valueUri": "CodeSystem-carr-line-mtus-cd.html"
            }
          ],
          "example": false,
          "sourceReference": {
            "reference": "CodeSystem/carr-line-mtus-cd"
          }
        },
        {
          "extension": [
            {
              "url": "http://hl7.org/fhir/StructureDefinition/implementationguide-page",
              "valueUri": "CodeSystem-prtcptng-ind-cd.html"
            }
          ],
          "example": false,
          "sourceReference": {
            "reference": "CodeSystem/prtcptng-ind-cd"
          }
        },
        {
          "extension": [
            {
              "url": "http://hl7.org/fhir/StructureDefinition/implementationguide-page",
              "valueUri": "CodeSystem-carr-line-prvdr-type-cd.html"
            }
          ],
          "example": false,
          "sourceReference": {
            "reference": "CodeSystem/carr-line-prvdr-type-cd"
          }
        },
        {
          "extension": [
            {
              "url": "http://hl7.org/fhir/StructureDefinition/implementationguide-page",
              "valueUri": "CodeSystem-asgmntcd.html"
            }
          ],
          "example": false,
          "sourceReference": {
            "reference": "CodeSystem/asgmntcd"
          }
        },
        {
          "extension": [
            {
              "url": "http://hl7.org/fhir/StructureDefinition/implementationguide-page",
              "valueUri": "CodeSystem-carr-clm-pmt-dnl-cd.html"
            }
          ],
          "example": false,
          "sourceReference": {
            "reference": "CodeSystem/carr-clm-pmt-dnl-cd"
          }
        },
        {
          "extension": [
            {
              "url": "http://hl7.org/fhir/StructureDefinition/implementationguide-page",
              "valueUri": "CodeSystem-carr-num.html"
            }
          ],
          "example": false,
          "sourceReference": {
            "reference": "CodeSystem/carr-num"
          }
        },
        {
          "extension": [
            {
              "url": "http://hl7.org/fhir/StructureDefinition/implementationguide-page",
              "valueUri": "CodeSystem-rev-cntr-ddctbl-coinsrnc-cd.html"
            }
          ],
          "example": false,
          "sourceReference": {
            "reference": "CodeSystem/rev-cntr-ddctbl-coinsrnc-cd"
          }
        },
        {
          "extension": [
            {
              "url": "http://hl7.org/fhir/StructureDefinition/implementationguide-page",
              "valueUri": "CodeSystem-clm-poa-ind-sw1.html"
            }
          ],
          "example": false,
          "sourceReference": {
            "reference": "CodeSystem/clm-poa-ind-sw1"
          }
        },
        {
          "extension": [
            {
              "url": "http://hl7.org/fhir/StructureDefinition/implementationguide-page",
              "valueUri": "CodeSystem-rev-cntr-stus-ind-cd.html"
            }
          ],
          "example": false,
          "sourceReference": {
            "reference": "CodeSystem/rev-cntr-stus-ind-cd"
          }
        },
        {
          "extension": [
            {
              "url": "http://hl7.org/fhir/StructureDefinition/implementationguide-page",
              "valueUri": "CodeSystem-clm-fac-type-cd.html"
            }
          ],
          "example": false,
          "sourceReference": {
            "reference": "CodeSystem/clm-fac-type-cd"
          }
        },
        {
          "extension": [
            {
              "url": "http://hl7.org/fhir/StructureDefinition/implementationguide-page",
              "valueUri": "CodeSystem-claim-query-cd.html"
            }
          ],
          "example": false,
          "sourceReference": {
            "reference": "CodeSystem/claim-query-cd"
          }
        },
        {
          "extension": [
            {
              "url": "http://hl7.org/fhir/StructureDefinition/implementationguide-page",
              "valueUri": "CodeSystem-clm-mdcr-non-pmt-rsn-cd.html"
            }
          ],
          "example": false,
          "sourceReference": {
            "reference": "CodeSystem/clm-mdcr-non-pmt-rsn-cd"
          }
        },
        {
          "extension": [
            {
              "url": "http://hl7.org/fhir/StructureDefinition/implementationguide-page",
              "valueUri": "CodeSystem-information-categories.html"
            }
          ],
          "example": false,
          "sourceReference": {
            "reference": "CodeSystem/information-categories"
          }
        },
        {
          "extension": [
            {
              "url": "http://hl7.org/fhir/StructureDefinition/implementationguide-page",
              "valueUri": "CodeSystem-plan-cntrct-rec-id.html"
            }
          ],
          "example": false,
          "sourceReference": {
            "reference": "CodeSystem/plan-cntrct-rec-id"
          }
        },
        {
          "extension": [
            {
              "url": "http://hl7.org/fhir/StructureDefinition/implementationguide-page",
              "valueUri": "CodeSystem-race.html"
            }
          ],
          "example": false,
          "sourceReference": {
            "reference": "CodeSystem/race"
          }
        },
        {
          "extension": [
            {
              "url": "http://hl7.org/fhir/StructureDefinition/implementationguide-page",
              "valueUri": "CodeSystem-gndr-cd.html"
            }
          ],
          "example": false,
          "sourceReference": {
            "reference": "CodeSystem/gndr-cd"
          }
        },
        {
          "example": true,
          "sourceReference": {
            "reference": "ExplanationOfBenefit/part-d-event-example"
          }
        },
        {
          "extension": [
            {
              "url": "http://hl7.org/fhir/StructureDefinition/implementationguide-page",
              "valueUri": "StructureDefinition-bluebutton-dme-prpayamt-extension.html"
            }
          ],
          "example": false,
          "sourceReference": {
            "reference": "StructureDefinition/bluebutton-dme-prpayamt-extension"
          }
        },
        {
          "extension": [
            {
              "url": "http://hl7.org/fhir/StructureDefinition/implementationguide-page",
              "valueUri": "StructureDefinition-bluebutton-dme-carr-num-extension.html"
            }
          ],
          "example": false,
          "sourceReference": {
            "reference": "StructureDefinition/bluebutton-dme-carr-num-extension"
          }
        },
        {
          "extension": [
            {
              "url": "http://hl7.org/fhir/StructureDefinition/implementationguide-page",
              "valueUri": "StructureDefinition-bluebutton-dme-carr-clm-pmt-dnl-cd-extension.html"
            }
          ],
          "example": false,
          "sourceReference": {
            "reference": "StructureDefinition/bluebutton-dme-carr-clm-pmt-dnl-cd-extension"
          }
        },
        {
          "extension": [
            {
              "url": "http://hl7.org/fhir/StructureDefinition/implementationguide-page",
              "valueUri": "StructureDefinition-bluebutton-dme-asgmntcd-extension.html"
            }
          ],
          "example": false,
          "sourceReference": {
            "reference": "StructureDefinition/bluebutton-dme-asgmntcd-extension"
          }
        },
        {
          "extension": [
            {
              "url": "http://hl7.org/fhir/StructureDefinition/implementationguide-page",
              "valueUri": "StructureDefinition-bluebutton-dme-clm-clncl-tril-num-extension.html"
            }
          ],
          "example": false,
          "sourceReference": {
            "reference": "StructureDefinition/bluebutton-dme-clm-clncl-tril-num-extension"
          }
        },
        {
          "extension": [
            {
              "url": "http://hl7.org/fhir/StructureDefinition/implementationguide-page",
              "valueUri": "StructureDefinition-bluebutton-dme-carr-clm-cash-ddctbl-apld-amt-extension.html"
            }
          ],
          "example": false,
          "sourceReference": {
            "reference": "StructureDefinition/bluebutton-dme-carr-clm-cash-ddctbl-apld-amt-extension"
          }
        },
        {
          "extension": [
            {
              "url": "http://hl7.org/fhir/StructureDefinition/implementationguide-page",
              "valueUri": "StructureDefinition-bluebutton-dme-nch-clm-prvdr-pmt-amt-extension.html"
            }
          ],
          "example": false,
          "sourceReference": {
            "reference": "StructureDefinition/bluebutton-dme-nch-clm-prvdr-pmt-amt-extension"
          }
        },
        {
          "extension": [
            {
              "url": "http://hl7.org/fhir/StructureDefinition/implementationguide-page",
              "valueUri": "StructureDefinition-bluebutton-dme-nch-clm-bene-pmt-amt-extension.html"
            }
          ],
          "example": false,
          "sourceReference": {
            "reference": "StructureDefinition/bluebutton-dme-nch-clm-bene-pmt-amt-extension"
          }
        },
        {
          "extension": [
            {
              "url": "http://hl7.org/fhir/StructureDefinition/implementationguide-page",
              "valueUri": "StructureDefinition-bluebutton-dme-nch-carr-clm-sbmtd-chrg-amt-extension.html"
            }
          ],
          "example": false,
          "sourceReference": {
            "reference": "StructureDefinition/bluebutton-dme-nch-carr-clm-sbmtd-chrg-amt-extension"
          }
        },
        {
          "extension": [
            {
              "url": "http://hl7.org/fhir/StructureDefinition/implementationguide-page",
              "valueUri": "StructureDefinition-bluebutton-dme-nch-carr-clm-alowd-amt-extension.html"
            }
          ],
          "example": false,
          "sourceReference": {
            "reference": "StructureDefinition/bluebutton-dme-nch-carr-clm-alowd-amt-extension"
          }
        },
        {
          "extension": [
            {
              "url": "http://hl7.org/fhir/StructureDefinition/implementationguide-page",
              "valueUri": "StructureDefinition-bluebutton-dme-prtcptng-ind-cd-extension.html"
            }
          ],
          "example": false,
          "sourceReference": {
            "reference": "StructureDefinition/bluebutton-dme-prtcptng-ind-cd-extension"
          }
        },
        {
          "extension": [
            {
              "url": "http://hl7.org/fhir/StructureDefinition/implementationguide-page",
              "valueUri": "StructureDefinition-bluebutton-dme-suplrnum-extension.html"
            }
          ],
          "example": false,
          "sourceReference": {
            "reference": "StructureDefinition/bluebutton-dme-suplrnum-extension"
          }
        },
        {
          "extension": [
            {
              "url": "http://hl7.org/fhir/StructureDefinition/implementationguide-page",
              "valueUri": "StructureDefinition-bluebutton-dme-dmerc-line-scrn-svgs-amt-extension.html"
            }
          ],
          "example": false,
          "sourceReference": {
            "reference": "StructureDefinition/bluebutton-dme-dmerc-line-scrn-svgs-amt-extension"
          }
        },
        {
          "extension": [
            {
              "url": "http://hl7.org/fhir/StructureDefinition/implementationguide-page",
              "valueUri": "StructureDefinition-bluebutton-dme-dmerc-line-mtus-cnt-extension.html"
            }
          ],
          "example": false,
          "sourceReference": {
            "reference": "StructureDefinition/bluebutton-dme-dmerc-line-mtus-cnt-extension"
          }
        },
        {
          "extension": [
            {
              "url": "http://hl7.org/fhir/StructureDefinition/implementationguide-page",
              "valueUri": "StructureDefinition-bluebutton-dme-betos-cd-extension.html"
            }
          ],
          "example": false,
          "sourceReference": {
            "reference": "StructureDefinition/bluebutton-dme-betos-cd-extension"
          }
        },
        {
          "extension": [
            {
              "url": "http://hl7.org/fhir/StructureDefinition/implementationguide-page",
              "valueUri": "StructureDefinition-bluebutton-dme-line-bene-prmry-pyr-cd-extension.html"
            }
          ],
          "example": false,
          "sourceReference": {
            "reference": "StructureDefinition/bluebutton-dme-line-bene-prmry-pyr-cd-extension"
          }
        },
        {
          "extension": [
            {
              "url": "http://hl7.org/fhir/StructureDefinition/implementationguide-page",
              "valueUri": "StructureDefinition-bluebutton-dme-line-service-deductible-extension.html"
            }
          ],
          "example": false,
          "sourceReference": {
            "reference": "StructureDefinition/bluebutton-dme-line-service-deductible-extension"
          }
        },
        {
          "extension": [
            {
              "url": "http://hl7.org/fhir/StructureDefinition/implementationguide-page",
              "valueUri": "StructureDefinition-bluebutton-dme-line-hct-hgb-rslt-num-extension.html"
            }
          ],
          "example": false,
          "sourceReference": {
            "reference": "StructureDefinition/bluebutton-dme-line-hct-hgb-rslt-num-extension"
          }
        },
        {
          "extension": [
            {
              "url": "http://hl7.org/fhir/StructureDefinition/implementationguide-page",
              "valueUri": "StructureDefinition-bluebutton-dme-ndc-extension.html"
            }
          ],
          "example": false,
          "sourceReference": {
            "reference": "StructureDefinition/bluebutton-dme-ndc-extension"
          }
        },
        {
          "extension": [
            {
              "url": "http://hl7.org/fhir/StructureDefinition/implementationguide-page",
              "valueUri": "StructureDefinition-bluebutton-dme-prvdr-state-cd-extension.html"
            }
          ],
          "example": false,
          "sourceReference": {
            "reference": "StructureDefinition/bluebutton-dme-prvdr-state-cd-extension"
          }
        },
        {
          "extension": [
            {
              "url": "http://hl7.org/fhir/StructureDefinition/implementationguide-page",
              "valueUri": "StructureDefinition-bluebutton-dme-dmerc-line-prcng-state-cd-extension.html"
            }
          ],
          "example": false,
          "sourceReference": {
            "reference": "StructureDefinition/bluebutton-dme-dmerc-line-prcng-state-cd-extension"
          }
        },
        {
          "extension": [
            {
              "url": "http://hl7.org/fhir/StructureDefinition/implementationguide-page",
              "valueUri": "StructureDefinition-bluebutton-dme-dmerc-line-supplr-type-cd-extension.html"
            }
          ],
          "example": false,
          "sourceReference": {
            "reference": "StructureDefinition/bluebutton-dme-dmerc-line-supplr-type-cd-extension"
          }
        },
        {
          "extension": [
            {
              "url": "http://hl7.org/fhir/StructureDefinition/implementationguide-page",
              "valueUri": "StructureDefinition-bluebutton-dme-line-pmt-80-100-cd-extension.html"
            }
          ],
          "example": false,
          "sourceReference": {
            "reference": "StructureDefinition/bluebutton-dme-line-pmt-80-100-cd-extension"
          }
        },
        {
          "extension": [
            {
              "url": "http://hl7.org/fhir/StructureDefinition/implementationguide-page",
              "valueUri": "StructureDefinition-bluebutton-hospice-clm-mdcr-non-pmt-rsn-cd-extension.html"
            }
          ],
          "example": false,
          "sourceReference": {
            "reference": "StructureDefinition/bluebutton-hospice-clm-mdcr-non-pmt-rsn-cd-extension"
          }
        },
        {
          "extension": [
            {
              "url": "http://hl7.org/fhir/StructureDefinition/implementationguide-page",
              "valueUri": "StructureDefinition-bluebutton-hospice-prpayamt-extension.html"
            }
          ],
          "example": false,
          "sourceReference": {
            "reference": "StructureDefinition/bluebutton-hospice-prpayamt-extension"
          }
        },
        {
          "extension": [
            {
              "url": "http://hl7.org/fhir/StructureDefinition/implementationguide-page",
              "valueUri": "StructureDefinition-bluebutton-hospice-fi-num-extension.html"
            }
          ],
          "example": false,
          "sourceReference": {
            "reference": "StructureDefinition/bluebutton-hospice-fi-num-extension"
          }
        },
        {
          "extension": [
            {
              "url": "http://hl7.org/fhir/StructureDefinition/implementationguide-page",
              "valueUri": "StructureDefinition-bluebutton-hospice-clm-fac-type-cd-extension.html"
            }
          ],
          "example": false,
          "sourceReference": {
            "reference": "StructureDefinition/bluebutton-hospice-clm-fac-type-cd-extension"
          }
        },
        {
          "extension": [
            {
              "url": "http://hl7.org/fhir/StructureDefinition/implementationguide-page",
              "valueUri": "StructureDefinition-bluebutton-hospice-bene-hospc-prd-cnt-extension.html"
            }
          ],
          "example": false,
          "sourceReference": {
            "reference": "StructureDefinition/bluebutton-hospice-bene-hospc-prd-cnt-extension"
          }
        },
        {
          "extension": [
            {
              "url": "http://hl7.org/fhir/StructureDefinition/implementationguide-page",
              "valueUri": "StructureDefinition-bluebutton-hospice-rev-cntr-ndc-qty-extension.html"
            }
          ],
          "example": false,
          "sourceReference": {
            "reference": "StructureDefinition/bluebutton-hospice-rev-cntr-ndc-qty-extension"
          }
        },
        {
          "extension": [
            {
              "url": "http://hl7.org/fhir/StructureDefinition/implementationguide-page",
              "valueUri": "StructureDefinition-bluebutton-hospice-rev-cntr-ddctbl-coinsrnc-cd-extension.html"
            }
          ],
          "example": false,
          "sourceReference": {
            "reference": "StructureDefinition/bluebutton-hospice-rev-cntr-ddctbl-coinsrnc-cd-extension"
          }
        },
        {
          "extension": [
            {
              "url": "http://hl7.org/fhir/StructureDefinition/implementationguide-page",
              "valueUri": "StructureDefinition-bluebutton-hha-clm-mdcr-non-pmt-rsn-cd-extension.html"
            }
          ],
          "example": false,
          "sourceReference": {
            "reference": "StructureDefinition/bluebutton-hha-clm-mdcr-non-pmt-rsn-cd-extension"
          }
        },
        {
          "extension": [
            {
              "url": "http://hl7.org/fhir/StructureDefinition/implementationguide-page",
              "valueUri": "StructureDefinition-bluebutton-hha-prpayamt-extension.html"
            }
          ],
          "example": false,
          "sourceReference": {
            "reference": "StructureDefinition/bluebutton-hha-prpayamt-extension"
          }
        },
        {
          "extension": [
            {
              "url": "http://hl7.org/fhir/StructureDefinition/implementationguide-page",
              "valueUri": "StructureDefinition-bluebutton-hha-fi-num-extension.html"
            }
          ],
          "example": false,
          "sourceReference": {
            "reference": "StructureDefinition/bluebutton-hha-fi-num-extension"
          }
        },
        {
          "extension": [
            {
              "url": "http://hl7.org/fhir/StructureDefinition/implementationguide-page",
              "valueUri": "StructureDefinition-bluebutton-hha-clm-fac-type-cd-extension.html"
            }
          ],
          "example": false,
          "sourceReference": {
            "reference": "StructureDefinition/bluebutton-hha-clm-fac-type-cd-extension"
          }
        },
        {
          "extension": [
            {
              "url": "http://hl7.org/fhir/StructureDefinition/implementationguide-page",
              "valueUri": "StructureDefinition-bluebutton-hha-rev-cntr-stus-ind-cd-extension.html"
            }
          ],
          "example": false,
          "sourceReference": {
            "reference": "StructureDefinition/bluebutton-hha-rev-cntr-stus-ind-cd-extension"
          }
        },
        {
          "extension": [
            {
              "url": "http://hl7.org/fhir/StructureDefinition/implementationguide-page",
              "valueUri": "StructureDefinition-bluebutton-hha-rev-cntr-ndc-qty-extension.html"
            }
          ],
          "example": false,
          "sourceReference": {
            "reference": "StructureDefinition/bluebutton-hha-rev-cntr-ndc-qty-extension"
          }
        },
        {
          "extension": [
            {
              "url": "http://hl7.org/fhir/StructureDefinition/implementationguide-page",
              "valueUri": "StructureDefinition-bluebutton-hha-rev-cntr-ddctbl-coinsrnc-cd-extension.html"
            }
          ],
          "example": false,
          "sourceReference": {
            "reference": "StructureDefinition/bluebutton-hha-rev-cntr-ddctbl-coinsrnc-cd-extension"
          }
        }
      ]
    }
  ],
  "page": {
    "source": "index.html",
    "title": "Blue Button Homepage",
    "kind": "page",
    "page": [
      {
        "source": "_includes/toc.md",
        "title": "Blue Button Table of Contents",
        "kind": "page"
      }
    ]
  }
}