{
  "resourceType": "ValueSet",
  "id": "ptnt-rsdnc-cd",
  "text": {
    "status": "generated",
    "div": "<div xmlns=\"http://www.w3.org/1999/xhtml\"><h2>Patient Residence Code</h2><div><p>This variable indicates where the beneficiary lived when the prescription was filled, as reported on the PDE record. Source: https://bluebutton.cms.gov/resources/variables/ptnt<em>rsdnc</em>cd</p>\n</div><p>This value set includes codes from the following code systems:</p><ul><li>Include all codes defined in <a href=\"CodeSystem/ptnt-rsdnc-cd.html\"><code>http://hl7.org/fhir/CodeSystem/ptnt-rsdnc-cd</code></a></li></ul></div>"
  },
  "url": "http://hl7.org/fhir/ValueSet/ptnt-rsdnc-cd",
  "version": "1.1.1",
  "name": "Patient Residence Code",
  "status": "draft",
  "date": "2018-11-27T15:56:35+00:00",
  "description": "This variable indicates where the beneficiary lived when the prescription was filled, as reported on the PDE record. Source: https://bluebutton.cms.gov/resources/variables/ptnt_rsdnc_cd",
  "compose": {
    "include": [
      {
        "system": "http://hl7.org/fhir/CodeSystem/ptnt-rsdnc-cd"
      }
    ]
  }
}