{
  "resourceType": "ValueSet",
  "id": "dspnsng-stus-cd",
  "text": {
    "status": "generated",
    "div": "<div xmlns=\"http://www.w3.org/1999/xhtml\"><h2>Dispensing Status Code</h2><div><p>This field indicates how the pharmacy dispensed the complete quantity of the prescription. When the pharmacy partially fills a prescription, this field indicates a partial fill. When the full quantity is dispensed at one time, this field is blank. Source: https://bluebutton.cms.gov/resources/variables/dspnsng<em>stus</em>cd</p>\n</div><p>This value set includes codes from the following code systems:</p><ul><li>Include all codes defined in <a href=\"CodeSystem/dspnsng-stus-cd.html\"><code>http://hl7.org/fhir/CodeSystem/dspnsng-stus-cd</code></a></li></ul></div>"
  },
  "url": "http://hl7.org/fhir/ValueSet/dspnsng-stus-cd",
  "version": "1.1.1",
  "name": "Dispensing Status Code",
  "status": "draft",
  "date": "2018-11-27T15:56:35+00:00",
  "description": "This field indicates how the pharmacy dispensed the complete quantity of the prescription. When the pharmacy partially fills a prescription, this field indicates a partial fill. When the full quantity is dispensed at one time, this field is blank. Source: https://bluebutton.cms.gov/resources/variables/dspnsng_stus_cd",
  "compose": {
    "include": [
      {
        "system": "http://hl7.org/fhir/CodeSystem/dspnsng-stus-cd"
      }
    ]
  }
}