{
  "resourceType": "ValueSet",
  "id": "dmerc-line-supplr-type-cd",
  "text": {
    "status": "generated",
    "div": "<div xmlns=\"http://www.w3.org/1999/xhtml\"><h2>DMERC Line Supplier Type Code</h2><div><p>The type of DMERC supplier. Source: https://bluebutton.cms.gov/resources/variables/dmerc<em>line</em>supplr<em>type</em>cd</p>\n</div><p>This value set includes codes from the following code systems:</p><ul><li>Include all codes defined in <a href=\"CodeSystem/dmerc-line-supplr-type-cd.html\"><code>http://hl7.org/fhir/CodeSystem/dmerc-line-supplr-type-cd</code></a></li></ul></div>"
  },
  "url": "http://hl7.org/fhir/ValueSet/dmerc-line-supplr-type-cd",
  "version": "1.1.0",
  "name": "DMERC Line Supplier Type Code",
  "status": "draft",
  "date": "2018-05-07T14:45:05+00:00",
  "description": "The type of DMERC supplier. Source: https://bluebutton.cms.gov/resources/variables/dmerc_line_supplr_type_cd",
  "compose": {
    "include": [
      {
        "system": "http://hl7.org/fhir/CodeSystem/dmerc-line-supplr-type-cd"
      }
    ]
  }
}