{
  "resourceType": "ValueSet",
  "id": "information-categories",
  "text": {
    "status": "generated",
    "div": "<div xmlns=\"http://www.w3.org/1999/xhtml\"><h2>Information Categories</h2><div><p>Information Categories</p>\n</div><p>This value set includes codes from the following code systems:</p><ul><li>Include all codes defined in <a href=\"CodeSystem/information-categories.html\"><code>http://hl7.org/fhir/CodeSystem/information-categories</code></a></li></ul></div>"
  },
  "url": "http://hl7.org/fhir/ValueSet/information-categories",
  "version": "1.1.0",
  "name": "Information Categories",
  "status": "draft",
  "date": "2018-05-31T14:39:32+00:00",
  "description": "Information Categories",
  "compose": {
    "include": [
      {
        "system": "http://hl7.org/fhir/CodeSystem/information-categories"
      }
    ]
  }
}