{
  "resourceType": "ValueSet",
  "id": "rev-cntr-ndc-qty-qlfr-cd",
  "text": {
    "status": "generated",
    "div": "<div xmlns=\"http://www.w3.org/1999/xhtml\"><h2>Revenue Center NDC Quantity Qualifier Code</h2><div><p>Effective with Version 'J', the code used to indicate the unit of measurement for the drug that was administered. Source: https://bluebutton.cms.gov/resources/variables/rev<em>cntr</em>ndc<em>qty</em>qlfr_cd</p>\n</div><p>This value set includes codes from the following code systems:</p><ul><li>Include all codes defined in <a href=\"CodeSystem/rev-cntr-ndc-qty-qlfr-cd.html\"><code>http://hl7.org/fhir/CodeSystem/rev-cntr-ndc-qty-qlfr-cd</code></a></li></ul></div>"
  },
  "url": "http://hl7.org/fhir/ValueSet/rev-cntr-ndc-qty-qlfr-cd",
  "version": "1.1.1",
  "name": "Revenue Center NDC Quantity Qualifier Code",
  "status": "draft",
  "date": "2018-11-27T15:56:35+00:00",
  "description": "Effective with Version 'J', the code used to indicate the unit of measurement for the drug that was administered. Source: https://bluebutton.cms.gov/resources/variables/rev_cntr_ndc_qty_qlfr_cd",
  "compose": {
    "include": [
      {
        "system": "http://hl7.org/fhir/CodeSystem/rev-cntr-ndc-qty-qlfr-cd"
      }
    ]
  }
}