{
  "resourceType": "ValueSet",
  "id": "adjstmt-dltn-cd",
  "text": {
    "status": "generated",
    "div": "<div xmlns=\"http://www.w3.org/1999/xhtml\"><h2>Adjustment Deletion Code</h2><div><p>This field distinguishes original from adjusted or deleted PDE records so CMS can adjust claims and make accurate payment for revised PDE records. Source: https://bluebutton.cms.gov/resources/variables/adjstmt<em>dltn</em>cd</p>\n</div><p>This value set includes codes from the following code systems:</p><ul><li>Include all codes defined in <a href=\"CodeSystem/adjstmt-dltn-cd.html\"><code>http://hl7.org/fhir/CodeSystem/adjstmt-dltn-cd</code></a></li></ul></div>"
  },
  "url": "http://hl7.org/fhir/ValueSet/adjstmt-dltn-cd",
  "version": "1.1.0",
  "name": "Adjustment Deletion Code",
  "status": "draft",
  "date": "2018-05-07T14:45:05+00:00",
  "description": "This field distinguishes original from adjusted or deleted PDE records so CMS can adjust claims and make accurate payment for revised PDE records. Source: https://bluebutton.cms.gov/resources/variables/adjstmt_dltn_cd",
  "compose": {
    "include": [
      {
        "system": "http://hl7.org/fhir/CodeSystem/adjstmt-dltn-cd"
      }
    ]
  }
}