{
  "resourceType": "ValueSet",
  "id": "clm-hha-rfrl-cd",
  "text": {
    "status": "generated",
    "div": "<div xmlns=\"http://www.w3.org/1999/xhtml\"><h2>Claim HHA Referral Code</h2><div><p>Effective with Version 'I', the code used to identify the means by which the beneficiary was referred for Home Health services. Source: https://bluebutton.cms.gov/resources/variables/clm<em>hha</em>rfrl_cd</p>\n</div><p>This value set includes codes from the following code systems:</p><ul><li>Include all codes defined in <a href=\"CodeSystem/clm-hha-rfrl-cd.html\"><code>http://hl7.org/fhir/CodeSystem/clm-hha-rfrl-cd</code></a></li></ul></div>"
  },
  "url": "http://hl7.org/fhir/ValueSet/clm-hha-rfrl-cd",
  "version": "1.1.1",
  "name": "Claim HHA Referral Code",
  "status": "draft",
  "date": "2018-11-27T15:56:35+00:00",
  "description": "Effective with Version 'I', the code used to identify the means by which the beneficiary was referred for Home Health services. Source: https://bluebutton.cms.gov/resources/variables/clm_hha_rfrl_cd",
  "compose": {
    "include": [
      {
        "system": "http://hl7.org/fhir/CodeSystem/clm-hha-rfrl-cd"
      }
    ]
  }
}