{
  "resourceType": "ValueSet",
  "id": "rx-orgn-cd",
  "text": {
    "status": "generated",
    "div": "<div xmlns=\"http://www.w3.org/1999/xhtml\"><h2>Prescription Origination Code</h2><div><p>This variable indicates whether the prescription was transmitted as an electronic prescription, by phone, by fax, or as a written paper copy. Source: https://bluebutton.cms.gov/resources/variables/rx<em>orgn</em>cd</p>\n</div><p>This value set includes codes from the following code systems:</p><ul><li>Include all codes defined in <a href=\"CodeSystem/rx-orgn-cd.html\"><code>http://hl7.org/fhir/CodeSystem/rx-orgn-cd</code></a></li></ul></div>"
  },
  "url": "http://hl7.org/fhir/ValueSet/rx-orgn-cd",
  "version": "1.1.0",
  "name": "Prescription Origination Code",
  "status": "draft",
  "date": "2018-05-31T14:39:32+00:00",
  "description": "This variable indicates whether the prescription was transmitted as an electronic prescription, by phone, by fax, or as a written paper copy. Source: https://bluebutton.cms.gov/resources/variables/rx_orgn_cd",
  "compose": {
    "include": [
      {
        "system": "http://hl7.org/fhir/CodeSystem/rx-orgn-cd"
      }
    ]
  }
}