{
  "resourceType": "ValueSet",
  "id": "nstd-frmt-cd",
  "text": {
    "status": "generated",
    "div": "<div xmlns=\"http://www.w3.org/1999/xhtml\"><h2>Non-Standard Format Code</h2><div><p>This data element is used by CMS to identify PDE records that are compiled from non-standard sources. The National Council for Prescription Drug Program (NCPDP) is the standard format in which plans receive data from pharmacies. Source: https://bluebutton.cms.gov/resources/variables/nstd<em>frmt</em>cd</p>\n</div><p>This value set includes codes from the following code systems:</p><ul><li>Include all codes defined in <a href=\"CodeSystem/nstd-frmt-cd.html\"><code>http://hl7.org/fhir/CodeSystem/nstd-frmt-cd</code></a></li></ul></div>"
  },
  "url": "http://hl7.org/fhir/ValueSet/nstd-frmt-cd",
  "version": "1.1.0",
  "name": "Non-Standard Format Code",
  "status": "draft",
  "date": "2018-05-07T14:45:05+00:00",
  "description": "This data element is used by CMS to identify PDE records that are compiled from non-standard sources. The National Council for Prescription Drug Program (NCPDP) is the standard format in which plans receive data from pharmacies. Source: https://bluebutton.cms.gov/resources/variables/nstd_frmt_cd",
  "compose": {
    "include": [
      {
        "system": "http://hl7.org/fhir/CodeSystem/nstd-frmt-cd"
      }
    ]
  }
}