{
  "resourceType": "ValueSet",
  "id": "prvdr-state-cd",
  "text": {
    "status": "generated",
    "div": "<div xmlns=\"http://www.w3.org/1999/xhtml\"><h2>NCH Provider SSA State Code</h2><div><p>The two -digit numeric social security administration (SSA) state code where provider or facility is located. Source: https://bluebutton.cms.gov/resources/variables/prvdr<em>state</em>cd</p>\n</div><p>This value set includes codes from the following code systems:</p><ul><li>Include all codes defined in <a href=\"CodeSystem/prvdr-state-cd.html\"><code>http://hl7.org/fhir/CodeSystem/prvdr-state-cd</code></a></li></ul></div>"
  },
  "url": "http://hl7.org/fhir/ValueSet/prvdr-state-cd",
  "version": "1.1.0",
  "name": "NCH Provider SSA State Code",
  "status": "draft",
  "date": "2018-05-31T14:39:32+00:00",
  "description": "The two -digit numeric social security administration (SSA) state code where provider or facility is located. Source: https://bluebutton.cms.gov/resources/variables/prvdr_state_cd",
  "compose": {
    "include": [
      {
        "system": "http://hl7.org/fhir/CodeSystem/prvdr-state-cd"
      }
    ]
  }
}