{
  "resourceType": "ValueSet",
  "id": "ctstrphc-cvrg-cd",
  "text": {
    "status": "generated",
    "div": "<div xmlns=\"http://www.w3.org/1999/xhtml\"><h2>Catastrophic Coverage Code</h2><div><p>This variable indicates whether the PDE occurred within the catastrophic benefit phase of the Medicare Part D benefit, according to the source PDE. When the value equals C (above attachment point), then the PDE is in the catastrophic phase. When the value equals A (attachment point), the PDE has caused the beneficiary to move into the catastrophic phase (i.e., this is the “triggering” PDE). Source: https://bluebutton.cms.gov/resources/variables/ctstrphc<em>cvrg</em>cd</p>\n</div><p>This value set includes codes from the following code systems:</p><ul><li>Include all codes defined in <a href=\"CodeSystem/ctstrphc-cvrg-cd.html\"><code>http://hl7.org/fhir/CodeSystem/ctstrphc-cvrg-cd</code></a></li></ul></div>"
  },
  "url": "http://hl7.org/fhir/ValueSet/ctstrphc-cvrg-cd",
  "version": "1.1.1",
  "name": "Catastrophic Coverage Code",
  "status": "draft",
  "date": "2018-11-27T15:56:35+00:00",
  "description": "This variable indicates whether the PDE occurred within the catastrophic benefit phase of the Medicare Part D benefit, according to the source PDE. When the value equals C (above attachment point), then the PDE is in the catastrophic phase. When the value equals A (attachment point), the PDE has caused the beneficiary to move into the catastrophic phase (i.e., this is the “triggering” PDE). Source: https://bluebutton.cms.gov/resources/variables/ctstrphc_cvrg_cd",
  "compose": {
    "include": [
      {
        "system": "http://hl7.org/fhir/CodeSystem/ctstrphc-cvrg-cd"
      }
    ]
  }
}