{
  "resourceType": "ValueSet",
  "id": "ptnt-dschrg-stus-cd",
  "text": {
    "status": "generated",
    "div": "<div xmlns=\"http://www.w3.org/1999/xhtml\"><h2>Patient Discharge Status Code</h2><div><p>The code used to identify the status of the patient as of the CLM<em>THRU</em>DT. Source: https://bluebutton.cms.gov/resources/variables/ptnt<em>dschrg</em>stus_cd</p>\n</div><p>This value set includes codes from the following code systems:</p><ul><li>Include all codes defined in <a href=\"CodeSystem/ptnt-dschrg-stus-cd.html\"><code>http://hl7.org/fhir/CodeSystem/ptnt-dschrg-stus-cd</code></a></li></ul></div>"
  },
  "url": "http://hl7.org/fhir/ValueSet/ptnt-dschrg-stus-cd",
  "version": "1.1.1",
  "name": "Patient Discharge Status Code",
  "status": "draft",
  "date": "2018-11-27T15:56:35+00:00",
  "description": "The code used to identify the status of the patient as of the CLM_THRU_DT. Source: https://bluebutton.cms.gov/resources/variables/ptnt_dschrg_stus_cd",
  "compose": {
    "include": [
      {
        "system": "http://hl7.org/fhir/CodeSystem/ptnt-dschrg-stus-cd"
      }
    ]
  }
}